checkpoint,env,dataset_id,train_seed,suite,n_nominal,n_perturbed,nominal_score,perturbed_score,nominal_sd,perturbed_sd,ratio_valid,srr,worst_case_retention,failure_rate_50,worst_case_retention_nominal,failure_rate_50_nominal,algorithm
AWAC-G1JoystickFlatTerrain-169a81e8,G1JoystickFlatTerrain,playground/g1-joystick-direction/medium-v0,1,humanoid_gym_relative_v2,100,100,0.35013529675081373,0.2463518277183175,0.18741893537591403,0.17445601575700959,True,0.7035903835015028,0.06542563670034823,35.0,0.28484083630945795,19.0,AWAC
AWAC-G1JoystickFlatTerrain-38988b75,G1JoystickFlatTerrain,playground/g1-joystick-direction/medium-replay-v0,2,humanoid_gym_relative_v2,100,100,0.1772175370110199,0.12345501151052303,0.13315365349293973,0.11288823675529819,True,0.6966297669673981,-0.02391246438351396,47.0,0.11915231205813294,32.0,AWAC
AWAC-G1JoystickFlatTerrain-39ab80d3,G1JoystickFlatTerrain,playground/g1-joystick-direction/expert-v0,0,humanoid_gym_relative_v2,100,100,0.7643332132697105,0.4110042177885771,0.259494741685736,0.31621537719728926,True,0.5377291090496494,-0.018596432034158283,54.0,0.35002103226124276,11.0,AWAC
AWAC-G1JoystickFlatTerrain-3a6dd793,G1JoystickFlatTerrain,playground/g1-joystick-direction/expert-v0,2,humanoid_gym_relative_v2,100,100,0.7598109599202871,0.41985446521110137,0.27337406052002783,0.33228398982039986,True,0.5525775322524288,-0.026953705720868294,52.0,0.2684486326122795,14.000000000000002,AWAC
AWAC-G1JoystickFlatTerrain-5c2eea7b,G1JoystickFlatTerrain,playground/g1-joystick-direction/medium-replay-v0,1,humanoid_gym_relative_v2,100,100,0.17729670788394286,0.11099003076786175,0.13701223911249893,0.11684848842356,True,0.6260129254092807,-0.28855907041309453,48.0,0.1745049624476001,31.0,AWAC
AWAC-G1JoystickFlatTerrain-9d141a95,G1JoystickFlatTerrain,playground/g1-joystick-direction/medium-expert-v0,2,humanoid_gym_relative_v2,100,100,0.6164494006149471,0.3186592495816876,0.28068791803688,0.2677931446808475,True,0.5169268544406158,-0.031242038473133196,55.00000000000001,0.3411013017634534,12.0,AWAC
AWAC-G1JoystickFlatTerrain-a20f5675,G1JoystickFlatTerrain,playground/g1-joystick-direction/medium-expert-v0,0,humanoid_gym_relative_v2,100,100,0.6641811044700444,0.3815724483837039,0.283214629099651,0.3093397500975382,True,0.5745006080655722,-0.014094864636047548,50.0,0.30359425642260374,13.0,AWAC
AWAC-G1JoystickFlatTerrain-cc3fece6,G1JoystickFlatTerrain,playground/g1-joystick-direction/medium-expert-v0,1,humanoid_gym_relative_v2,100,100,0.07731160720111802,0.047873468476173,0.11042255242438503,0.07987423197519032,True,0.6192274382763148,-0.8776589391473419,51.0,-1.362265470776243,41.0,AWAC
AWAC-G1JoystickFlatTerrain-e4d227ee,G1JoystickFlatTerrain,playground/g1-joystick-direction/medium-v0,0,humanoid_gym_relative_v2,100,100,0.3559319090470672,0.2355078087281436,0.19333465895693594,0.17299875126737285,True,0.661665343123257,-0.03590815407772166,39.0,0.1606300844785839,17.0,AWAC
AWAC-G1JoystickFlatTerrain-eb8f6445,G1JoystickFlatTerrain,playground/g1-joystick-direction/medium-v0,2,humanoid_gym_relative_v2,100,100,0.38385808911174535,0.24302083117887377,0.19969629815017198,0.17056790293627716,True,0.6331007163121882,0.02451049999099881,36.0,0.23403937885664616,17.0,AWAC
AWAC-G1JoystickFlatTerrain-fbb04059,G1JoystickFlatTerrain,playground/g1-joystick-direction/expert-v0,1,humanoid_gym_relative_v2,100,100,0.790761466100812,0.40514849946834147,0.24046064365823036,0.31501544333681114,True,0.5123523550864202,-0.03168396524390042,57.99999999999999,0.3563496759169324,10.0,AWAC
AWAC-G1JoystickFlatTerrain-fccca621,G1JoystickFlatTerrain,playground/g1-joystick-direction/medium-replay-v0,0,humanoid_gym_relative_v2,100,100,0.1864456064067781,0.1203828689432703,0.1393012131532778,0.10655273379549292,True,0.6456728654716847,0.011308027836866236,55.00000000000001,0.17368117588457269,34.0,AWAC
AWAC-Go2Footstand-1da1d3fb,Go2Footstand,playground/go2-footstand/expert-v0,1,humanoid_gym_relative_v2,100,100,0.9694837401807308,0.4187286993768066,0.1137377567378322,0.466519426909514,True,0.4319089449594558,-0.0042725799146297,59.0,1.017559286893729,2.0,AWAC
AWAC-Go2Footstand-1f5ed968,Go2Footstand,playground/go2-footstand/medium-v0,0,humanoid_gym_relative_v2,100,100,0.4855790451541543,0.396744127801503,0.3022685701033821,0.2903316963589329,True,0.8170536429873136,-0.0064272031103561,40.0,0.193491737635909,35.0,AWAC
AWAC-Go2Footstand-20eea8dd,Go2Footstand,playground/go2-footstand/medium-expert-v0,1,humanoid_gym_relative_v2,100,100,0.6076362970471382,0.4531302481051534,0.1884949208435871,0.2907897248530742,True,0.7457261034391455,-0.0034195370330447,33.0,0.1783985521280056,12.0,AWAC
AWAC-Go2Footstand-36714fbb,Go2Footstand,playground/go2-footstand/medium-expert-v0,2,humanoid_gym_relative_v2,100,100,0.3757150280103087,0.201674923201208,0.2909758266622373,0.2845075199188081,True,0.5367763016273985,-0.0143476261605576,71.0,0.1571271518075044,51.0,AWAC
AWAC-Go2Footstand-4c8b313d,Go2Footstand,playground/go2-footstand/medium-replay-v0,1,humanoid_gym_relative_v2,100,100,0.0704460647769155,0.0429252236081629,0.1949516215006993,0.1548755534501185,True,0.6093345844667969,-0.0095652077606683,91.0,-0.0193441707843484,85.0,AWAC
AWAC-Go2Footstand-6dd6e98b,Go2Footstand,playground/go2-footstand/expert-v0,0,humanoid_gym_relative_v2,100,100,0.9889672094583511,0.4331662542070262,0.0008472953934499,0.4691881395016364,True,0.4379986010297224,-0.004173813017683,59.0,0.99852064442684,0.0,AWAC
AWAC-Go2Footstand-7dc309f5,Go2Footstand,playground/go2-footstand/medium-v0,1,humanoid_gym_relative_v2,100,100,0.1825562769174575,0.12314624149265,0.161317369569991,0.1569117894352806,True,0.674565912342364,-0.0177715141343947,56.00000000000001,0.2010665628545413,19.0,AWAC
AWAC-Go2Footstand-899358ce,Go2Footstand,playground/go2-footstand/expert-v0,2,humanoid_gym_relative_v2,100,100,0.9764210495352744,0.4092264828330371,0.0772068944950908,0.4548224081441442,True,0.4191086243253437,-0.0042128673846157,61.0,1.0096378855651815,1.0,AWAC
AWAC-Go2Footstand-9e6586b0,Go2Footstand,playground/go2-footstand/medium-v0,2,humanoid_gym_relative_v2,100,100,0.2474516285291974,0.1152192318898232,0.2459575852230325,0.1949175150326975,True,0.4656232516013862,-0.0211866408877731,69.0,-0.006017687309908,43.0,AWAC
AWAC-Go2Footstand-a1323aaa,Go2Footstand,playground/go2-footstand/medium-expert-v0,0,humanoid_gym_relative_v2,100,100,0.6417056948691606,0.3375508156174328,0.2070415742371655,0.3480473932700416,True,0.526021224864238,-0.0065457987543838,55.00000000000001,0.1507033553695908,13.0,AWAC
AWAC-Go2Footstand-cac96917,Go2Footstand,playground/go2-footstand/medium-replay-v0,0,humanoid_gym_relative_v2,100,100,0.0125114117806515,0.0147653187320247,0.0532505284273189,0.0565646372042604,False,,,,,,AWAC
AWAC-Go2Footstand-f5d1d5ba,Go2Footstand,playground/go2-footstand/medium-replay-v0,2,humanoid_gym_relative_v2,100,100,0.0112254559867869,0.0131049281823652,0.0585510970867429,0.0613564235132132,False,,,,,,AWAC
AWAC-Go2Getup-02a9e8a5,Go2Getup,playground/go2-getup/medium-v0,2,humanoid_gym_relative_v2,100,100,0.5712482193112374,0.5434846070408821,0.4451060978549797,0.4503952681437038,True,0.951398339055078,-0.413184440515251,29.0,-0.4146243719254449,26.0,AWAC
AWAC-Go2Getup-3430e32b,Go2Getup,playground/go2-getup/expert-v0,0,humanoid_gym_relative_v2,100,100,0.3954586892358202,0.3582705539278686,0.5621522153403791,0.5583907223916057,True,0.905962022531826,-0.60084897124103,56.99999999999999,-0.5974527831542046,56.00000000000001,AWAC
AWAC-Go2Getup-42c9f544,Go2Getup,playground/go2-getup/medium-replay-v0,2,humanoid_gym_relative_v2,100,100,0.4211146407574415,0.2971901575475931,0.4289660275002466,0.3581536531867588,True,0.7057226911252703,-0.5589627249798359,32.0,-0.5581404773438648,29.0,AWAC
AWAC-Go2Getup-649d07a2,Go2Getup,playground/go2-getup/medium-v0,0,humanoid_gym_relative_v2,100,100,0.5730585817247629,0.545264402627945,0.4325589930246888,0.4393268963066012,True,0.9514985378751952,-0.4127584007976034,28.000000000000004,-0.4121181896198608,26.0,AWAC
AWAC-Go2Getup-6960898f,Go2Getup,playground/go2-getup/medium-expert-v0,0,humanoid_gym_relative_v2,100,100,0.5854940283857286,0.527672141417861,0.4773745525801563,0.4774178405351868,True,0.9012425675334572,-0.4068123777473731,31.0,-0.4064688420335703,29.0,AWAC
AWAC-Go2Getup-742bd978,Go2Getup,playground/go2-getup/medium-replay-v0,0,humanoid_gym_relative_v2,100,100,0.2537744737789035,0.2557468926906586,0.3097052792274437,0.3087685567277038,True,1.007772329826496,-0.9284716034919104,24.0,-0.9271708942733646,25.0,AWAC
AWAC-Go2Getup-824fab1a,Go2Getup,playground/go2-getup/medium-expert-v0,1,humanoid_gym_relative_v2,100,100,0.5572725725919008,0.5285231156647205,0.4816684138620193,0.4686880351513398,True,0.9484104218632812,-0.4274354611502924,31.0,-0.4273435857425976,32.0,AWAC
AWAC-Go2Getup-a6dd7011,Go2Getup,playground/go2-getup/expert-v0,1,humanoid_gym_relative_v2,100,100,0.366639225394465,0.3194808197201928,0.5754007652529277,0.5579332818563649,True,0.8713765401846059,-0.6506322787661708,59.0,-0.6486230847590698,54.0,AWAC
AWAC-Go2Getup-acaf9327,Go2Getup,playground/go2-getup/medium-replay-v0,1,humanoid_gym_relative_v2,100,100,0.3774274821579456,0.2900049766525626,0.4190856850258821,0.3396627987482076,True,0.7683727083000319,-0.624039496584984,25.0,-0.6220839247564361,27.0,AWAC
AWAC-Go2Getup-b3a9a2fd,Go2Getup,playground/go2-getup/medium-v0,1,humanoid_gym_relative_v2,100,100,0.5660894456505775,0.5467566810548306,0.4456216945767736,0.4469294336755542,True,0.9658485690834092,-0.4188363626474236,28.000000000000004,-0.4174455182397006,27.0,AWAC
AWAC-Go2Getup-c7fbec8c,Go2Getup,playground/go2-getup/expert-v0,2,humanoid_gym_relative_v2,100,100,0.3980603477405384,0.3698035787092522,0.5445134719869716,0.5358638109012113,True,0.929013856336918,-0.597408188329437,53.0,-0.5953085193716114,53.0,AWAC
AWAC-Go2Getup-fd6d88fe,Go2Getup,playground/go2-getup/medium-expert-v0,2,humanoid_gym_relative_v2,100,100,0.5577518811821938,0.5519199723005295,0.4724113508358723,0.4547769827719371,True,0.989543901009705,-0.4269029838218039,28.000000000000004,-0.4271350350620562,31.0,AWAC
AWAC-Go2GetupWalk-01da55ae,Go2GetupWalk,playground/go2-getup-walk/medium-expert-v0,0,humanoid_gym_relative_v2,100,100,0.4370543254050426,0.3794159088237211,0.2499270668251685,0.2379919832093772,True,0.8681207043817613,0.054564647241185,33.0,0.1773821740671169,25.0,AWAC
AWAC-Go2GetupWalk-2897ccc2,Go2GetupWalk,playground/go2-getup-walk/medium-replay-v0,0,humanoid_gym_relative_v2,100,100,0.1856105323322117,0.170979252140969,0.1496723032386205,0.155633427312089,True,0.9211721446655023,-0.4996711666020301,23.0,-0.4996711666020301,22.0,AWAC
AWAC-Go2GetupWalk-42188d35,Go2GetupWalk,playground/go2-getup-walk/medium-expert-v0,2,humanoid_gym_relative_v2,100,100,0.4517953708022832,0.3809784164093435,0.2410465026649084,0.2424485721974239,True,0.8432543603375453,0.1502990391825924,37.0,0.230430875981195,26.0,AWAC
AWAC-Go2GetupWalk-7760a23d,Go2GetupWalk,playground/go2-getup-walk/expert-v0,2,humanoid_gym_relative_v2,100,100,0.3951001378055662,0.1549386555550154,0.4903925961945941,0.3073338010773403,True,0.392150345518894,-0.2347360133539125,76.0,-0.2347360133539125,59.0,AWAC
AWAC-Go2GetupWalk-a5c471bb,Go2GetupWalk,playground/go2-getup-walk/medium-expert-v0,1,humanoid_gym_relative_v2,100,100,0.4377408373355865,0.3514083279587794,0.2706969186879362,0.2305570070738486,True,0.8027771183006583,0.1567999209506723,39.0,0.286946753084785,30.0,AWAC
AWAC-Go2GetupWalk-a835e1fb,Go2GetupWalk,playground/go2-getup-walk/medium-replay-v0,2,humanoid_gym_relative_v2,100,100,0.1878603336960077,0.1692225079517811,0.1595161660953861,0.1467265010986115,True,0.9007889245295072,-0.4936871419282004,20.0,-0.4936871419282004,21.0,AWAC
AWAC-Go2GetupWalk-a95f9dd4,Go2GetupWalk,playground/go2-getup-walk/medium-v0,2,humanoid_gym_relative_v2,100,100,0.4332932783663273,0.4102482202649116,0.2217752862840466,0.2162786867653111,True,0.9468141804823194,0.3271972933813869,27.0,0.3294025309364589,26.0,AWAC
AWAC-Go2GetupWalk-b62ddb43,Go2GetupWalk,playground/go2-getup-walk/medium-v0,1,humanoid_gym_relative_v2,100,100,0.420470516346395,0.4064777296036482,0.2300600233536527,0.2172624748248752,True,0.9667211226500856,0.2975272186753943,28.000000000000004,0.3247693781124386,29.0,AWAC
AWAC-Go2GetupWalk-d7ef8685,Go2GetupWalk,playground/go2-getup-walk/medium-replay-v0,1,humanoid_gym_relative_v2,100,100,0.2031078975461423,0.2060768364183604,0.1629144037364264,0.1854174482639349,True,1.014617545196851,-0.4566254308402276,23.0,-0.4566254308402276,21.0,AWAC
AWAC-Go2GetupWalk-da6a8739,Go2GetupWalk,playground/go2-getup-walk/expert-v0,1,humanoid_gym_relative_v2,100,100,0.3991777130938135,0.2766514901688788,0.4569474494115894,0.3650245613675552,True,0.6930534473598255,-0.2323381997087187,53.0,-0.2323381997087187,49.0,AWAC
AWAC-Go2GetupWalk-f63c2866,Go2GetupWalk,playground/go2-getup-walk/medium-v0,0,humanoid_gym_relative_v2,100,100,0.4244962529838085,0.4117138279229402,0.2284402036494339,0.2211091519584368,True,0.9698880143911288,0.3091224435260146,28.000000000000004,0.3338925798439285,27.0,AWAC
AWAC-Go2GetupWalk-fe72b391,Go2GetupWalk,playground/go2-getup-walk/expert-v0,0,humanoid_gym_relative_v2,100,100,0.4213388158171438,0.2322625208459794,0.4923645612170136,0.3911571763030657,True,0.551248810047396,-0.2201179377318751,70.0,-0.2201179377318751,55.00000000000001,AWAC
AWAC-Go2Handstand-0f6520f5,Go2Handstand,playground/go2-handstand/medium-v0,0,humanoid_gym_relative_v2,100,100,0.5443727895617485,0.4427673340030014,0.2339417806518674,0.2529652833380774,True,0.8133531699103747,0.2527936954152509,35.0,0.258092331021754,20.0,AWAC
AWAC-Go2Handstand-11a40536,Go2Handstand,playground/go2-handstand/medium-replay-v0,2,humanoid_gym_relative_v2,100,100,0.0771753680519759,0.0519762091431766,0.1783478783660613,0.1378035049121018,True,0.6734818434318552,0.0766002050621217,87.0,0.070953156506116,84.0,AWAC
AWAC-Go2Handstand-179062e5,Go2Handstand,playground/go2-handstand/expert-v0,1,humanoid_gym_relative_v2,100,100,0.930644593462348,0.4287257578782737,0.1984171039256571,0.4331417008639356,True,0.46067613876448,0.0087947665352955,61.0,0.3808012656563443,6.0,AWAC
AWAC-Go2Handstand-2237ff97,Go2Handstand,playground/go2-handstand/medium-expert-v0,0,humanoid_gym_relative_v2,100,100,0.4888657804951071,0.4565446392633021,0.2745447286661524,0.2604907755178939,True,0.9338854497054974,0.229607665690387,29.0,0.2567898234562709,24.0,AWAC
AWAC-Go2Handstand-290818c0,Go2Handstand,playground/go2-handstand/medium-replay-v0,1,humanoid_gym_relative_v2,100,100,0.0178462697216309,0.0260646914644166,0.0365458686458228,0.0782182600358507,False,,,,,,AWAC
AWAC-Go2Handstand-421a7aed,Go2Handstand,playground/go2-handstand/expert-v0,0,humanoid_gym_relative_v2,100,100,0.9563716398179531,0.4295700534246862,0.1426647601337504,0.4315442556498409,True,0.4491664490453267,0.0179869892196473,63.0,0.7448685894724371,4.0,AWAC
AWAC-Go2Handstand-48320043,Go2Handstand,playground/go2-handstand/expert-v0,2,humanoid_gym_relative_v2,100,100,0.9167699238657953,0.4270821367995813,0.1967766443602514,0.4361235419798226,True,0.46585530969284,0.0092081176098569,61.0,0.467354649496389,6.0,AWAC
AWAC-Go2Handstand-52abbb37,Go2Handstand,playground/go2-handstand/medium-v0,2,humanoid_gym_relative_v2,100,100,0.408715068846941,0.3516862021759152,0.2065201120844121,0.2324688637108752,True,0.860467912690583,0.1946263490518366,37.0,0.3265084621691898,19.0,AWAC
AWAC-Go2Handstand-77d32bfc,Go2Handstand,playground/go2-handstand/medium-v0,1,humanoid_gym_relative_v2,100,100,0.507308199480176,0.4066466560214758,0.2314308038486291,0.2471679123886171,True,0.8015771407561613,0.1668458467580777,38.0,0.2851177670572615,21.0,AWAC
AWAC-Go2Handstand-9196e96a,Go2Handstand,playground/go2-handstand/medium-replay-v0,0,humanoid_gym_relative_v2,100,100,0.04817416327307,0.0337110493739601,0.1380171638502919,0.1009615667599756,False,,,,,,AWAC
AWAC-Go2Handstand-a7d23cea,Go2Handstand,playground/go2-handstand/medium-expert-v0,2,humanoid_gym_relative_v2,100,100,0.5421055145747959,0.3919976531900465,0.2853463545255724,0.2502804615639036,True,0.7231021316901978,0.1745561350706787,40.0,0.2442275104260432,24.0,AWAC
AWAC-Go2Handstand-c52015a9,Go2Handstand,playground/go2-handstand/medium-expert-v0,1,humanoid_gym_relative_v2,100,100,0.5447559460625052,0.4686025348305702,0.3392551010332958,0.2683855364940321,True,0.8602063698755898,0.1832417957162602,33.0,0.0944170986149353,33.0,AWAC
AWAC-Go2JoystickFlatTerrain-050efdf6,Go2JoystickFlatTerrain,playground/go2-joystick-direction/medium-v0,0,humanoid_gym_relative_v2,100,100,0.4760370681621134,0.390494642436679,0.2577197545228283,0.2708009384683239,True,0.8203030153603433,-0.0052415992675753,27.0,0.1497413494469925,15.0,AWAC
AWAC-Go2JoystickFlatTerrain-0c4abe0e,Go2JoystickFlatTerrain,playground/go2-flat-forward/medium-expert-v0,1,humanoid_gym_relative_v2,100,100,0.7883104893565178,0.4649539372697472,0.172114285727135,0.2411896281487685,True,0.5898106692063427,0.1706361250670893,33.0,0.8151573937637966,2.0,AWAC
AWAC-Go2JoystickFlatTerrain-177a8646,Go2JoystickFlatTerrain,playground/go2-joystick-direction/medium-replay-v0,1,humanoid_gym_relative_v2,100,100,0.352797511043027,0.2621466676238924,0.3637919017401863,0.3607149370941979,True,0.74305135217329,-1.1299607822753543,40.0,-1.1052360124108571,30.0,AWAC
AWAC-Go2JoystickFlatTerrain-2175956e,Go2JoystickFlatTerrain,playground/go2-flat-forward/medium-v0,1,humanoid_gym_relative_v2,100,100,0.6577294263243675,0.4513385380059481,0.0325007768767092,0.2138016407323536,True,0.6862070023659924,0.1715640662965371,25.0,0.9825014450976264,0.0,AWAC
AWAC-Go2JoystickFlatTerrain-260a2b8e,Go2JoystickFlatTerrain,playground/go2-joystick-direction/medium-replay-v0,0,humanoid_gym_relative_v2,100,100,0.375180728379637,0.2505758329201489,0.3758770392879957,0.3753721205540787,True,0.6678803413020641,-1.1830931219724266,42.0,-0.7081759732773815,30.0,AWAC
AWAC-Go2JoystickFlatTerrain-29a97075,Go2JoystickFlatTerrain,playground/go2-flat-forward/expert-v0,2,humanoid_gym_relative_v2,100,100,0.979302259683609,0.8414781455695629,0.0042192262259703,0.2000140936128038,True,0.859262946908165,0.6798607077297619,3.0,0.9924897353132246,0.0,AWAC
AWAC-Go2JoystickFlatTerrain-540206e5,Go2JoystickFlatTerrain,playground/go2-flat-forward/expert-v0,1,humanoid_gym_relative_v2,100,100,0.9788597482442856,0.8604389172513038,0.0037803908267106,0.1271767043680476,True,0.8790216563655977,0.7216432548223445,2.0,0.9939606131960296,0.0,AWAC
AWAC-Go2JoystickFlatTerrain-830e2b80,Go2JoystickFlatTerrain,playground/go2-joystick-direction/expert-v0,1,humanoid_gym_relative_v2,100,100,0.9935549634695052,0.7712457676231861,0.1089392304919846,0.3850441372219832,True,0.7762487189737214,-0.4118185877307084,13.0,0.8032163110359049,0.0,AWAC
AWAC-Go2JoystickFlatTerrain-88e8beaa,Go2JoystickFlatTerrain,playground/go2-joystick-direction/medium-replay-v0,2,humanoid_gym_relative_v2,100,100,0.3572853384818881,0.2188568308822141,0.4160043589053741,0.390772766938028,True,0.6125547491317186,-1.3181276062360057,47.0,-1.2705907595488175,32.0,AWAC
AWAC-Go2JoystickFlatTerrain-9a15d8f1,Go2JoystickFlatTerrain,playground/go2-flat-forward/expert-v0,0,humanoid_gym_relative_v2,100,100,0.9794182795286178,0.860462322384119,0.0043576435928966,0.1322568603717909,True,0.8785442750754552,0.7088385167066891,1.0,0.9932532391971428,0.0,AWAC
AWAC-Go2JoystickFlatTerrain-9ce2ddcb,Go2JoystickFlatTerrain,playground/go2-flat-forward/medium-v0,2,humanoid_gym_relative_v2,100,100,0.6406340232491493,0.4415981156751513,0.0719437175587399,0.2035801183371719,True,0.6893141788434318,0.1878863922508527,21.0,0.5674180334529417,0.0,AWAC
AWAC-Go2JoystickFlatTerrain-a0bb60a4,Go2JoystickFlatTerrain,playground/go2-joystick-direction/medium-expert-v0,1,humanoid_gym_relative_v2,100,100,0.708697825949639,0.4306370895821601,0.3410418243226791,0.3198808469343656,True,0.6076455631920645,-0.0482294923815807,46.0,0.2570283716536513,23.0,AWAC
AWAC-Go2JoystickFlatTerrain-a0e4eb6c,Go2JoystickFlatTerrain,playground/go2-joystick-direction/medium-expert-v0,2,humanoid_gym_relative_v2,100,100,0.6446866075322032,0.4442822515312582,0.3510168140224846,0.3100170924785629,True,0.6891445337013078,-0.020218342939676,40.0,0.1615847330725227,24.0,AWAC
AWAC-Go2JoystickFlatTerrain-aea4acbb,Go2JoystickFlatTerrain,playground/go2-joystick-direction/medium-v0,2,humanoid_gym_relative_v2,100,100,0.472751920921728,0.3914340195781551,0.2627934640701429,0.2640632580891173,True,0.8279903311973292,0.0023635050863938,29.0,0.1696536319966247,17.0,AWAC
AWAC-Go2JoystickFlatTerrain-b121d1da,Go2JoystickFlatTerrain,playground/go2-flat-forward/medium-expert-v0,0,humanoid_gym_relative_v2,100,100,0.8414721751213073,0.4689616410434246,0.1828433270090647,0.2328721409291625,True,0.5573109306624651,0.1547640177837977,49.0,0.7536400141666403,3.0,AWAC
AWAC-Go2JoystickFlatTerrain-b16ab66d,Go2JoystickFlatTerrain,playground/go2-flat-forward/medium-expert-v0,2,humanoid_gym_relative_v2,100,100,0.7500756195187569,0.4370791357383132,0.1581365272545222,0.2272137115055259,True,0.582713428305722,0.0937683103025948,35.0,0.8555344221044932,1.0,AWAC
AWAC-Go2JoystickFlatTerrain-b443beb2,Go2JoystickFlatTerrain,playground/go2-joystick-direction/expert-v0,2,humanoid_gym_relative_v2,100,100,0.981523510813713,0.7041189856827259,0.1754636510180749,0.4614591995597555,True,0.7173735299514015,-0.4352052729177717,22.0,0.817463210627819,1.0,AWAC
AWAC-Go2JoystickFlatTerrain-bddc8ae9,Go2JoystickFlatTerrain,playground/go2-flat-forward/medium-replay-v0,2,humanoid_gym_relative_v2,100,100,0.8088013032078742,0.3619690166972578,0.1786044799380025,0.4366157229297119,True,0.4475376279212377,-0.5883539286105525,44.0,0.8144588356164519,1.0,AWAC
AWAC-Go2JoystickFlatTerrain-bedf8f1f,Go2JoystickFlatTerrain,playground/go2-joystick-direction/medium-v0,1,humanoid_gym_relative_v2,100,100,0.4755500245280564,0.4037531183939427,0.2627691703028161,0.2552733278131653,True,0.8490234414237154,0.1104237262287517,26.0,0.1911496387045329,18.0,AWAC
AWAC-Go2JoystickFlatTerrain-c32b7288,Go2JoystickFlatTerrain,playground/go2-flat-forward/medium-replay-v0,1,humanoid_gym_relative_v2,100,100,0.7590901598334312,0.3334581381082535,0.3526153296373847,0.4400830109385582,True,0.4392866035589566,-0.6111629050902314,48.0,-0.5414839345801452,9.0,AWAC
AWAC-Go2JoystickFlatTerrain-c5e0269c,Go2JoystickFlatTerrain,playground/go2-flat-forward/medium-v0,0,humanoid_gym_relative_v2,100,100,0.65107496291399,0.4418635609000921,0.0318876946055159,0.1909863481256786,True,0.6786677204149598,0.1792981461656267,26.0,0.9863647429111868,0.0,AWAC
AWAC-Go2JoystickFlatTerrain-d8917fa8,Go2JoystickFlatTerrain,playground/go2-flat-forward/medium-replay-v0,0,humanoid_gym_relative_v2,100,100,0.6558553484082222,0.3168492168188095,0.2840427206142262,0.3421324204984723,True,0.4831083829503116,-0.6887314590039426,50.0,0.3461251098089162,6.0,AWAC
AWAC-Go2JoystickFlatTerrain-dfba3409,Go2JoystickFlatTerrain,playground/go2-joystick-direction/medium-expert-v0,0,humanoid_gym_relative_v2,100,100,0.687548774474999,0.426030818070285,0.3602993464490426,0.3755334820942388,True,0.6196372299486611,-0.2240388095651116,49.0,0.1159717061618608,24.0,AWAC
AWAC-Go2JoystickFlatTerrain-f08ef75a,Go2JoystickFlatTerrain,playground/go2-joystick-direction/expert-v0,0,humanoid_gym_relative_v2,100,100,0.9588104362040758,0.7219393645599484,0.2399590943846106,0.4389503970354556,True,0.7529531774999255,-0.4351217375442173,20.0,0.8014823707140634,3.0,AWAC
AWAC-Go2PushRecovery-2b7f37d4,Go2PushRecovery,playground/go2-push-recovery/medium-expert-v0,0,humanoid_gym_relative_v2,100,100,0.3823188034677878,0.2093504251725971,0.3786803128868179,0.2514501236967005,True,0.5475807710049918,0.0438138360370334,64.0,0.0714320565242142,49.0,AWAC
AWAC-Go2PushRecovery-42f65c25,Go2PushRecovery,playground/go2-push-recovery/medium-replay-v0,2,humanoid_gym_relative_v2,100,100,0.1346653427901037,0.0865266135032288,0.1843579539391035,0.1010277502323307,True,0.642530674266308,0.1052787709829871,60.0,0.1414582904390751,48.0,AWAC
AWAC-Go2PushRecovery-4f13dce4,Go2PushRecovery,playground/go2-push-recovery/medium-expert-v0,2,humanoid_gym_relative_v2,100,100,,,,,False,,,,,,AWAC
AWAC-Go2PushRecovery-59a48477,Go2PushRecovery,playground/go2-push-recovery/medium-v0,1,humanoid_gym_relative_v2,100,100,0.2039362796396017,0.1056847004708834,0.2155637678773444,0.1142197524304175,True,0.518224126955981,0.0816052622877061,64.0,0.1419714285582868,46.0,AWAC
AWAC-Go2PushRecovery-5c49f4f7,Go2PushRecovery,playground/go2-push-recovery/medium-expert-v0,1,humanoid_gym_relative_v2,100,100,0.0053484695438237,0.0019771608401788,0.0246942770240305,0.022900827461952,False,,,,,,AWAC
AWAC-Go2PushRecovery-6d8b8027,Go2PushRecovery,playground/go2-push-recovery/medium-replay-v0,1,humanoid_gym_relative_v2,100,100,0.1413157906290143,0.0868625743151642,0.184443408601392,0.0990947854920693,True,0.6146699808176284,0.1014764984886486,64.0,0.1504330922737759,45.0,AWAC
AWAC-Go2PushRecovery-715add7a,Go2PushRecovery,playground/go2-push-recovery/expert-v0,1,humanoid_gym_relative_v2,100,100,0.969512785859406,0.6068608724349178,0.2839109211370387,0.4340327144234242,True,0.6259441662721112,0.0360541118898545,46.0,0.2820581287126245,10.0,AWAC
AWAC-Go2PushRecovery-8ac3f4b0,Go2PushRecovery,playground/go2-push-recovery/expert-v0,2,humanoid_gym_relative_v2,100,100,0.9839966196380556,0.5616954764351249,0.2671828216766451,0.4420196253174491,True,0.5708306972047666,0.0180252039533695,52.0,0.3292539829646738,8.0,AWAC
AWAC-Go2PushRecovery-b27b05ad,Go2PushRecovery,playground/go2-push-recovery/medium-v0,2,humanoid_gym_relative_v2,100,100,-0.02229421665892,-0.0218365851021371,0.0134769557415901,0.0121406098329495,False,,,,,,AWAC
AWAC-Go2PushRecovery-d0c66ef6,Go2PushRecovery,playground/go2-push-recovery/medium-v0,0,humanoid_gym_relative_v2,100,100,0.0575045117479749,0.0386100118956528,0.0773014998536156,0.0452919263231221,True,0.6714257842040118,-0.2646091388230075,48.0,-0.2100852277954795,38.0,AWAC
AWAC-Go2PushRecovery-f9059b07,Go2PushRecovery,playground/go2-push-recovery/medium-replay-v0,0,humanoid_gym_relative_v2,100,100,0.1462933374522254,0.0930332982586696,0.1728691170527995,0.1019235324912768,True,0.6359366727076774,0.0995244614642809,60.0,0.1195348974637344,46.0,AWAC
AWAC-Go2PushRecovery-fb404822,Go2PushRecovery,playground/go2-push-recovery/expert-v0,0,humanoid_gym_relative_v2,100,100,0.9729340271651744,0.6254455448233057,0.2763894222218839,0.4225662692322262,True,0.6428447637355829,0.0377835558507909,43.0,0.3345423639762447,9.0,AWAC
AWAC-Go2RoughCurriculum-02214574,Go2RoughCurriculum,playground/go2-rough-terrain/medium-expert-v0,1,humanoid_gym_relative_v2,100,100,0.3222807820723392,0.1799704752722755,0.3784133763571574,0.3224418296626621,True,0.5584275739776481,-0.1592348690817263,68.0,-0.1494668580817995,51.0,AWAC
AWAC-Go2RoughCurriculum-03277f13,Go2RoughCurriculum,playground/go2-rough-terrain/medium-replay-v0,2,humanoid_gym_relative_v2,100,100,0.6455752938505611,0.3451754649635404,0.4046988405631829,0.4024142434011746,True,0.5346788643424175,-0.0703251168002059,59.0,-0.05974931978172,28.000000000000004,AWAC
AWAC-Go2RoughCurriculum-42af96f1,Go2RoughCurriculum,playground/go2-rough-terrain/medium-v0,2,humanoid_gym_relative_v2,100,100,0.5383393601827265,0.4884963979013264,0.2388475443203254,0.2570383314800387,True,0.9074134905081396,-0.0270493435361156,24.0,0.1471043957891444,20.0,AWAC
AWAC-Go2RoughCurriculum-50def463,Go2RoughCurriculum,playground/go2-rough-terrain/medium-expert-v0,2,humanoid_gym_relative_v2,100,100,0.3201155290426686,0.1641582998005469,0.3417983107991783,0.2740852891420918,True,0.5128095481386848,-0.1572689357145553,70.0,-0.156248602481584,48.0,AWAC
AWAC-Go2RoughCurriculum-5c45e8d7,Go2RoughCurriculum,playground/go2-rough-terrain/expert-v0,2,humanoid_gym_relative_v2,100,100,0.9546258123219014,0.7065303950570524,0.1175921371321502,0.3643306838653759,True,0.7401123937122384,-0.0330244145946111,24.0,0.912093967579563,1.0,AWAC
AWAC-Go2RoughCurriculum-618c7f15,Go2RoughCurriculum,playground/go2-rough-terrain/medium-replay-v0,0,humanoid_gym_relative_v2,100,100,0.6743745577335357,0.3621286321431398,0.3793735431740395,0.4033879575994131,True,0.5369844220698299,-0.0699998034293871,54.0,-0.053508196374755,25.0,AWAC
AWAC-Go2RoughCurriculum-65636487,Go2RoughCurriculum,playground/go2-rough-terrain/medium-expert-v0,0,humanoid_gym_relative_v2,100,100,0.5481990137579851,0.2953526027197949,0.3970556906329278,0.3627148073793863,True,0.5387689421312697,-0.0836290051474769,59.0,-0.0772287056988077,31.0,AWAC
AWAC-Go2RoughCurriculum-75a9e10e,Go2RoughCurriculum,playground/go2-rough-terrain/medium-replay-v0,1,humanoid_gym_relative_v2,100,100,0.6486741258669645,0.3444482224388048,0.3980020412562667,0.4117159170141417,True,0.5310034865017063,-0.0746852888091847,57.99999999999999,-0.0565739010916969,28.000000000000004,AWAC
AWAC-Go2RoughCurriculum-7d5c5d15,Go2RoughCurriculum,playground/go2-rough-terrain/medium-v0,0,humanoid_gym_relative_v2,100,100,0.5565452763449866,0.4628985082916915,0.2443509380274421,0.24503068848125,True,0.831735580134102,0.0301407115521155,28.000000000000004,0.0551035188195936,17.0,AWAC
AWAC-Go2RoughCurriculum-b45f3edc,Go2RoughCurriculum,playground/go2-rough-terrain/medium-v0,1,humanoid_gym_relative_v2,100,100,0.5687985971337184,0.4764725518575869,0.2424675088251484,0.2711130792352985,True,0.8376823611355945,-0.0415987509045934,27.0,0.0762475185266423,17.0,AWAC
AWAC-Go2RoughCurriculum-dfa0d988,Go2RoughCurriculum,playground/go2-rough-terrain/expert-v0,0,humanoid_gym_relative_v2,100,100,0.9424897974357008,0.7759108051098883,0.161896393342754,0.3136594046075914,True,0.8232564503307771,-0.0313009953110496,15.0,0.9129319340942228,2.0,AWAC
AWAC-Go2RoughCurriculum-e08dea9c,Go2RoughCurriculum,playground/go2-rough-terrain/expert-v0,1,humanoid_gym_relative_v2,100,100,-0.0540799538791179,-0.0537447538319975,0.0032188702031182,0.0052783337635875,False,,,,,,AWAC
AWAC-H1JoystickGaitTracking-20b46cf5,H1JoystickGaitTracking,playground/h1-gait-tracking/expert-v0,2,humanoid_gym_relative_v2,100,100,0.765396783365868,0.30328298191539943,0.5575071568030802,0.4767734325691947,True,0.39624282268563815,0.005453540526970698,77.0,0.008238704605379713,37.0,AWAC
AWAC-H1JoystickGaitTracking-4c9a3d5d,H1JoystickGaitTracking,playground/h1-gait-tracking/expert-v0,0,humanoid_gym_relative_v2,100,100,0.7875674881413579,0.3016596784838475,0.5523824580639011,0.4633186586183527,True,0.38302708406076763,0.0065379948432125815,76.0,0.008264724931582323,33.0,AWAC
AWAC-H1JoystickGaitTracking-4e00cddf,H1JoystickGaitTracking,playground/h1-gait-tracking/medium-replay-v0,2,humanoid_gym_relative_v2,100,100,-7.170016858253802e-05,-6.942804379377775e-05,0.00034780886693615135,0.00036305660751288126,False,,,,,,AWAC
AWAC-H1JoystickGaitTracking-64f85527,H1JoystickGaitTracking,playground/h1-gait-tracking/medium-replay-v0,1,humanoid_gym_relative_v2,100,100,-5.0834895782827514e-05,-5.882855924028263e-05,0.0003780351549064746,0.0003841457468214493,False,,,,,,AWAC
AWAC-H1JoystickGaitTracking-656795ff,H1JoystickGaitTracking,playground/h1-gait-tracking/medium-replay-v0,0,humanoid_gym_relative_v2,100,100,0.006331731918671721,0.0008653280060661927,0.014508883652690003,0.007153308475839829,False,,,,,,AWAC
AWAC-H1JoystickGaitTracking-6eaf76c0,H1JoystickGaitTracking,playground/h1-gait-tracking/medium-v0,0,humanoid_gym_relative_v2,100,100,0.8206355068087577,0.38781339386710895,0.4335872471539693,0.4844960134771611,True,0.47257691222162246,0.005190330058622719,66.0,0.11130766416387708,27.0,AWAC
AWAC-H1JoystickGaitTracking-75bb4f15,H1JoystickGaitTracking,playground/h1-gait-tracking/medium-expert-v0,2,humanoid_gym_relative_v2,100,100,0.8746919338777661,0.3716308185257367,0.4216606813372798,0.4764206916372073,True,0.42487052198845393,0.004235359506901614,70.0,0.06655808678223403,22.0,AWAC
AWAC-H1JoystickGaitTracking-80815913,H1JoystickGaitTracking,playground/h1-gait-tracking/expert-v0,1,humanoid_gym_relative_v2,100,100,0.8056560025876388,0.3330167920526583,0.5274023202502743,0.4833440528059393,True,0.4133486140276512,0.005430776219658777,73.0,0.007649883361721422,32.0,AWAC
AWAC-H1JoystickGaitTracking-8f5587be,H1JoystickGaitTracking,playground/h1-gait-tracking/medium-v0,2,humanoid_gym_relative_v2,100,100,0.8942305929213762,0.40514555368106814,0.40197661341977226,0.49210852773591807,True,0.45306608484226835,0.0063764525010785,66.0,0.1145638749441055,23.0,AWAC
AWAC-H1JoystickGaitTracking-b6caf39b,H1JoystickGaitTracking,playground/h1-gait-tracking/medium-v0,1,humanoid_gym_relative_v2,100,100,0.8793244516104459,0.39263621240272184,0.41757393186358815,0.49358337507708555,True,0.4465202937136856,0.0062203898881713,68.0,0.10558457252123907,23.0,AWAC
AWAC-H1JoystickGaitTracking-bae17bab,H1JoystickGaitTracking,playground/h1-gait-tracking/medium-expert-v0,1,humanoid_gym_relative_v2,100,100,0.5826644539833069,0.24500169773396918,0.44006164375193046,0.37496892001843646,True,0.42048505972699746,0.0012563360439673576,73.0,0.0856708993226261,42.0,AWAC
AWAC-H1JoystickGaitTracking-cc2f2620,H1JoystickGaitTracking,playground/h1-gait-tracking/medium-expert-v0,0,humanoid_gym_relative_v2,100,100,0.9156432244181633,0.3596232046416844,0.4098806616007413,0.4743688390846239,True,0.3927547270064752,0.005567179767390582,71.0,0.09588218848722928,20.0,AWAC
BC-G1JoystickFlatTerrain-005a8d1d,G1JoystickFlatTerrain,playground/g1-joystick-direction/medium-expert-v0,2,humanoid_gym_relative_v2,100,100,0.5513308582268656,0.2662801574356854,0.28416764170322956,0.27108875672096094,True,0.4829770608016911,-0.1037026719523206,56.99999999999999,0.13872082362300878,14.000000000000002,BC
BC-G1JoystickFlatTerrain-0060081b,G1JoystickFlatTerrain,playground/g1-joystick-direction/expert-v0,0,humanoid_gym_relative_v2,100,100,0.6921086758375168,0.36546419343096204,0.2738503974535341,0.3191100220900112,True,0.5280445198706921,-0.010722197397132842,56.99999999999999,0.2893032167868724,14.000000000000002,BC
BC-G1JoystickFlatTerrain-183326c0,G1JoystickFlatTerrain,playground/g1-joystick-direction/medium-v0,1,humanoid_gym_relative_v2,100,100,0.22442936318926512,0.1621861849632114,0.14491742909125413,0.17183041857079026,True,0.7226602734083286,-0.03599729011276978,44.0,0.011086458992506047,25.0,BC
BC-G1JoystickFlatTerrain-21344791,G1JoystickFlatTerrain,playground/g1-joystick-direction/medium-v0,2,humanoid_gym_relative_v2,100,100,0.3128848616406322,0.20925443990039638,0.18229117919647198,0.17355220289585618,True,0.6687905538259572,0.001718615448760929,44.0,0.17840346571173135,21.0,BC
BC-G1JoystickFlatTerrain-2d7a4b34,G1JoystickFlatTerrain,playground/g1-joystick-direction/expert-v0,2,humanoid_gym_relative_v2,100,100,0.7468263594806195,0.39703384895576166,0.26333178741308605,0.31053688220878084,True,0.5316280604127028,-0.013733154555752332,56.99999999999999,0.25189048722094154,15.0,BC
BC-G1JoystickFlatTerrain-3f032e42,G1JoystickFlatTerrain,playground/g1-joystick-direction/medium-replay-v0,2,humanoid_gym_relative_v2,100,100,0.054697288798415684,0.04583158012595959,0.03820518379238613,0.035506341888176286,True,0.8379131970301077,-0.3345180205065021,18.0,0.09673122602168784,16.0,BC
BC-G1JoystickFlatTerrain-7e3aa627,G1JoystickFlatTerrain,playground/g1-joystick-direction/medium-expert-v0,1,humanoid_gym_relative_v2,100,100,0.5905576374250814,0.3054276968818158,0.29061646936884106,0.2808874750904414,True,0.5171852458187244,-0.015798213518179807,57.99999999999999,0.1384413861525236,16.0,BC
BC-G1JoystickFlatTerrain-a2e9a32d,G1JoystickFlatTerrain,playground/g1-joystick-direction/medium-expert-v0,0,humanoid_gym_relative_v2,100,100,0.5624932952597738,0.28031614474588423,0.2962120295501215,0.2631051450289197,True,0.49834575293280087,-0.010627071155418246,56.00000000000001,0.12410343925243571,17.0,BC
BC-G1JoystickFlatTerrain-da0a4f53,G1JoystickFlatTerrain,playground/g1-joystick-direction/medium-replay-v0,1,humanoid_gym_relative_v2,100,100,0.047025849097117316,0.037388172824430514,0.03543833162095006,0.03892368900487296,False,,,,,,BC
BC-G1JoystickFlatTerrain-defc385d,G1JoystickFlatTerrain,playground/g1-joystick-direction/medium-replay-v0,0,humanoid_gym_relative_v2,100,100,0.05439120952505618,0.042207692379597574,0.03798829741480463,0.040121756400024015,True,0.7760020920320576,-0.2832726720258192,19.0,0.16203729099353906,13.0,BC
BC-G1JoystickFlatTerrain-e1bc66b5,G1JoystickFlatTerrain,playground/g1-joystick-direction/expert-v0,1,humanoid_gym_relative_v2,100,100,0.7472989543154835,0.4123463633831125,0.2583813223383138,0.33244976285309785,True,0.55178233691069,-0.04844318675022793,51.0,0.27786202055541925,13.0,BC
BC-G1JoystickFlatTerrain-e92520bb,G1JoystickFlatTerrain,playground/g1-joystick-direction/medium-v0,0,humanoid_gym_relative_v2,100,100,0.24463523656129837,0.17760801879689098,0.16080331842709825,0.143202959169138,True,0.726011597075827,0.07850756721209051,42.0,0.14804019110619182,22.0,BC
BC-Go2Footstand-1b47b6d0,Go2Footstand,playground/go2-footstand/medium-v0,0,humanoid_gym_relative_v2,100,100,0.3920036520808935,0.2767930317879654,0.2464277337781325,0.2901584001431447,True,0.7060980945423608,-0.0106016352189031,57.99999999999999,0.2445615756244499,34.0,BC
BC-Go2Footstand-1c714f23,Go2Footstand,playground/go2-footstand/medium-expert-v0,0,humanoid_gym_relative_v2,100,100,0.9713491547107695,0.5640640559431631,0.0811098066514308,0.4167731894857335,True,0.5807016490492748,-0.0033971187920608,42.0,0.9752147256818816,1.0,BC
BC-Go2Footstand-1f3331a4,Go2Footstand,playground/go2-footstand/medium-expert-v0,2,humanoid_gym_relative_v2,100,100,0.9672723116725684,0.5510187335731461,0.0975118738675086,0.4515779987830513,True,0.5696624693209161,-0.0043386264016269,40.0,0.9601108695628476,1.0,BC
BC-Go2Footstand-2366d633,Go2Footstand,playground/go2-footstand/medium-expert-v0,1,humanoid_gym_relative_v2,100,100,0.9721982538700104,0.5651212985531311,0.0571974786538779,0.4235036264335984,True,0.5812819518072203,-0.004026174210239,40.0,0.9470567321301818,0.0,BC
BC-Go2Footstand-4d605bba,Go2Footstand,playground/go2-footstand/medium-v0,2,humanoid_gym_relative_v2,100,100,0.3736113332211971,0.327753949558537,0.2227651117809728,0.2773959544524469,True,0.8772591204145561,-0.0080785750228362,46.0,0.2779833688103624,31.0,BC
BC-Go2Footstand-6430b8ff,Go2Footstand,playground/go2-footstand/expert-v0,0,humanoid_gym_relative_v2,100,100,0.9584188620746136,0.4052364510389452,0.1260152209831998,0.448278439209352,True,0.4228176917989301,-0.0042808035411645,57.99999999999999,0.7908669393792814,2.0,BC
BC-Go2Footstand-a93eafc2,Go2Footstand,playground/go2-footstand/medium-replay-v0,1,humanoid_gym_relative_v2,100,100,0.013740537110134,0.0105658100795699,0.0759133053747472,0.0349484481665608,False,,,,,,BC
BC-Go2Footstand-ae989e17,Go2Footstand,playground/go2-footstand/medium-replay-v0,2,humanoid_gym_relative_v2,100,100,0.0067837815783423,0.0067440723274194,0.0049391331585569,0.0044295178406726,False,,,,,,BC
BC-Go2Footstand-d2c68bcb,Go2Footstand,playground/go2-footstand/expert-v0,1,humanoid_gym_relative_v2,100,100,0.9822192770242693,0.3932322561903856,0.064123367248268,0.4534802306507396,True,0.4003507825479885,-0.0041880251202607,62.0,1.0052254643228276,1.0,BC
BC-Go2Footstand-d32f9de1,Go2Footstand,playground/go2-footstand/medium-replay-v0,0,humanoid_gym_relative_v2,100,100,0.0100840133736346,0.0096464737597852,0.012453603009835,0.0058632566431269,False,,,,,,BC
BC-Go2Footstand-dbb93db8,Go2Footstand,playground/go2-footstand/medium-v0,1,humanoid_gym_relative_v2,100,100,0.4167126307636499,0.4048566477687563,0.2598611890073284,0.2981790649901929,True,0.9715487793754491,-0.0095802256613156,39.0,0.19910680391137,29.0,BC
BC-Go2Footstand-f87f4fa7,Go2Footstand,playground/go2-footstand/expert-v0,2,humanoid_gym_relative_v2,100,100,0.9627557149529458,0.4491495985805522,0.1301225429419835,0.4772744136340626,True,0.4665249882235228,-0.0042834733831336,55.00000000000001,1.0238336287116758,4.0,BC
BC-Go2Getup-01eb9ca0,Go2Getup,playground/go2-getup/medium-expert-v0,2,humanoid_gym_relative_v2,100,100,0.5823094712942839,0.5179623365402222,0.46724837696141,0.4569134481037544,True,0.889496671570464,-0.4045402944587867,30.0,-0.4041648017961824,27.0,BC
BC-Go2Getup-0316a950,Go2Getup,playground/go2-getup/medium-replay-v0,1,humanoid_gym_relative_v2,100,100,0.2989279732108116,0.2620700465887784,0.3430034695173884,0.3058726558433762,True,0.8766996402974974,-0.7821619179737482,24.0,-0.7818193205430193,24.0,BC
BC-Go2Getup-1ef43f4f,Go2Getup,playground/go2-getup/expert-v0,1,humanoid_gym_relative_v2,100,100,0.3259138231885663,0.2188613240327686,0.5699327949562596,0.547209996796726,True,0.6715312713389896,-0.7321367355033339,65.0,-0.7320482513237544,56.99999999999999,BC
BC-Go2Getup-2416ea3c,Go2Getup,playground/go2-getup/medium-expert-v0,0,humanoid_gym_relative_v2,100,100,0.580057008638978,0.5560178124159575,0.476316345424273,0.4443015769046737,True,0.9585571834061188,-0.4052942267118563,28.000000000000004,-0.4053625135631409,29.0,BC
BC-Go2Getup-444e6d59,Go2Getup,playground/go2-getup/medium-v0,2,humanoid_gym_relative_v2,100,100,0.5698483700305224,0.5325238643586636,0.440800992005776,0.4533662028283837,True,0.9345009872190044,-0.412795105402563,30.0,-0.4124557614399289,25.0,BC
BC-Go2Getup-7c2df4bb,Go2Getup,playground/go2-getup/expert-v0,0,humanoid_gym_relative_v2,100,100,0.2172057650983333,0.1431778437970206,0.5859143200205327,0.5391834756953393,True,0.6591806793535206,-1.0986019305142514,70.0,-1.0986024930661786,66.0,BC
BC-Go2Getup-97d81233,Go2Getup,playground/go2-getup/medium-expert-v0,1,humanoid_gym_relative_v2,100,100,0.6078194597363472,0.526936169564724,0.4669672821839375,0.4461728244017121,True,0.866928758406801,-0.3853449164638989,29.0,-0.3883674177624293,26.0,BC
BC-Go2Getup-b5e37d4d,Go2Getup,playground/go2-getup/medium-v0,1,humanoid_gym_relative_v2,100,100,0.5339798438549042,0.5218862262368202,0.4602457211924597,0.4615324525852209,True,0.9773519211309968,-0.4412852857551963,30.0,-0.4414063329588584,30.0,BC
BC-Go2Getup-b63cfa32,Go2Getup,playground/go2-getup/medium-v0,0,humanoid_gym_relative_v2,100,100,0.5576908408850432,0.5436733391880989,0.4420267812375179,0.4460804765554593,True,0.9748651032627704,-0.4228011131158911,27.0,-0.4206896156931274,26.0,BC
BC-Go2Getup-e4f6a0ea,Go2Getup,playground/go2-getup/expert-v0,2,humanoid_gym_relative_v2,100,100,0.3199298824742436,0.1805214366689324,0.6122278059996751,0.5576046070306865,True,0.5642531271940987,-0.7458405852535607,67.0,-0.7458476182800566,56.99999999999999,BC
BC-Go2Getup-e96d3e22,Go2Getup,playground/go2-getup/medium-replay-v0,2,humanoid_gym_relative_v2,100,100,0.3491116115450859,0.2700504864752293,0.3959741526844549,0.334127295506658,True,0.773536248995126,-0.6705544105196265,26.0,-0.6683610013880003,25.0,BC
BC-Go2Getup-eba62dbb,Go2Getup,playground/go2-getup/medium-replay-v0,0,humanoid_gym_relative_v2,100,100,0.3801191837154329,0.2835488910973072,0.4257722247251945,0.3463795208975374,True,0.7459473324281872,-0.6169155390822822,28.000000000000004,-0.6181879226935331,27.0,BC
BC-Go2GetupWalk-2d9ba2cf,Go2GetupWalk,playground/go2-getup-walk/medium-expert-v0,2,humanoid_gym_relative_v2,100,100,0.394616050068289,0.3646090541034937,0.241451585883806,0.2288443430663498,True,0.9239590078518028,0.1982378718209188,37.0,0.2041153874823592,33.0,BC
BC-Go2GetupWalk-357e33b0,Go2GetupWalk,playground/go2-getup-walk/expert-v0,2,humanoid_gym_relative_v2,100,100,0.3185852830292424,0.1385860821721144,0.4664556143295073,0.2975253490482165,True,0.4350046582641226,-0.291112729195175,72.0,-0.291112729195175,65.0,BC
BC-Go2GetupWalk-4aeffbec,Go2GetupWalk,playground/go2-getup-walk/expert-v0,1,humanoid_gym_relative_v2,100,100,0.3826412159344181,0.1407114740821998,0.4920499586420929,0.3201775718588141,True,0.3677373691659937,-0.2423790939446411,75.0,-0.2423790939446411,56.00000000000001,BC
BC-Go2GetupWalk-7287695e,Go2GetupWalk,playground/go2-getup-walk/medium-v0,1,humanoid_gym_relative_v2,100,100,0.3963983353972435,0.3534945898316801,0.2427356199101199,0.2292048391703464,True,0.89176608039343,0.1830998687482617,40.0,0.2232109473646305,36.0,BC
BC-Go2GetupWalk-78d748db,Go2GetupWalk,playground/go2-getup-walk/medium-expert-v0,0,humanoid_gym_relative_v2,100,100,0.3859808425419032,0.3487894872389734,0.2525293327207571,0.2353558055593003,True,0.9036445564033604,0.1686029758450667,41.0,0.2268379508161795,41.0,BC
BC-Go2GetupWalk-a41d597e,Go2GetupWalk,playground/go2-getup-walk/medium-replay-v0,1,humanoid_gym_relative_v2,100,100,0.1926651354506612,0.1753495740517973,0.1686420679637071,0.1672837765208584,True,0.9101261296790354,-0.4813752680635388,26.0,-0.4813752680635388,23.0,BC
BC-Go2GetupWalk-a4c1237d,Go2GetupWalk,playground/go2-getup-walk/medium-replay-v0,2,humanoid_gym_relative_v2,100,100,0.1178967650607228,0.1234318760037422,0.1147235882731846,0.1337005351998244,True,1.046948794058671,-0.7866405429925607,17.0,-0.7866562850667875,19.0,BC
BC-Go2GetupWalk-a63264a1,Go2GetupWalk,playground/go2-getup-walk/medium-expert-v0,1,humanoid_gym_relative_v2,100,100,0.3932913977652788,0.3334544087946415,0.2472465613859885,0.2396004234695536,True,0.847855840960069,0.1412005652483015,46.0,0.2428513229498491,35.0,BC
BC-Go2GetupWalk-cd10e9fc,Go2GetupWalk,playground/go2-getup-walk/medium-v0,2,humanoid_gym_relative_v2,100,100,0.399609197974205,0.3884194725006819,0.2260065634048911,0.2178425261026846,True,0.9719983285413628,0.167921886925572,27.0,0.260184054630558,30.0,BC
BC-Go2GetupWalk-cf8841d2,Go2GetupWalk,playground/go2-getup-walk/medium-v0,0,humanoid_gym_relative_v2,100,100,0.4230803210102021,0.3719690572842956,0.2267339098607534,0.2262057000422316,True,0.8791925287286665,0.1956313821229584,34.0,0.3030803123551881,29.0,BC
BC-Go2GetupWalk-eb70913a,Go2GetupWalk,playground/go2-getup-walk/medium-replay-v0,0,humanoid_gym_relative_v2,100,100,0.2022944311425089,0.1806973748281598,0.1809744110619116,0.1721713872119687,True,0.8932394916045177,-0.4584616131065178,28.000000000000004,-0.4584616131065178,23.0,BC
BC-Go2GetupWalk-f2304788,Go2GetupWalk,playground/go2-getup-walk/expert-v0,0,humanoid_gym_relative_v2,100,100,0.4037872810289263,0.1859955238213297,0.4934961632735147,0.3005897373250127,True,0.4606274951191576,-0.2296858657551823,64.0,-0.2296858657551823,56.00000000000001,BC
BC-Go2Handstand-28fdac32,Go2Handstand,playground/go2-handstand/expert-v0,1,humanoid_gym_relative_v2,100,100,0.9177289988845588,0.4091988684050738,0.2156043741412009,0.4210494446316151,True,0.4458820293381043,0.0162501956562975,64.0,0.3282567963799999,8.0,BC
BC-Go2Handstand-342082d8,Go2Handstand,playground/go2-handstand/expert-v0,2,humanoid_gym_relative_v2,100,100,0.8729823961108923,0.4292954401299357,0.2499273184930863,0.4458557942145061,True,0.4917572702982703,0.0160665681672994,56.99999999999999,0.3156874690868868,13.0,BC
BC-Go2Handstand-4047fa18,Go2Handstand,playground/go2-handstand/medium-replay-v0,2,humanoid_gym_relative_v2,100,100,0.0201039750804193,0.0146841612551361,0.0547420856031076,0.0334313758271582,False,,,,,,BC
BC-Go2Handstand-564fbc14,Go2Handstand,playground/go2-handstand/medium-expert-v0,0,humanoid_gym_relative_v2,100,100,0.4917375645413995,0.3858852965570986,0.3204248929447932,0.2653878366969938,True,0.7847382920948495,0.1138377762647621,46.0,0.1020998090036689,32.0,BC
BC-Go2Handstand-63f304ca,Go2Handstand,playground/go2-handstand/expert-v0,0,humanoid_gym_relative_v2,100,100,0.922372135296464,0.4164436760544777,0.2018150230979869,0.4376531926969919,True,0.4514920389703951,0.015269449953884,57.99999999999999,0.4123022919131339,7.000000000000001,BC
BC-Go2Handstand-8b75e897,Go2Handstand,playground/go2-handstand/medium-v0,1,humanoid_gym_relative_v2,100,100,0.3875047909468412,0.3332495833560824,0.2101725363697211,0.2366807204137843,True,0.8599882921235892,0.1326161925602285,36.0,0.3418189902485321,20.0,BC
BC-Go2Handstand-9a34d141,Go2Handstand,playground/go2-handstand/medium-v0,0,humanoid_gym_relative_v2,100,100,0.3272309309616685,0.3246526277437806,0.1990250690388151,0.2179078238583046,True,0.9921208450243052,0.324230864529016,29.0,0.3370250344386671,27.0,BC
BC-Go2Handstand-c35d6d7a,Go2Handstand,playground/go2-handstand/medium-expert-v0,2,humanoid_gym_relative_v2,100,100,0.484145317748189,0.375153027921915,0.2667118038601159,0.2391047905124161,True,0.7748769102359421,0.2300141295229524,40.0,0.3061656536634001,22.0,BC
BC-Go2Handstand-cf957cd2,Go2Handstand,playground/go2-handstand/medium-replay-v0,0,humanoid_gym_relative_v2,100,100,0.0495820647245273,0.0276249601971358,0.1377471656602177,0.0650136434798139,False,,,,,,BC
BC-Go2Handstand-dc7761cd,Go2Handstand,playground/go2-handstand/medium-v0,2,humanoid_gym_relative_v2,100,100,0.3724304583668709,0.3683843975886702,0.2090876523082685,0.2321082755398568,True,0.9891360636937622,0.3406193181440763,31.0,0.359753669108649,17.0,BC
BC-Go2Handstand-f7f0a419,Go2Handstand,playground/go2-handstand/medium-expert-v0,1,humanoid_gym_relative_v2,100,100,0.4733039327524602,0.4447380068153143,0.3057228962118177,0.280139280584956,True,0.9396457034045268,0.194160801170564,32.0,0.1015260249701395,33.0,BC
BC-Go2Handstand-fdb88bfd,Go2Handstand,playground/go2-handstand/medium-replay-v0,1,humanoid_gym_relative_v2,100,100,0.0237201103242114,0.0250846128375269,0.0842795384947844,0.0813057792635892,False,,,,,,BC
BC-Go2JoystickFlatTerrain-0c0d90ef,Go2JoystickFlatTerrain,playground/go2-joystick-direction/expert-v0,2,humanoid_gym_relative_v2,100,100,0.9880350375175476,0.6206627993658185,0.1143196662514164,0.5374933602428615,True,0.6281789367766175,-0.4793856852060565,25.0,0.8051106520868966,0.0,BC
BC-Go2JoystickFlatTerrain-12e7d9a6,Go2JoystickFlatTerrain,playground/go2-joystick-direction/medium-v0,1,humanoid_gym_relative_v2,100,100,0.4748831920020165,0.395579746440053,0.2622416762821299,0.2679768302931688,True,0.8330043115915823,-0.0531494607504857,28.000000000000004,0.1344267722518615,16.0,BC
BC-Go2JoystickFlatTerrain-1ebda6a8,Go2JoystickFlatTerrain,playground/go2-flat-forward/medium-expert-v0,1,humanoid_gym_relative_v2,100,100,0.7204430294036865,0.4628864696621895,0.1554383669609436,0.2233309283719753,True,0.6425025307626647,0.1842399319372158,29.0,0.8812093628816781,3.0,BC
BC-Go2JoystickFlatTerrain-313380b4,Go2JoystickFlatTerrain,playground/go2-flat-forward/medium-replay-v0,1,humanoid_gym_relative_v2,100,100,0.4916659814119339,0.212691673412919,0.3684501658163823,0.335404267847029,True,0.4325938369828336,-0.9636257830495856,67.0,-0.96778606172098,38.0,BC
BC-Go2JoystickFlatTerrain-546f6562,Go2JoystickFlatTerrain,playground/go2-flat-forward/medium-v0,1,humanoid_gym_relative_v2,100,100,0.6427056223154068,0.4495775423943996,0.031288524338951,0.1845000526065527,True,0.6995077167284685,0.227443215051051,27.0,0.9724479452878848,0.0,BC
BC-Go2JoystickFlatTerrain-59e9c78e,Go2JoystickFlatTerrain,playground/go2-flat-forward/expert-v0,0,humanoid_gym_relative_v2,100,100,0.9796337246894836,0.8339932528138161,0.0044512686651128,0.2410447498162194,True,0.8513317087753063,0.7024734333732879,3.0,0.9898222822991264,0.0,BC
BC-Go2JoystickFlatTerrain-6c0f673d,Go2JoystickFlatTerrain,playground/go2-joystick-direction/medium-expert-v0,2,humanoid_gym_relative_v2,100,100,0.5642093107476831,0.4274526374525157,0.3482444214409827,0.3139347105422287,True,0.7576135829556958,-0.0005562826887553,33.0,0.092077334864807,25.0,BC
BC-Go2JoystickFlatTerrain-6c486424,Go2JoystickFlatTerrain,playground/go2-flat-forward/expert-v0,2,humanoid_gym_relative_v2,100,100,0.9796218168735504,0.852499469332397,0.0039665913250838,0.1479216595390793,True,0.8702332416943687,0.7151674365061395,3.0,0.9926056371539804,0.0,BC
BC-Go2JoystickFlatTerrain-7b2bfe23,Go2JoystickFlatTerrain,playground/go2-flat-forward/medium-expert-v0,2,humanoid_gym_relative_v2,100,100,0.7398638126254081,0.4554115125257522,0.1822581303553856,0.2449857475777513,True,0.6155342439437923,0.177755530024219,37.0,0.4891636998455084,7.000000000000001,BC
BC-Go2JoystickFlatTerrain-7d93f64c,Go2JoystickFlatTerrain,playground/go2-flat-forward/medium-replay-v0,2,humanoid_gym_relative_v2,100,100,0.5210694368183613,0.2231008281558752,0.2804007899517536,0.3207663456896435,True,0.428159497356291,-0.9119913347813772,71.0,0.4442237287450596,31.0,BC
BC-Go2JoystickFlatTerrain-7f20c852,Go2JoystickFlatTerrain,playground/go2-joystick-direction/medium-expert-v0,0,humanoid_gym_relative_v2,100,100,0.5850624028220772,0.4244498191215098,0.3313579824174146,0.3182751450533657,True,0.7254778585568912,0.0383714160502814,37.0,0.1462750342404593,21.0,BC
BC-Go2JoystickFlatTerrain-85f81fb3,Go2JoystickFlatTerrain,playground/go2-flat-forward/expert-v0,1,humanoid_gym_relative_v2,100,100,0.9789859759807586,0.8433892705291509,0.0040415231827268,0.1825331875771597,True,0.8614926987940092,0.6924620581381221,3.0,0.9930530412382048,0.0,BC
BC-Go2JoystickFlatTerrain-8ac64cb1,Go2JoystickFlatTerrain,playground/go2-joystick-direction/medium-replay-v0,0,humanoid_gym_relative_v2,100,100,0.3039197613019496,0.2425480358395725,0.3588317883915289,0.3392276540773018,True,0.7980660250604659,-1.525019021628114,37.0,-1.5470585486455155,30.0,BC
BC-Go2JoystickFlatTerrain-9823ada8,Go2JoystickFlatTerrain,playground/go2-joystick-direction/medium-replay-v0,2,humanoid_gym_relative_v2,100,100,0.2959566240152344,0.19035009148065,0.3528114242994106,0.3554144475794167,True,0.6431688836633429,-1.5594943981624991,42.0,-1.4683442352598717,30.0,BC
BC-Go2JoystickFlatTerrain-9c6e818a,Go2JoystickFlatTerrain,playground/go2-joystick-direction/expert-v0,0,humanoid_gym_relative_v2,100,100,0.9785005450248718,0.700000153183937,0.1467565295649396,0.447262073064479,True,0.7153804428040909,-0.4171488513244132,22.0,0.790565920964346,1.0,BC
BC-Go2JoystickFlatTerrain-d597e54e,Go2JoystickFlatTerrain,playground/go2-flat-forward/medium-replay-v0,0,humanoid_gym_relative_v2,100,100,0.5972728087007999,0.2913165789097547,0.309113774753559,0.3394703793255789,True,0.4877445861689779,-0.7975830939654351,48.0,-0.5261807696443577,12.0,BC
BC-Go2JoystickFlatTerrain-e9bb5f28,Go2JoystickFlatTerrain,playground/go2-joystick-direction/expert-v0,1,humanoid_gym_relative_v2,100,100,0.988574383854866,0.599343944825232,0.1130929042400406,0.5318845098767613,True,0.6062709641414525,-0.4720884365779326,31.0,0.7933525939304293,0.0,BC
BC-Go2JoystickFlatTerrain-eee48d71,Go2JoystickFlatTerrain,playground/go2-joystick-direction/medium-v0,2,humanoid_gym_relative_v2,100,100,0.4602860842319205,0.4025638086278922,0.275064119458132,0.2602956211032115,True,0.874594784458128,0.0564015527881269,27.0,0.1090072376628959,19.0,BC
BC-Go2JoystickFlatTerrain-f0b7893c,Go2JoystickFlatTerrain,playground/go2-flat-forward/medium-expert-v0,0,humanoid_gym_relative_v2,100,100,0.7574156662821769,0.4820161379873752,0.1686777351904093,0.2396801525051705,True,0.636395785623741,0.2040986673385741,28.000000000000004,0.8519228474816914,3.0,BC
BC-Go2JoystickFlatTerrain-f249e3a0,Go2JoystickFlatTerrain,playground/go2-flat-forward/medium-v0,0,humanoid_gym_relative_v2,100,100,0.6470150271058083,0.4495861982554197,0.0664668012150474,0.1987539085129324,True,0.6948620656717723,0.2973644410586128,20.0,0.9626489775146114,0.0,BC
BC-Go2JoystickFlatTerrain-f26d54a3,Go2JoystickFlatTerrain,playground/go2-flat-forward/medium-v0,2,humanoid_gym_relative_v2,100,100,0.6525444704294204,0.4570997252315283,0.044423311722263,0.1935652800943619,True,0.7004882363507339,0.2406924834420424,20.0,0.991375258583979,0.0,BC
BC-Go2JoystickFlatTerrain-f5f73542,Go2JoystickFlatTerrain,playground/go2-joystick-direction/medium-v0,0,humanoid_gym_relative_v2,100,100,0.4643269727932056,0.3773340056277811,0.2651197632446745,0.284644580744925,True,0.8126471812694629,-0.0917193760061029,30.0,0.1237292946223303,18.0,BC
BC-Go2JoystickFlatTerrain-f8d5f8d2,Go2JoystickFlatTerrain,playground/go2-joystick-direction/medium-expert-v0,1,humanoid_gym_relative_v2,100,100,0.5736016256548464,0.4278518237546086,0.3381808568125428,0.3124948783389362,True,0.7459041338422916,0.0399842003079742,35.0,0.1342545476721567,23.0,BC
BC-Go2JoystickFlatTerrain-f91bf68c,Go2JoystickFlatTerrain,playground/go2-joystick-direction/medium-replay-v0,1,humanoid_gym_relative_v2,100,100,0.3118638982530683,0.2594044095138088,0.3529722205361291,0.3354355025785445,True,0.831787234645896,-0.9144218062436036,38.0,-1.1028304241905733,30.0,BC
BC-Go2PushRecovery-06723141,Go2PushRecovery,playground/go2-push-recovery/medium-replay-v0,0,humanoid_gym_relative_v2,100,100,0.1532075096736662,0.0905735221109353,0.187286305979496,0.1200494990300641,True,0.5911820008291889,0.087770569971897,68.0,0.1334986717542426,54.0,BC
BC-Go2PushRecovery-0e7ded7a,Go2PushRecovery,playground/go2-push-recovery/expert-v0,2,humanoid_gym_relative_v2,100,100,0.9781339568644762,0.5931851829309016,0.2783505605838041,0.4338486579508321,True,0.6064457519013312,-0.0110943447874112,48.0,0.2603299933050536,8.0,BC
BC-Go2PushRecovery-188c6659,Go2PushRecovery,playground/go2-push-recovery/medium-replay-v0,1,humanoid_gym_relative_v2,100,100,0.1488097319821827,0.0936333113675937,0.1835446809983702,0.1068975610906182,True,0.6292149721686522,0.102246009411659,64.0,0.1218042840215549,50.0,BC
BC-Go2PushRecovery-230ed69a,Go2PushRecovery,playground/go2-push-recovery/expert-v0,1,humanoid_gym_relative_v2,100,100,0.9151510364376008,0.5372302788775414,0.3527610203790678,0.4485143540049843,True,0.5870400157866971,-0.0041816338531612,52.0,0.1177360620811591,15.0,BC
BC-Go2PushRecovery-44172f17,Go2PushRecovery,playground/go2-push-recovery/medium-v0,1,humanoid_gym_relative_v2,100,100,0.2701485577970743,0.1645029330579564,0.2520056924632005,0.1798813902991055,True,0.6089350777934746,0.071082064835337,67.0,0.1344017388266926,43.0,BC
BC-Go2PushRecovery-444aece3,Go2PushRecovery,playground/go2-push-recovery/medium-v0,0,humanoid_gym_relative_v2,100,100,0.2625873854570091,0.1544355449185604,0.2529585114021125,0.1630484235535194,True,0.5881300986708851,0.0638847800881291,66.0,0.1120874094231657,44.0,BC
BC-Go2PushRecovery-5adca331,Go2PushRecovery,playground/go2-push-recovery/medium-expert-v0,1,humanoid_gym_relative_v2,100,100,0.3378275670669973,0.2094850298020174,0.3538658025724057,0.25467650621553,True,0.6200945400067743,0.0423581359899943,63.0,0.07465530201661,44.0,BC
BC-Go2PushRecovery-627ce80a,Go2PushRecovery,playground/go2-push-recovery/medium-v0,2,humanoid_gym_relative_v2,100,100,0.2822460709325969,0.1600286884745582,0.2802831123245579,0.1807380638701363,True,0.5669828740070386,0.0582551241044776,66.0,0.1207055190164871,44.0,BC
BC-Go2PushRecovery-7b925de8,Go2PushRecovery,playground/go2-push-recovery/medium-expert-v0,0,humanoid_gym_relative_v2,100,100,0.4522668142057955,0.200081407611724,0.3909651746768637,0.250296103162491,True,0.4423968359541868,0.0362145541546521,76.0,0.0536829091129357,41.0,BC
BC-Go2PushRecovery-e26f868e,Go2PushRecovery,playground/go2-push-recovery/medium-replay-v0,2,humanoid_gym_relative_v2,100,100,0.1381060889596119,0.0909561386890709,0.1777014446790955,0.0992847276639623,True,0.6585961515112513,0.1040250102565275,56.00000000000001,0.1428555502617116,47.0,BC
BC-Go2PushRecovery-ea10f111,Go2PushRecovery,playground/go2-push-recovery/expert-v0,0,humanoid_gym_relative_v2,100,100,0.9532765084132552,0.552928101727739,0.3085965883777715,0.4223212364774754,True,0.5800290858400541,0.0196122966374918,48.0,0.2504248516039284,12.0,BC
BC-Go2PushRecovery-f1548d85,Go2PushRecovery,playground/go2-push-recovery/medium-expert-v0,2,humanoid_gym_relative_v2,100,100,0.4536709061823785,0.240219023192767,0.3887506941046616,0.2752329846136652,True,0.5295006135927912,0.0289173092585087,67.0,0.0906869874059784,40.0,BC
BC-Go2RoughCurriculum-01e0abd4,Go2RoughCurriculum,playground/go2-rough-terrain/medium-expert-v0,1,humanoid_gym_relative_v2,100,100,0.7929666808643379,0.4994225984998047,0.2994851280178193,0.3667942031388941,True,0.6298153636864433,-0.0478651553455283,42.0,0.058944665925721,14.000000000000002,BC
BC-Go2RoughCurriculum-1fd8aa3c,Go2RoughCurriculum,playground/go2-rough-terrain/medium-v0,1,humanoid_gym_relative_v2,100,100,0.540323558789678,0.4649084012431558,0.2329814742102924,0.260367554959785,True,0.8604259312411775,-0.0684912738307328,26.0,0.138524024948225,19.0,BC
BC-Go2RoughCurriculum-5911c881,Go2RoughCurriculum,playground/go2-rough-terrain/medium-expert-v0,2,humanoid_gym_relative_v2,100,100,0.8184113729000092,0.5287717362679542,0.2733939767013136,0.3880706560809986,True,0.6460952936104393,-0.0521428335192473,39.0,0.1720685242071294,10.0,BC
BC-Go2RoughCurriculum-6497e81a,Go2RoughCurriculum,playground/go2-rough-terrain/expert-v0,0,humanoid_gym_relative_v2,100,100,0.9321458876878024,0.7475875644292682,0.1761011312940172,0.3264566117753981,True,0.8020070402109127,-0.0141698063772818,18.0,0.9195375755694716,3.0,BC
BC-Go2RoughCurriculum-a77e4ed6,Go2RoughCurriculum,playground/go2-rough-terrain/medium-expert-v0,0,humanoid_gym_relative_v2,100,100,0.7607427131570875,0.4924916470970493,0.2978680215791759,0.3684169942731594,True,0.6473826677263927,-0.0551608033800178,41.0,0.1026593660751272,17.0,BC
BC-Go2RoughCurriculum-aa015118,Go2RoughCurriculum,playground/go2-rough-terrain/expert-v0,2,humanoid_gym_relative_v2,100,100,0.917652305327356,0.7025122303829994,0.2109959303468184,0.3619495835763331,True,0.765553822841856,-0.0325052398585243,25.0,0.8823753525261131,5.0,BC
BC-Go2RoughCurriculum-ae40150c,Go2RoughCurriculum,playground/go2-rough-terrain/expert-v0,1,humanoid_gym_relative_v2,100,100,0.9358476161956788,0.685379788375094,0.1584338364696999,0.3763337385117604,True,0.7323625946297075,-0.0306007185807726,26.0,0.918674539760657,3.0,BC
BC-Go2RoughCurriculum-b4b4f60f,Go2RoughCurriculum,playground/go2-rough-terrain/medium-v0,2,humanoid_gym_relative_v2,100,100,0.5404649925371632,0.4636210539424792,0.2465367797227963,0.2700513471798389,True,0.8578188418199907,-0.0099548936794288,28.000000000000004,0.1337362996294633,22.0,BC
BC-Go2RoughCurriculum-c386ab90,Go2RoughCurriculum,playground/go2-rough-terrain/medium-replay-v0,1,humanoid_gym_relative_v2,100,100,0.4562330513622146,0.2877305370592512,0.389539992283033,0.3545540009942343,True,0.6306657007863617,-0.1019709014596572,56.99999999999999,-0.0886876288717278,40.0,BC
BC-Go2RoughCurriculum-f118da38,Go2RoughCurriculum,playground/go2-rough-terrain/medium-replay-v0,0,humanoid_gym_relative_v2,100,100,0.2627272856028867,0.140951115861535,0.3575742197822658,0.2916649406953991,True,0.5364921102050406,-0.18614160757149,73.0,-0.1725179640699245,55.00000000000001,BC
BC-Go2RoughCurriculum-f134ad2e,Go2RoughCurriculum,playground/go2-rough-terrain/medium-replay-v0,2,humanoid_gym_relative_v2,100,100,0.3669244838971645,0.2125961023630225,0.3921565640982359,0.3122219530749938,True,0.5794001536910397,-0.1302476492833034,67.0,-0.1220673591851708,47.0,BC
BC-Go2RoughCurriculum-ff09c5ce,Go2RoughCurriculum,playground/go2-rough-terrain/medium-v0,0,humanoid_gym_relative_v2,100,100,0.5171783630829304,0.4385467084555421,0.2177574758153434,0.2697887819691822,True,0.8479602778456151,-0.0462735298451637,30.0,0.227767836578729,16.0,BC
BC-H1JoystickGaitTracking-190cc0c5,H1JoystickGaitTracking,playground/h1-gait-tracking/medium-expert-v0,2,humanoid_gym_relative_v2,100,100,0.8697259268164634,0.37028974369095524,0.47747204321393644,0.49431302164346363,True,0.42575451906597783,0.005707453370366687,70.0,0.08902299295834264,27.0,BC
BC-H1JoystickGaitTracking-1bdcbbee,H1JoystickGaitTracking,playground/h1-gait-tracking/expert-v0,2,humanoid_gym_relative_v2,100,100,0.7612033523060382,0.30895656429231166,0.5444589315518257,0.469582711644691,True,0.4058791430126245,0.004526491475423244,73.0,0.008835277072225466,39.0,BC
BC-H1JoystickGaitTracking-2cece436,H1JoystickGaitTracking,playground/h1-gait-tracking/medium-replay-v0,1,humanoid_gym_relative_v2,100,100,-6.694958982734533e-05,-7.109750643394364e-05,0.00036373298631205207,0.00036273592475123386,False,,,,,,BC
BC-H1JoystickGaitTracking-50cae4b3,H1JoystickGaitTracking,playground/h1-gait-tracking/medium-v0,0,humanoid_gym_relative_v2,100,100,0.850098418071866,0.40084867332974683,0.4376452393259696,0.4935272844225689,True,0.4715320777080421,0.005059635233803364,65.0,0.10296121975004474,26.0,BC
BC-H1JoystickGaitTracking-514b59fe,H1JoystickGaitTracking,playground/h1-gait-tracking/medium-expert-v0,1,humanoid_gym_relative_v2,100,100,0.8664987658336759,0.3672580572083825,0.4507227601671774,0.47953107120828886,True,0.4238414083083386,0.0028504190407660094,68.0,0.09949686826958777,26.0,BC
BC-H1JoystickGaitTracking-5389211e,H1JoystickGaitTracking,playground/h1-gait-tracking/medium-v0,1,humanoid_gym_relative_v2,100,100,0.8445845870673656,0.3805387190135662,0.4397572586529516,0.4795230040357674,True,0.450563181995664,0.005623039059792832,67.0,0.09457335503123378,25.0,BC
BC-H1JoystickGaitTracking-70270a85,H1JoystickGaitTracking,playground/h1-gait-tracking/expert-v0,0,humanoid_gym_relative_v2,100,100,0.7878389817848802,0.32038008687872205,0.5588476854656097,0.48957024692967677,True,0.40665680968576645,0.0027062199956234376,74.0,0.010509797274757133,34.0,BC
BC-H1JoystickGaitTracking-9032b744,H1JoystickGaitTracking,playground/h1-gait-tracking/medium-replay-v0,2,humanoid_gym_relative_v2,100,100,-7.182383520557777e-05,-6.324187671452819e-05,0.00036031392566943907,0.0003807368936849002,False,,,,,,BC
BC-H1JoystickGaitTracking-9ad75407,H1JoystickGaitTracking,playground/h1-gait-tracking/expert-v0,1,humanoid_gym_relative_v2,100,100,0.7717845047917217,0.30432408869091887,0.555578888547307,0.4733996256444093,True,0.394312255301168,0.004947930584001484,75.0,0.008199894984982092,35.0,BC
BC-H1JoystickGaitTracking-a7963199,H1JoystickGaitTracking,playground/h1-gait-tracking/medium-replay-v0,0,humanoid_gym_relative_v2,100,100,-6.919918243511347e-05,-6.937552030649386e-05,0.00037527577188997766,0.00038409041416567204,False,,,,,,BC
BC-H1JoystickGaitTracking-cd23d29f,H1JoystickGaitTracking,playground/h1-gait-tracking/medium-expert-v0,0,humanoid_gym_relative_v2,100,100,0.8271928397938609,0.3567519022307533,0.47029771107891943,0.4756084645783318,True,0.4312802106938656,0.004471812506278108,70.0,0.10210853654591957,30.0,BC
BC-H1JoystickGaitTracking-d72bc1b6,H1JoystickGaitTracking,playground/h1-gait-tracking/medium-v0,2,humanoid_gym_relative_v2,100,100,0.7737346729263663,0.36809314073994753,0.4509467279522577,0.46921487158723235,True,0.47573561534701664,0.00791158915740135,68.0,0.10163038699880238,31.0,BC
CQL-G1JoystickFlatTerrain-08cd4b9a,G1JoystickFlatTerrain,playground/g1-joystick-direction/expert-v0,0,humanoid_gym_relative_v2,100,100,-0.03744752652477473,-0.03563152254999295,0.056557961608610874,0.04535900177928452,False,,,,,,CQL
CQL-G1JoystickFlatTerrain-3bb8bb64,G1JoystickFlatTerrain,playground/g1-joystick-direction/medium-replay-v0,0,humanoid_gym_relative_v2,100,100,0.034361134530481646,0.0033873591537121684,0.08175249826076852,0.0931027093185868,False,,,,,,CQL
CQL-G1JoystickFlatTerrain-49cd07cb,G1JoystickFlatTerrain,playground/g1-joystick-direction/medium-expert-v0,2,humanoid_gym_relative_v2,100,100,-0.02562771643672022,-0.02931375858723186,0.04927732079640421,0.04826930262256123,False,,,,,,CQL
CQL-G1JoystickFlatTerrain-594ee536,G1JoystickFlatTerrain,playground/g1-joystick-direction/medium-v0,1,humanoid_gym_relative_v2,100,100,0.3008155580726452,0.09478920525405556,0.17242896276403313,0.2787912850537018,True,0.3151073895957353,-1.1662770254963601,64.0,0.20687967140668004,19.0,CQL
CQL-G1JoystickFlatTerrain-5a766896,G1JoystickFlatTerrain,playground/g1-joystick-direction/medium-v0,2,humanoid_gym_relative_v2,100,100,0.2974985046091024,0.08252405401784926,0.18822825274182778,0.24463617517940964,True,0.2773931725347043,-1.1491602370122136,65.0,0.002809256219660025,20.0,CQL
CQL-G1JoystickFlatTerrain-b84ad58f,G1JoystickFlatTerrain,playground/g1-joystick-direction/medium-expert-v0,0,humanoid_gym_relative_v2,100,100,-0.03752077131881379,-0.0384911630521674,0.08350206555314667,0.08094596285246994,False,,,,,,CQL
CQL-G1JoystickFlatTerrain-bc81bb0a,G1JoystickFlatTerrain,playground/g1-joystick-direction/medium-expert-v0,1,humanoid_gym_relative_v2,100,100,-0.08994627483189106,-0.10082851225510239,0.08732558914304644,0.1037388795155226,False,,,,,,CQL
CQL-G1JoystickFlatTerrain-c55c7a97,G1JoystickFlatTerrain,playground/g1-joystick-direction/medium-v0,0,humanoid_gym_relative_v2,100,100,0.27372124401386827,0.07795676936744712,0.18281680480086954,0.17427035510696215,True,0.2848035038285059,-0.918899484708613,67.0,0.07013767968375881,22.0,CQL
CQL-G1JoystickFlatTerrain-c648ed0f,G1JoystickFlatTerrain,playground/g1-joystick-direction/medium-replay-v0,1,humanoid_gym_relative_v2,100,100,0.033821688753087074,0.0036688683900865725,0.0959062273594272,0.0869045959758283,False,,,,,,CQL
CQL-G1JoystickFlatTerrain-c9aa74be,G1JoystickFlatTerrain,playground/g1-joystick-direction/medium-replay-v0,2,humanoid_gym_relative_v2,100,100,0.03295372203632724,0.0007634893173235469,0.09151746681082534,0.09439337083880664,False,,,,,,CQL
CQL-G1JoystickFlatTerrain-ccd7dedd,G1JoystickFlatTerrain,playground/g1-joystick-direction/expert-v0,2,humanoid_gym_relative_v2,100,100,-0.02908245377271669,-0.034503205917280864,0.05186665219003966,0.047258620192332665,False,,,,,,CQL
CQL-G1JoystickFlatTerrain-d36d62f2,G1JoystickFlatTerrain,playground/g1-joystick-direction/expert-v0,1,humanoid_gym_relative_v2,100,100,-0.033176370220026,-0.03754767344100401,0.05953652394347072,0.06907047920735075,False,,,,,,CQL
CQL-Go2Footstand-25ecbd73,Go2Footstand,playground/go2-footstand/expert-v0,1,humanoid_gym_relative_v2,100,100,0.0019814119486909,0.003575270409201,0.0027985567337189,0.0034729871945274,False,,,,,,CQL
CQL-Go2Footstand-40990660,Go2Footstand,playground/go2-footstand/medium-expert-v0,2,humanoid_gym_relative_v2,100,100,0.0562319373525679,0.0254427079111337,0.0680503772135129,0.0282787328510909,True,0.4524600984598994,-0.094459874983969,51.0,0.4452260780764683,17.0,CQL
CQL-Go2Footstand-47a89292,Go2Footstand,playground/go2-footstand/medium-v0,0,humanoid_gym_relative_v2,100,100,0.5055150616914034,0.3526704570429865,0.2472304953572369,0.3224631146647278,True,0.697645794890831,-0.0082103641819224,46.0,0.2641960649164587,25.0,CQL
CQL-Go2Footstand-4d400322,Go2Footstand,playground/go2-footstand/medium-replay-v0,1,humanoid_gym_relative_v2,100,100,0.5342692798748613,0.2798635932081379,0.2909950675637924,0.3358891451828196,True,0.523824976936141,-0.008126459726774,62.0,0.1247667799929598,29.0,CQL
CQL-Go2Footstand-55f52197,Go2Footstand,playground/go2-footstand/medium-v0,1,humanoid_gym_relative_v2,100,100,0.6934021266549826,0.4085478270100429,0.1646123341459084,0.3322149342527379,True,0.5891932131516592,-0.005935010484043,47.0,0.5064840717498541,5.0,CQL
CQL-Go2Footstand-57c16b1e,Go2Footstand,playground/go2-footstand/expert-v0,0,humanoid_gym_relative_v2,100,100,0.000884578519981,0.0020208813245412,0.001398552452966,0.0020015840826727,False,,,,,,CQL
CQL-Go2Footstand-5c541d14,Go2Footstand,playground/go2-footstand/medium-replay-v0,0,humanoid_gym_relative_v2,100,100,0.6273162848502397,0.306954604741768,0.2456222372666725,0.3530101944300984,True,0.4893139428303663,-0.0069907111062,59.0,0.2148315397104991,18.0,CQL
CQL-Go2Footstand-6c0cc32b,Go2Footstand,playground/go2-footstand/medium-v0,2,humanoid_gym_relative_v2,100,100,0.6250933157652616,0.3570883005007635,0.216788543814657,0.3225209758963513,True,0.5712559892975392,-0.0065799288609694,54.0,0.2613545338054331,14.000000000000002,CQL
CQL-Go2Footstand-8a89ead4,Go2Footstand,playground/go2-footstand/medium-replay-v0,2,humanoid_gym_relative_v2,100,100,0.5422087236493826,0.25259268728405,0.2684739903718804,0.3172612467572784,True,0.4658587666829725,-0.0077178990874556,67.0,0.151260133049297,23.0,CQL
CQL-Go2Footstand-a470a0ab,Go2Footstand,playground/go2-footstand/medium-expert-v0,1,humanoid_gym_relative_v2,100,100,0.0370851318724453,0.0292165569495409,0.0124451755272356,0.0213401693845889,False,,,,,,CQL
CQL-Go2Footstand-bf605063,Go2Footstand,playground/go2-footstand/expert-v0,2,humanoid_gym_relative_v2,100,100,0.0043255544975545,0.0057878738524595,0.0051667114291614,0.0055322379554955,False,,,,,,CQL
CQL-Go2Footstand-f29cd9c1,Go2Footstand,playground/go2-footstand/medium-expert-v0,0,humanoid_gym_relative_v2,100,100,0.0387718538986519,0.0310736747074406,0.020298345756916,0.0207268535838357,False,,,,,,CQL
CQL-Go2Getup-04694393,Go2Getup,playground/go2-getup/medium-v0,1,humanoid_gym_relative_v2,100,100,0.5938098622858524,0.5616889807581902,0.4563157071477016,0.4439579834713686,True,0.9459071268974651,-0.400621504212363,25.0,-0.4002212736501085,26.0,CQL
CQL-Go2Getup-0cf0af51,Go2Getup,playground/go2-getup/expert-v0,0,humanoid_gym_relative_v2,100,100,-0.22314586491324,-0.2145433095097541,0.0331873716944059,0.0240887056400242,False,,,,,,CQL
CQL-Go2Getup-662055b8,Go2Getup,playground/go2-getup/medium-expert-v0,2,humanoid_gym_relative_v2,100,100,0.2833430800400674,0.3018798468448221,0.3361092699283219,0.3698975055224947,True,1.0654216323269072,-0.8197154025125586,33.0,-0.8171158160729655,32.0,CQL
CQL-Go2Getup-977be987,Go2Getup,playground/go2-getup/medium-expert-v0,0,humanoid_gym_relative_v2,100,100,0.3936316808592528,0.3939216642454266,0.4522079520007251,0.4571276883188085,True,1.0007366871120251,-0.5914982387623615,44.0,-0.5912598034092095,47.0,CQL
CQL-Go2Getup-a8a6960c,Go2Getup,playground/go2-getup/medium-v0,2,humanoid_gym_relative_v2,100,100,0.6111225441098214,0.5504798201471567,0.4510888988490796,0.459955823829018,True,0.9007683081778654,-0.3889016758779438,28.000000000000004,-0.3891977130636084,24.0,CQL
CQL-Go2Getup-aeb5ba05,Go2Getup,playground/go2-getup/medium-replay-v0,2,humanoid_gym_relative_v2,100,100,0.4602697260072454,0.415941204521805,0.4779317373944346,0.4598105506378593,True,0.9036901212904396,-0.5183407376392491,42.0,-0.5184592878479126,38.0,CQL
CQL-Go2Getup-bd4760b1,Go2Getup,playground/go2-getup/medium-replay-v0,0,humanoid_gym_relative_v2,100,100,0.4670611046999693,0.3898278769198805,0.4670866443950525,0.4570397736654883,True,0.8346399924915566,-0.5108965407926073,47.0,-0.51092054543262,41.0,CQL
CQL-Go2Getup-c70a3f96,Go2Getup,playground/go2-getup/expert-v0,2,humanoid_gym_relative_v2,100,100,-0.0569239607360214,-0.0196054790669586,0.160432941968463,0.2067964546610128,False,,,,,,CQL
CQL-Go2Getup-e01a7e21,Go2Getup,playground/go2-getup/medium-expert-v0,1,humanoid_gym_relative_v2,100,100,0.4035009885579347,0.3851282866671681,0.4453875870901123,0.444256601799459,True,0.954466773535231,-0.5779479445266092,42.0,-0.5767054012268958,38.0,CQL
CQL-Go2Getup-e1d5277b,Go2Getup,playground/go2-getup/expert-v0,1,humanoid_gym_relative_v2,100,100,-0.0089988273661583,-0.015655829492025,0.1242812419081905,0.1254467328891689,False,,,,,,CQL
CQL-Go2Getup-f0a8bcf2,Go2Getup,playground/go2-getup/medium-replay-v0,1,humanoid_gym_relative_v2,100,100,0.4546607252210378,0.3706020415574312,0.4637022463595102,0.4175536978700344,True,0.8151177812362379,-0.524838896343386,38.0,-0.5248410758305605,36.0,CQL
CQL-Go2Getup-f96ef9ea,Go2Getup,playground/go2-getup/medium-v0,0,humanoid_gym_relative_v2,100,100,0.6225927522033453,0.5542657041549682,0.4380238703322024,0.4509153488572663,True,0.8902540259157069,-0.3811449055557053,28.000000000000004,-0.3808334315208466,21.0,CQL
CQL-Go2GetupWalk-2f55bd71,Go2GetupWalk,playground/go2-getup-walk/medium-replay-v0,2,humanoid_gym_relative_v2,100,100,0.0220109894324559,0.0096089036785997,0.0996448511191162,0.1042124066332527,False,,,,,,CQL
CQL-Go2GetupWalk-3c41ae32,Go2GetupWalk,playground/go2-getup-walk/medium-v0,1,humanoid_gym_relative_v2,100,100,0.048104041791521,0.0472716340888291,0.0945753678610905,0.0955372492380919,False,,,,,,CQL
CQL-Go2GetupWalk-51278fe9,Go2GetupWalk,playground/go2-getup-walk/expert-v0,2,humanoid_gym_relative_v2,100,100,0.0206901811028365,0.00897186273447,0.0812047649708041,0.0808460114302452,False,,,,,,CQL
CQL-Go2GetupWalk-5661a79f,Go2GetupWalk,playground/go2-getup-walk/medium-v0,2,humanoid_gym_relative_v2,100,100,0.0604716845788061,0.0648079117015004,0.0969032599968122,0.093465580577774,True,1.071706736018629,-1.5336799468359763,30.0,-1.533609601367325,34.0,CQL
CQL-Go2GetupWalk-5c74b476,Go2GetupWalk,playground/go2-getup-walk/medium-expert-v0,1,humanoid_gym_relative_v2,100,100,0.0419875024352222,0.0343703218828886,0.1225669522348066,0.0965919895284673,False,,,,,,CQL
CQL-Go2GetupWalk-8ed15ac6,Go2GetupWalk,playground/go2-getup-walk/medium-expert-v0,2,humanoid_gym_relative_v2,100,100,0.0393024901871103,0.0345177991321543,0.0978266876816928,0.0961351010059564,False,,,,,,CQL
CQL-Go2GetupWalk-a8743e61,Go2GetupWalk,playground/go2-getup-walk/medium-v0,0,humanoid_gym_relative_v2,100,100,0.1314559602015651,0.1287308283476159,0.1595839373635006,0.1259877272917312,True,0.979269621173732,-0.3544243555224007,23.0,-0.7054716681676724,31.0,CQL
CQL-Go2GetupWalk-bb459978,Go2GetupWalk,playground/go2-getup-walk/medium-replay-v0,0,humanoid_gym_relative_v2,100,100,0.0442590030690189,0.0409739032853394,0.0923765203575494,0.0909020902163012,False,,,,,,CQL
CQL-Go2GetupWalk-c256cc9c,Go2GetupWalk,playground/go2-getup-walk/medium-replay-v0,1,humanoid_gym_relative_v2,100,100,0.0212375293590594,0.0144644022191641,0.1047310043285023,0.0886317831411588,False,,,,,,CQL
CQL-Go2GetupWalk-d2e34c30,Go2GetupWalk,playground/go2-getup-walk/expert-v0,1,humanoid_gym_relative_v2,100,100,-0.0351238346971877,-0.0362806934182299,0.0678910461578865,0.0677121920385622,False,,,,,,CQL
CQL-Go2GetupWalk-dd13b2f0,Go2GetupWalk,playground/go2-getup-walk/medium-expert-v0,0,humanoid_gym_relative_v2,100,100,0.0162667257152497,0.011044738239143,0.1039685692678848,0.1029851767477276,False,,,,,,CQL
CQL-Go2GetupWalk-fe8c2c8e,Go2GetupWalk,playground/go2-getup-walk/expert-v0,0,humanoid_gym_relative_v2,100,100,-0.0640711373649537,-0.055517406463623,0.0632251892487232,0.0734983354219641,False,,,,,,CQL
CQL-Go2Handstand-48f1426e,Go2Handstand,playground/go2-handstand/medium-replay-v0,2,humanoid_gym_relative_v2,100,100,0.2492565389815718,0.166216808380559,0.2180890762674092,0.188304557987311,True,0.666850342461218,0.0925603533508672,62.0,0.1332848957117549,37.0,CQL
CQL-Go2Handstand-4bcb52ce,Go2Handstand,playground/go2-handstand/expert-v0,1,humanoid_gym_relative_v2,100,100,-0.0016359331053899,-0.0010740956619883,0.0013400423193847,0.001413242149943,False,,,,,,CQL
CQL-Go2Handstand-4fe51d80,Go2Handstand,playground/go2-handstand/medium-replay-v0,1,humanoid_gym_relative_v2,100,100,0.0008452477497849,0.0015955899933123,0.0016611859988364,0.0016587270534805,False,,,,,,CQL
CQL-Go2Handstand-528030d7,Go2Handstand,playground/go2-handstand/medium-expert-v0,2,humanoid_gym_relative_v2,100,100,0.0452279200218617,0.0315180722018703,0.0138755561808849,0.018039643890631,False,,,,,,CQL
CQL-Go2Handstand-79b185cc,Go2Handstand,playground/go2-handstand/medium-expert-v0,1,humanoid_gym_relative_v2,100,100,0.0130539927864447,0.0193583631730871,0.0043519072018955,0.0309882071964834,False,,,,,,CQL
CQL-Go2Handstand-82e0ef08,Go2Handstand,playground/go2-handstand/medium-v0,2,humanoid_gym_relative_v2,100,100,0.4761355266347527,0.3896718850824981,0.2563715325555821,0.2846720622418254,True,0.8184053978005689,0.0695144961261394,43.0,0.2619009903376872,28.000000000000004,CQL
CQL-Go2Handstand-ad2bab39,Go2Handstand,playground/go2-handstand/expert-v0,0,humanoid_gym_relative_v2,100,100,0.0597233669494744,0.032639499513898,0.0712235177088905,0.0323101609195538,True,0.54651137705466,0.0917661980265733,61.0,0.109681064116649,23.0,CQL
CQL-Go2Handstand-c0690cd9,Go2Handstand,playground/go2-handstand/expert-v0,2,humanoid_gym_relative_v2,100,100,0.0694679423654451,0.039564210306853,0.0434723420615835,0.0366922759857498,True,0.5695319158687666,0.108909115858957,52.0,0.347836875896869,11.0,CQL
CQL-Go2Handstand-c14adeee,Go2Handstand,playground/go2-handstand/medium-replay-v0,0,humanoid_gym_relative_v2,100,100,0.4055596060305834,0.2471340648648038,0.2840003663950605,0.2698736060905022,True,0.6093655807678424,0.0190127340820136,62.0,0.1099751883832937,38.0,CQL
CQL-Go2Handstand-c528f7ce,Go2Handstand,playground/go2-handstand/medium-expert-v0,0,humanoid_gym_relative_v2,100,100,0.0345056991690944,0.0342304105125367,0.0138900413741676,0.0158260153639834,False,,,,,,CQL
CQL-Go2Handstand-d89b782d,Go2Handstand,playground/go2-handstand/medium-v0,1,humanoid_gym_relative_v2,100,100,0.5984806285053491,0.411896341741085,0.2234235223088809,0.2981628819063454,True,0.6882367149789937,0.0606286792683028,49.0,0.2614757786680182,13.0,CQL
CQL-Go2Handstand-f0bed87c,Go2Handstand,playground/go2-handstand/medium-v0,0,humanoid_gym_relative_v2,100,100,0.5673779337108136,0.3600003715352068,0.2308493974122336,0.3228727585757245,True,0.6344983654558112,0.0462214847998387,56.99999999999999,0.2493493318663381,16.0,CQL
CQL-Go2JoystickFlatTerrain-26af64f7,Go2JoystickFlatTerrain,playground/go2-flat-forward/expert-v0,2,humanoid_gym_relative_v2,100,100,-0.5044114035367966,-0.5042762771248818,0.0012473812092106,0.0010461814116533,False,,,,,,CQL
CQL-Go2JoystickFlatTerrain-2f760f70,Go2JoystickFlatTerrain,playground/go2-joystick-direction/medium-v0,0,humanoid_gym_relative_v2,100,100,-0.1314212849800242,-0.1464698696730192,0.367389468723971,0.3627398282861339,False,,,,,,CQL
CQL-Go2JoystickFlatTerrain-393f2d58,Go2JoystickFlatTerrain,playground/go2-joystick-direction/expert-v0,1,humanoid_gym_relative_v2,100,100,-0.5022172033786774,-0.5019828477501869,0.0033819140889079,0.003806386037489,False,,,,,,CQL
CQL-Go2JoystickFlatTerrain-4c266784,Go2JoystickFlatTerrain,playground/go2-joystick-direction/medium-replay-v0,2,humanoid_gym_relative_v2,100,100,0.6125865466182586,0.241045241355896,0.4055189379986137,0.4725301986091677,True,0.3934876511516119,-0.7662368152072729,59.0,-0.2615229089190806,24.0,CQL
CQL-Go2JoystickFlatTerrain-4e8171bd,Go2JoystickFlatTerrain,playground/go2-joystick-direction/medium-v0,2,humanoid_gym_relative_v2,100,100,-0.2651195919886231,-0.2899923885427415,0.299161741227946,0.2831016833784094,False,,,,,,CQL
CQL-Go2JoystickFlatTerrain-52d18f70,Go2JoystickFlatTerrain,playground/go2-flat-forward/medium-expert-v0,1,humanoid_gym_relative_v2,100,100,-0.5033655205368995,-0.5029583930969238,0.001614098159742,0.0017264204595748,False,,,,,,CQL
CQL-Go2JoystickFlatTerrain-5da69424,Go2JoystickFlatTerrain,playground/go2-flat-forward/medium-v0,0,humanoid_gym_relative_v2,100,100,0.6073366218805313,0.328723743467126,0.0136954923014147,0.2574014779385973,True,0.5412546051467797,-0.1872739439637202,50.0,0.9617286088504632,0.0,CQL
CQL-Go2JoystickFlatTerrain-631e4c74,Go2JoystickFlatTerrain,playground/go2-flat-forward/medium-replay-v0,2,humanoid_gym_relative_v2,100,100,0.7923286983370781,0.3284635212551802,0.0806002435312639,0.4283495545675858,True,0.4145546184866864,-0.600810536710557,54.0,0.7995798508456103,2.0,CQL
CQL-Go2JoystickFlatTerrain-76856189,Go2JoystickFlatTerrain,playground/go2-flat-forward/medium-expert-v0,2,humanoid_gym_relative_v2,100,100,-0.4870328584313392,-0.4830131667852402,0.0128810734883868,0.029709309508933,False,,,,,,CQL
CQL-Go2JoystickFlatTerrain-8d4041f0,Go2JoystickFlatTerrain,playground/go2-flat-forward/expert-v0,0,humanoid_gym_relative_v2,100,100,-0.5043030244112015,-0.5041211104393005,0.0013646882841482,0.0010133446256689,False,,,,,,CQL
CQL-Go2JoystickFlatTerrain-90dbb3f1,Go2JoystickFlatTerrain,playground/go2-joystick-direction/expert-v0,2,humanoid_gym_relative_v2,100,100,-0.4972019603848457,-0.4934483081102371,0.0133884808357735,0.0301206111692633,False,,,,,,CQL
CQL-Go2JoystickFlatTerrain-98d95322,Go2JoystickFlatTerrain,playground/go2-flat-forward/medium-v0,2,humanoid_gym_relative_v2,100,100,0.5838168954849243,0.3412640144862234,0.0839214425012482,0.2320471205628557,True,0.5845394628443668,-0.0959665085307684,47.0,0.4881971282263689,7.000000000000001,CQL
CQL-Go2JoystickFlatTerrain-9b7536ef,Go2JoystickFlatTerrain,playground/go2-joystick-direction/medium-expert-v0,1,humanoid_gym_relative_v2,100,100,-0.4964970391988754,-0.4969892743229866,0.0106990972286958,0.0086327331335965,False,,,,,,CQL
CQL-Go2JoystickFlatTerrain-a42e12cb,Go2JoystickFlatTerrain,playground/go2-flat-forward/expert-v0,1,humanoid_gym_relative_v2,100,100,-0.5048208570480347,-0.5044936668872834,0.0002624339986776,0.0004765159977259,False,,,,,,CQL
CQL-Go2JoystickFlatTerrain-a9832866,Go2JoystickFlatTerrain,playground/go2-joystick-direction/medium-expert-v0,2,humanoid_gym_relative_v2,100,100,-0.4641207419708371,-0.4595153091847896,0.1450318060268516,0.1438711141050595,False,,,,,,CQL
CQL-Go2JoystickFlatTerrain-a9878531,Go2JoystickFlatTerrain,playground/go2-joystick-direction/medium-replay-v0,0,humanoid_gym_relative_v2,100,100,0.5501668418571353,0.2491398881748318,0.3759261378665253,0.4699904273879159,True,0.452844245090887,-0.829503709774722,53.0,-0.381642385376347,20.0,CQL
CQL-Go2JoystickFlatTerrain-c1dea74d,Go2JoystickFlatTerrain,playground/go2-joystick-direction/medium-expert-v0,0,humanoid_gym_relative_v2,100,100,0.0408841843996196,-0.0039080028329044,0.420232111029058,0.4012280274611713,False,,,,,,CQL
CQL-Go2JoystickFlatTerrain-cbffc759,Go2JoystickFlatTerrain,playground/go2-flat-forward/medium-expert-v0,0,humanoid_gym_relative_v2,100,100,-0.4957442530989647,-0.4997782328724861,0.0134585902710237,0.0071431186242199,False,,,,,,CQL
CQL-Go2JoystickFlatTerrain-d64a6eb8,Go2JoystickFlatTerrain,playground/go2-flat-forward/medium-replay-v0,0,humanoid_gym_relative_v2,100,100,0.706326852440834,0.2469529341580346,0.2510669414616683,0.4864829583935424,True,0.3496298254903466,-0.693165013543398,56.00000000000001,0.4579823083667469,12.0,CQL
CQL-Go2JoystickFlatTerrain-dcd621e8,Go2JoystickFlatTerrain,playground/go2-joystick-direction/medium-v0,1,humanoid_gym_relative_v2,100,100,-0.2765030157193541,-0.3132405929081142,0.3030693494907076,0.286541372208465,False,,,,,,CQL
CQL-Go2JoystickFlatTerrain-e9acc0f0,Go2JoystickFlatTerrain,playground/go2-joystick-direction/medium-replay-v0,1,humanoid_gym_relative_v2,100,100,0.4730406615510583,0.1451761137600988,0.4514978102820254,0.4720957277841681,True,0.3068998620204852,-1.036797477703906,53.0,-0.9753199918793228,28.000000000000004,CQL
CQL-Go2JoystickFlatTerrain-e9bef12d,Go2JoystickFlatTerrain,playground/go2-flat-forward/medium-replay-v0,1,humanoid_gym_relative_v2,100,100,0.7205916476249695,0.2349362951144576,0.3002976459131659,0.5398556400067295,True,0.3260324982794274,-0.6743685411071828,51.0,-0.5284350612010811,6.0,CQL
CQL-Go2JoystickFlatTerrain-e9dbd3fd,Go2JoystickFlatTerrain,playground/go2-flat-forward/medium-v0,1,humanoid_gym_relative_v2,100,100,0.6147108167409897,0.3293828095309436,0.0101423348979235,0.2791504453152945,True,0.5358337620887027,-0.2159136251197459,49.0,0.9704072654950842,0.0,CQL
CQL-Go2JoystickFlatTerrain-f5638a4f,Go2JoystickFlatTerrain,playground/go2-joystick-direction/expert-v0,0,humanoid_gym_relative_v2,100,100,-0.3161955008096992,-0.3397134951874613,0.2372472994167227,0.2252460269008051,False,,,,,,CQL
CQL-Go2PushRecovery-16b7dbb0,Go2PushRecovery,playground/go2-push-recovery/expert-v0,1,humanoid_gym_relative_v2,100,100,-0.0093229516845894,-0.0107534349977504,0.0287534130455657,0.0268007527380778,False,,,,,,CQL
CQL-Go2PushRecovery-20170997,Go2PushRecovery,playground/go2-push-recovery/medium-v0,2,humanoid_gym_relative_v2,100,100,0.3115839770436286,0.186983864873182,0.2852199737786678,0.2184631597772205,True,0.6001074466258582,0.0142313813507405,63.0,0.0931082761534755,39.0,CQL
CQL-Go2PushRecovery-74745dbe,Go2PushRecovery,playground/go2-push-recovery/medium-v0,0,humanoid_gym_relative_v2,100,100,0.3801377466507256,0.2140578382019884,0.3005507016632259,0.2287763911138272,True,0.5631059795771005,0.0237218374810029,60.0,0.1045482739427381,40.0,CQL
CQL-Go2PushRecovery-794951fa,Go2PushRecovery,playground/go2-push-recovery/expert-v0,0,humanoid_gym_relative_v2,100,100,-0.011225789010059,-0.0113407421496231,0.0276155129901848,0.0259234318700841,False,,,,,,CQL
CQL-Go2PushRecovery-7b7fca2d,Go2PushRecovery,playground/go2-push-recovery/expert-v0,2,humanoid_gym_relative_v2,100,100,-0.0116228948149364,-0.0128776251373346,0.0260803911265714,0.0228113615311037,False,,,,,,CQL
CQL-Go2PushRecovery-876eacf2,Go2PushRecovery,playground/go2-push-recovery/medium-v0,1,humanoid_gym_relative_v2,100,100,0.3119162277784199,0.1820427799166646,0.244086929746153,0.2100927425469022,True,0.5836271527558508,0.0289815799229303,63.0,0.0957169886978615,35.0,CQL
CQL-Go2PushRecovery-9e5337e0,Go2PushRecovery,playground/go2-push-recovery/medium-expert-v0,0,humanoid_gym_relative_v2,100,100,0.099666151104102,0.0705187239836959,0.1286420234145227,0.1101313232187819,True,0.7075493856488814,-0.013250029344962,54.0,0.0588590681023402,41.0,CQL
CQL-Go2PushRecovery-aa3d602a,Go2PushRecovery,playground/go2-push-recovery/medium-expert-v0,2,humanoid_gym_relative_v2,100,100,0.0039820268942276,-0.0025106760539347,0.0337009138388235,0.028025572387961,False,,,,,,CQL
CQL-Go2PushRecovery-cbfca24d,Go2PushRecovery,playground/go2-push-recovery/medium-expert-v0,1,humanoid_gym_relative_v2,100,100,-0.0044258823043492,-0.0075360810174606,0.0226020237452172,0.0190410262111517,False,,,,,,CQL
CQL-Go2PushRecovery-db13abe0,Go2PushRecovery,playground/go2-push-recovery/medium-replay-v0,0,humanoid_gym_relative_v2,100,100,0.3045806934870779,0.1858114311483223,0.2534735292711019,0.2098848253316871,True,0.6100564977412315,0.0402977717351997,63.0,0.116509680672899,42.0,CQL
CQL-Go2PushRecovery-ebb21b3f,Go2PushRecovery,playground/go2-push-recovery/medium-replay-v0,1,humanoid_gym_relative_v2,100,100,0.3093034461140632,0.172658650886733,0.2707070341807477,0.1905034770663144,True,0.5582176760586784,0.0454941427562743,65.0,0.1014196797891279,41.0,CQL
CQL-Go2PushRecovery-ef7a7e6f,Go2PushRecovery,playground/go2-push-recovery/medium-replay-v0,2,humanoid_gym_relative_v2,100,100,0.3332844055001624,0.187695330879651,0.256866889886636,0.2000383796401751,True,0.5631686565051708,0.0474554757520646,62.0,0.1114634810851801,36.0,CQL
CQL-Go2RoughCurriculum-0a64b740,Go2RoughCurriculum,playground/go2-rough-terrain/expert-v0,0,humanoid_gym_relative_v2,100,100,-0.0493198573589324,-0.0493457435071468,0.0051728233382687,0.0052923796655017,False,,,,,,CQL
CQL-Go2RoughCurriculum-0f40d674,Go2RoughCurriculum,playground/go2-rough-terrain/medium-expert-v0,1,humanoid_gym_relative_v2,100,100,0.0986463826405815,0.0771296939440071,0.1882689048856181,0.1711073694502257,True,0.7818806111221479,-0.5653104306139008,61.0,-0.5646709978112763,56.99999999999999,CQL
CQL-Go2RoughCurriculum-69c321fe,Go2RoughCurriculum,playground/go2-rough-terrain/expert-v0,1,humanoid_gym_relative_v2,100,100,-0.0525154980644583,-0.0518994656205177,0.0050470402020058,0.0047913694068291,False,,,,,,CQL
CQL-Go2RoughCurriculum-6e8e9a43,Go2RoughCurriculum,playground/go2-rough-terrain/medium-v0,0,humanoid_gym_relative_v2,100,100,0.5865845400094986,0.463671595081687,0.1736617487383182,0.2106665560220538,True,0.7904599651981601,0.0309785483393753,17.0,0.4255862602827873,8.0,CQL
CQL-Go2RoughCurriculum-91a45d7c,Go2RoughCurriculum,playground/go2-rough-terrain/medium-replay-v0,0,humanoid_gym_relative_v2,100,100,0.2758380719134584,0.0902706925780512,0.4251029504382405,0.2924865986551968,True,0.3272597286946409,-0.2024008292565918,80.0,-0.2024588151613293,59.0,CQL
CQL-Go2RoughCurriculum-ab707794,Go2RoughCurriculum,playground/go2-rough-terrain/medium-v0,2,humanoid_gym_relative_v2,100,100,0.5870528258290142,0.4536373843206093,0.1406686606869719,0.2115919166508131,True,0.772736906052704,-0.0112836575234812,21.0,0.4566954763564361,7.000000000000001,CQL
CQL-Go2RoughCurriculum-aeb6a979,Go2RoughCurriculum,playground/go2-rough-terrain/medium-expert-v0,0,humanoid_gym_relative_v2,100,100,0.0881254897192957,0.0744691062299534,0.1746976703606386,0.1702542446663731,True,0.8450348073770522,-0.6330206962490375,59.0,-0.6337082425739584,54.0,CQL
CQL-Go2RoughCurriculum-c013abf3,Go2RoughCurriculum,playground/go2-rough-terrain/medium-expert-v0,2,humanoid_gym_relative_v2,100,100,-0.0315351260732859,-0.0359124479023739,0.0638330245151492,0.0583533747691179,False,,,,,,CQL
CQL-Go2RoughCurriculum-c4972256,Go2RoughCurriculum,playground/go2-rough-terrain/medium-replay-v0,1,humanoid_gym_relative_v2,100,100,0.1831056351587176,0.0623846029190463,0.36569397950262,0.2635976623411719,True,0.3407028017732538,-0.304946636515986,84.0,-0.3049925206702494,67.0,CQL
CQL-Go2RoughCurriculum-ea9fd0a5,Go2RoughCurriculum,playground/go2-rough-terrain/medium-v0,1,humanoid_gym_relative_v2,100,100,0.5871250816527754,0.4616018127067945,0.1486827120697916,0.2078310108258878,True,0.786206938063983,0.0544466353715673,20.0,0.4866095518533421,6.0,CQL
CQL-Go2RoughCurriculum-f05997c6,Go2RoughCurriculum,playground/go2-rough-terrain/medium-replay-v0,2,humanoid_gym_relative_v2,100,100,0.2334758385375607,0.0484351822474855,0.3901121523177107,0.2500229911947355,True,0.2074526535630941,-0.2391932697010104,86.0,-0.2391932697010104,62.0,CQL
CQL-Go2RoughCurriculum-f853750b,Go2RoughCurriculum,playground/go2-rough-terrain/expert-v0,2,humanoid_gym_relative_v2,100,100,-0.0461580771121225,-0.0487324657011777,0.0261215503976915,0.016623950237314,False,,,,,,CQL
CQL-H1JoystickGaitTracking-197c32f0,H1JoystickGaitTracking,playground/h1-gait-tracking/medium-expert-v0,1,humanoid_gym_relative_v2,100,100,-0.0004316325748368399,-0.00036839377637079454,0.00022711129740345587,0.0002326134256632785,False,,,,,,CQL
CQL-H1JoystickGaitTracking-31d7f96a,H1JoystickGaitTracking,playground/h1-gait-tracking/medium-expert-v0,2,humanoid_gym_relative_v2,100,100,-0.00040466727876264485,-0.0002966423195630341,0.00023034363114960964,0.00024211011178110252,False,,,,,,CQL
CQL-H1JoystickGaitTracking-4e20b33e,H1JoystickGaitTracking,playground/h1-gait-tracking/medium-expert-v0,0,humanoid_gym_relative_v2,100,100,-0.0004027450002377009,-0.0002902529541074728,0.0002795840824453808,0.00029608481985716567,False,,,,,,CQL
CQL-H1JoystickGaitTracking-70c29f6b,H1JoystickGaitTracking,playground/h1-gait-tracking/expert-v0,2,humanoid_gym_relative_v2,100,100,-0.00046896338099031707,-0.00038105352246930123,0.00026184388109229824,0.00024149415471068025,False,,,,,,CQL
CQL-H1JoystickGaitTracking-7b906e34,H1JoystickGaitTracking,playground/h1-gait-tracking/medium-v0,0,humanoid_gym_relative_v2,100,100,0.7655236981064081,0.2808100054012175,0.43819341236035947,0.4100843744297768,True,0.36682078699304327,0.0009729894958026272,72.0,0.1126872379259901,31.0,CQL
CQL-H1JoystickGaitTracking-7df579a1,H1JoystickGaitTracking,playground/h1-gait-tracking/expert-v0,0,humanoid_gym_relative_v2,100,100,0.017331276515033096,0.010771819939109264,0.012774900258493612,0.00903092138198887,False,,,,,,CQL
CQL-H1JoystickGaitTracking-8f123306,H1JoystickGaitTracking,playground/h1-gait-tracking/medium-replay-v0,1,humanoid_gym_relative_v2,100,100,0.6733750805445016,0.15729859136865343,0.5193201193044862,0.31081290071904694,True,0.23359728613874356,-0.000603792301390211,83.0,0.05299197887398671,41.0,CQL
CQL-H1JoystickGaitTracking-94abe4f8,H1JoystickGaitTracking,playground/h1-gait-tracking/medium-v0,1,humanoid_gym_relative_v2,100,100,0.706619034782052,0.2087166882595011,0.42680885953213443,0.3131552720201252,True,0.29537371339547513,0.0024458276526440415,79.0,0.0982740567501917,30.0,CQL
CQL-H1JoystickGaitTracking-a26fb81a,H1JoystickGaitTracking,playground/h1-gait-tracking/medium-replay-v0,0,humanoid_gym_relative_v2,100,100,0.11159930184483528,0.049726323524519105,0.26872553210431444,0.16307221413304013,True,0.4455791631533436,0.011154937806101358,93.0,0.20553449676648586,79.0,CQL
CQL-H1JoystickGaitTracking-af93952e,H1JoystickGaitTracking,playground/h1-gait-tracking/expert-v0,1,humanoid_gym_relative_v2,100,100,-0.0002848939760315261,-0.0002199997870138759,0.0003057240948858828,0.00031727760132888635,False,,,,,,CQL
CQL-H1JoystickGaitTracking-b424c685,H1JoystickGaitTracking,playground/h1-gait-tracking/medium-v0,2,humanoid_gym_relative_v2,100,100,0.6477274678274989,0.23846106222311733,0.45301507700771615,0.37307369140920893,True,0.36815030096365103,0.002017434694736175,75.0,0.0734567783026761,37.0,CQL
CQL-H1JoystickGaitTracking-e3334be0,H1JoystickGaitTracking,playground/h1-gait-tracking/medium-replay-v0,2,humanoid_gym_relative_v2,100,100,0.4618529221136123,0.09741095674500684,0.4886588913623036,0.22040890869738222,True,0.21091337107756675,-0.0007226942843661953,90.0,0.063370229208028,56.99999999999999,CQL
DT-G1JoystickFlatTerrain-02d2381c,G1JoystickFlatTerrain,playground/g1-joystick-direction/expert-v0,2,humanoid_gym_relative_v2,100,100,0.8235987938940525,0.4489918485155795,0.20664922394498453,0.3177374526187894,True,0.5451584580311293,-0.010659833045831959,49.0,0.3465116068667999,7.000000000000001,DT
DT-G1JoystickFlatTerrain-11fcd40a,G1JoystickFlatTerrain,playground/g1-joystick-direction/medium-expert-v0,2,humanoid_gym_relative_v2,100,100,0.5291070320899598,0.24973662571399471,0.28687878092858354,0.2718723381504891,True,0.4719964214566213,-0.03307506923266526,61.0,0.10407583591226229,15.0,DT
DT-G1JoystickFlatTerrain-77277f5f,G1JoystickFlatTerrain,playground/g1-joystick-direction/expert-v0,0,humanoid_gym_relative_v2,100,100,0.8031050381064415,0.4718395800469443,0.22218289933289784,0.3141227568410228,True,0.5875191384173684,-0.0039713746954350045,48.0,0.3547622377601384,11.0,DT
DT-G1JoystickFlatTerrain-78ebc084,G1JoystickFlatTerrain,playground/g1-joystick-direction/expert-v0,1,humanoid_gym_relative_v2,100,100,0.7838251499831677,0.43576421203120846,0.232406609509773,0.3243386088152322,True,0.5559456876837472,-0.00450428058909561,50.0,0.410672532389694,11.0,DT
DT-G1JoystickFlatTerrain-8052afa3,G1JoystickFlatTerrain,playground/g1-joystick-direction/medium-expert-v0,1,humanoid_gym_relative_v2,100,100,0.47800855022855104,0.22491791541746353,0.31177718497001644,0.24814674202151624,True,0.47053115537352447,-0.036853854358232976,64.0,-0.025923667813814538,23.0,DT
DT-G1JoystickFlatTerrain-9b2834a5,G1JoystickFlatTerrain,playground/g1-joystick-direction/medium-replay-v0,1,humanoid_gym_relative_v2,100,100,0.06455149894405622,0.049862557604210454,0.04796337179383817,0.04745632872376436,True,0.7724461618997261,-0.3843180247776352,28.999999999999996,0.17748330157067774,23.0,DT
DT-G1JoystickFlatTerrain-9bc05cbb,G1JoystickFlatTerrain,playground/g1-joystick-direction/medium-v0,2,humanoid_gym_relative_v2,100,100,0.31549938859418036,0.21535994200385175,0.18992238509978285,0.1639365084923464,True,0.682600188112771,-0.05155069066508546,33.0,0.18086895482139936,21.0,DT
DT-G1JoystickFlatTerrain-a7a309f8,G1JoystickFlatTerrain,playground/g1-joystick-direction/medium-replay-v0,2,humanoid_gym_relative_v2,100,100,0.07685964227188379,0.04796706874156371,0.05484650355235462,0.05119719180120469,True,0.6240865469017498,-0.5449195151753218,41.0,-0.06467914132131777,27.0,DT
DT-G1JoystickFlatTerrain-aba2facc,G1JoystickFlatTerrain,playground/g1-joystick-direction/medium-v0,1,humanoid_gym_relative_v2,100,100,0.31677534749731423,0.23955729056149722,0.1779855673894165,0.182039279731994,True,0.7562371644577812,-0.06469706239977667,34.0,0.1721151037874167,18.0,DT
DT-G1JoystickFlatTerrain-b0b0d4ab,G1JoystickFlatTerrain,playground/g1-joystick-direction/medium-v0,0,humanoid_gym_relative_v2,100,100,0.336461185682565,0.23057262290269137,0.19558685340162746,0.18531034963711326,True,0.6852874349679835,0.009315353830320257,37.0,0.11202349725650355,21.0,DT
DT-G1JoystickFlatTerrain-ca86ec81,G1JoystickFlatTerrain,playground/g1-joystick-direction/medium-replay-v0,0,humanoid_gym_relative_v2,100,100,0.07384399167931406,0.04674795738537796,0.061990322014596456,0.0713524882615392,True,0.6330637919519927,-0.8198793041411842,43.0,-0.02686674960750989,22.0,DT
DT-G1JoystickFlatTerrain-f15c1f08,G1JoystickFlatTerrain,playground/g1-joystick-direction/medium-expert-v0,0,humanoid_gym_relative_v2,100,100,0.5472823754692218,0.2642869329848327,0.3042148699776468,0.2856059405333139,True,0.4829078092606981,-0.010069525969759293,61.0,0.08567399453640918,18.0,DT
DT-Go2Footstand-0ba44d48,Go2Footstand,playground/go2-footstand/medium-replay-v0,1,humanoid_gym_relative_v2,100,100,0.3223936434835195,0.233904315046966,0.2716200116083188,0.2086436106264796,True,0.7255239666625841,0.13028642707616,54.0,0.1218897755296979,47.0,DT
DT-Go2Footstand-19999c7a,Go2Footstand,playground/go2-footstand/medium-v0,2,humanoid_gym_relative_v2,100,100,0.4711654702574014,0.3948807049705647,0.2595525805521705,0.2811430988158929,True,0.838093472246254,-0.0063701781342817,40.0,0.2653983495877565,28.000000000000004,DT
DT-Go2Footstand-37a65d4b,Go2Footstand,playground/go2-footstand/medium-v0,1,humanoid_gym_relative_v2,100,100,0.4485162934660912,0.3185226136550773,0.2764899539500907,0.2889945227436735,True,0.7101695485654822,-0.0072559528048234,53.0,0.1821797344636713,32.0,DT
DT-Go2Footstand-42b3c1ed,Go2Footstand,playground/go2-footstand/medium-expert-v0,2,humanoid_gym_relative_v2,100,100,0.981022663116455,0.5703387043357361,0.0312234742190562,0.4324682711490883,True,0.5813715888315135,-0.0040535003696468,36.0,0.9802633062393687,0.0,DT
DT-Go2Footstand-59ff0d62,Go2Footstand,playground/go2-footstand/expert-v0,1,humanoid_gym_relative_v2,100,100,0.9634344182536004,0.4393224442601786,0.1309477565491654,0.4630149673204046,True,0.4559962109891508,-0.0043294560193647,57.99999999999999,1.0202296136106406,3.0,DT
DT-Go2Footstand-674a5871,Go2Footstand,playground/go2-footstand/expert-v0,0,humanoid_gym_relative_v2,100,100,0.9577417093515396,0.4311875352542847,0.1523906389392233,0.4585326028984289,True,0.4502127567841124,-0.0043292873280468,57.99999999999999,1.0165607762756572,3.0,DT
DT-Go2Footstand-82d871d3,Go2Footstand,playground/go2-footstand/medium-replay-v0,0,humanoid_gym_relative_v2,100,100,0.6888026604801416,0.5142277657613158,0.2090187198326601,0.2746974240099968,True,0.7465531062305488,0.1196838017868637,33.0,0.2479144346499111,14.000000000000002,DT
DT-Go2Footstand-8a7a9fe0,Go2Footstand,playground/go2-footstand/medium-replay-v0,2,humanoid_gym_relative_v2,100,100,0.2825152377039194,0.2193832612596452,0.2271156568091672,0.2084925557818642,True,0.7765360305611638,0.136511939286055,52.0,0.1288005994716043,35.0,DT
DT-Go2Footstand-9a5dc5ca,Go2Footstand,playground/go2-footstand/medium-expert-v0,0,humanoid_gym_relative_v2,100,100,0.9746947926282884,0.6289712704948761,0.0483353623405546,0.3801828206027637,True,0.6453007395256927,-0.0040662832678792,32.0,0.9611559695449692,0.0,DT
DT-Go2Footstand-9c480354,Go2Footstand,playground/go2-footstand/expert-v0,2,humanoid_gym_relative_v2,100,100,0.9731531682610512,0.4333320537908002,0.1115806775863343,0.4638205519157037,True,0.4452865878915349,-0.0042627335243113,57.99999999999999,1.0145013402428087,2.0,DT
DT-Go2Footstand-b16e8682,Go2Footstand,playground/go2-footstand/medium-expert-v0,1,humanoid_gym_relative_v2,100,100,0.98358096241951,0.6346193779194437,0.0276573279875589,0.3897398455206119,True,0.645213156991514,-0.0040093763808042,31.0,0.972329722435152,0.0,DT
DT-Go2Footstand-b6f4202f,Go2Footstand,playground/go2-footstand/medium-v0,0,humanoid_gym_relative_v2,100,100,0.3710569204390049,0.3336073486122768,0.2691973117061781,0.2739927098519361,True,0.899073242503008,-0.0080910391273055,46.0,0.2377693745827333,41.0,DT
DT-Go2Getup-04f583ef,Go2Getup,playground/go2-getup/expert-v0,2,humanoid_gym_relative_v2,100,100,0.3616136065404862,0.3221262485207989,0.5594389695209322,0.5529838802602971,True,0.8908023445316174,-0.6557427259568528,59.0,-0.6576711690089373,55.00000000000001,DT
DT-Go2Getup-18c7ec24,Go2Getup,playground/go2-getup/medium-v0,1,humanoid_gym_relative_v2,100,100,0.5852602667361498,0.5584348457306624,0.4457395885769438,0.4483797849225701,True,0.9541649715004812,-0.4020600374173955,28.000000000000004,-0.4037475983729362,28.000000000000004,DT
DT-Go2Getup-22681851,Go2Getup,playground/go2-getup/medium-expert-v0,2,humanoid_gym_relative_v2,100,100,0.617908534631133,0.5522021786123514,0.4669705741446989,0.4697554160405146,True,0.8936632975008094,-0.3833833553730959,29.0,-0.3830293979970752,26.0,DT
DT-Go2Getup-238c38ce,Go2Getup,playground/go2-getup/medium-replay-v0,0,humanoid_gym_relative_v2,100,100,0.5642341961711645,0.5249633898586035,0.4475128310518921,0.4453709443714589,True,0.9303998116756328,-0.4178543894375111,30.0,-0.4177147503562766,28.000000000000004,DT
DT-Go2Getup-38ce287e,Go2Getup,playground/go2-getup/medium-expert-v0,0,humanoid_gym_relative_v2,100,100,0.5932331696897745,0.5636124260118232,0.4739154523080513,0.4520227951474505,True,0.9500689691821494,-0.3966136193307685,29.0,-0.3977865805875253,28.000000000000004,DT
DT-Go2Getup-4757e4c0,Go2Getup,playground/go2-getup/expert-v0,0,humanoid_gym_relative_v2,100,100,0.4034449624968693,0.336095536518842,0.5564925136773415,0.540064888127489,True,0.833064154373845,-0.588892960810246,60.0,-0.5848346216379163,54.0,DT
DT-Go2Getup-788c1bd4,Go2Getup,playground/go2-getup/medium-v0,0,humanoid_gym_relative_v2,100,100,0.57594227604568,0.5697448276728392,0.4531482044319869,0.4433195436813705,True,0.9892394626499872,-0.4112038739916513,25.0,-0.4104642650721732,29.0,DT
DT-Go2Getup-7e07f43f,Go2Getup,playground/go2-getup/medium-v0,2,humanoid_gym_relative_v2,100,100,0.5836702141910791,0.5535924588143826,0.4423204893916946,0.4480591936011469,True,0.9484678939486711,-0.4041777446654032,28.000000000000004,-0.4038955578743229,26.0,DT
DT-Go2Getup-bea5d05a,Go2Getup,playground/go2-getup/medium-expert-v0,1,humanoid_gym_relative_v2,100,100,0.6030994202196598,0.5522847815603018,0.474439415733654,0.4625757124289396,True,0.9157441759090892,-0.3912611551392695,29.0,-0.3919212184105799,26.0,DT
DT-Go2Getup-c4e859ab,Go2Getup,playground/go2-getup/medium-replay-v0,2,humanoid_gym_relative_v2,100,100,0.4466444008797407,0.4623489459604025,0.3865579467860148,0.4151547542974019,True,1.035161182026975,-0.5296584040491387,27.0,-0.5292598392807196,27.0,DT
DT-Go2Getup-e41585eb,Go2Getup,playground/go2-getup/medium-replay-v0,1,humanoid_gym_relative_v2,100,100,0.5388022150844336,0.4631133062019944,0.4367489098612366,0.4384155105602964,True,0.859523760735508,-0.4361061843116455,34.0,-0.4370530748175301,28.000000000000004,DT
DT-Go2Getup-ffc425e9,Go2Getup,playground/go2-getup/expert-v0,1,humanoid_gym_relative_v2,100,100,0.4091798468376509,0.3921547772642225,0.5374750187508318,0.534705002215971,True,0.958392208939402,-0.5747650129752759,54.0,-0.5744773849134523,52.0,DT
DT-Go2GetupWalk-15229edf,Go2GetupWalk,playground/go2-getup-walk/medium-expert-v0,1,humanoid_gym_relative_v2,100,100,0.4150291895773261,0.3944032635679468,0.2422086120480353,0.2396347049409672,True,0.95030246901336,0.1273179682427839,31.0,0.2765779041830285,28.000000000000004,DT
DT-Go2GetupWalk-3274033a,Go2GetupWalk,playground/go2-getup-walk/medium-v0,1,humanoid_gym_relative_v2,100,100,0.4420815978944301,0.4133602435141801,0.2289888033976257,0.2190816683717104,True,0.9350315540908158,0.1956449445566647,25.0,0.2405627767083395,25.0,DT
DT-Go2GetupWalk-38917a05,Go2GetupWalk,playground/go2-getup-walk/medium-v0,0,humanoid_gym_relative_v2,100,100,0.4363374696159735,0.3914259929116815,0.2282259066945059,0.2246861995136184,True,0.8970716937424164,0.1746489585969332,34.0,0.3278558128127516,28.000000000000004,DT
DT-Go2GetupWalk-3a18ba11,Go2GetupWalk,playground/go2-getup-walk/medium-v0,2,humanoid_gym_relative_v2,100,100,0.4314617703855037,0.3958540238812565,0.2212632532749388,0.2198339366823663,True,0.9174718388782572,0.2925356317305428,37.0,0.3421795439803152,29.0,DT
DT-Go2GetupWalk-3e98efe6,Go2GetupWalk,playground/go2-getup-walk/medium-replay-v0,1,humanoid_gym_relative_v2,100,100,0.1443854826630558,0.1105061008688062,0.1432771570288908,0.0983742857088977,True,0.7653546522172732,-0.6412884932700956,18.0,-0.6420865570001991,14.000000000000002,DT
DT-Go2GetupWalk-9d3fa97f,Go2GetupWalk,playground/go2-getup-walk/medium-expert-v0,0,humanoid_gym_relative_v2,100,100,0.4330938632879406,0.3377073009498417,0.2697713291938029,0.2287433444854063,True,0.7797554515920685,0.1606949008708282,44.0,0.217331577347182,33.0,DT
DT-Go2GetupWalk-9de34940,Go2GetupWalk,playground/go2-getup-walk/medium-replay-v0,0,humanoid_gym_relative_v2,100,100,0.1318741717562079,0.1382936508022249,0.0829573684895702,0.081959151350089,True,1.048678819821401,0.0681211730987658,6.0,-0.6099683022118471,7.000000000000001,DT
DT-Go2GetupWalk-a16e26ba,Go2GetupWalk,playground/go2-getup-walk/medium-expert-v0,2,humanoid_gym_relative_v2,100,100,0.4519236968830228,0.4071578819677233,0.2727603564437594,0.2464373118733556,True,0.9009438645858688,0.1475883690917383,29.0,0.2557668211366717,32.0,DT
DT-Go2GetupWalk-a7d540d4,Go2GetupWalk,playground/go2-getup-walk/expert-v0,1,humanoid_gym_relative_v2,100,100,0.5680856675840914,0.4415568808384705,0.4754728170792803,0.3900711861056925,True,0.7772716441101002,-0.1632574742089079,36.0,-0.1632574742089079,36.0,DT
DT-Go2GetupWalk-e0303372,Go2GetupWalk,playground/go2-getup-walk/expert-v0,2,humanoid_gym_relative_v2,100,100,0.5448182279663161,0.4100289704615716,0.4934236612417602,0.4314265757284056,True,0.7525977462099929,-0.1702296774655529,47.0,-0.1702296774655529,39.0,DT
DT-Go2GetupWalk-e5cc3be1,Go2GetupWalk,playground/go2-getup-walk/expert-v0,0,humanoid_gym_relative_v2,100,100,0.5942415800783784,0.4606383849307894,0.4334700280261396,0.3660775190003141,True,0.7751702344188586,-0.1560715950099409,31.0,-0.1560715950099409,29.0,DT
DT-Go2GetupWalk-f60d8397,Go2GetupWalk,playground/go2-getup-walk/medium-replay-v0,2,humanoid_gym_relative_v2,100,100,0.1474760963022708,0.1356421711016446,0.0870791370214321,0.098947033618568,True,0.919756994541196,-0.6284671623422404,11.0,0.5977776368791976,3.0,DT
DT-Go2Handstand-88d0d0f8,Go2Handstand,playground/go2-handstand/medium-expert-v0,0,humanoid_gym_relative_v2,100,100,0.4763587275892496,0.385258087515831,0.2644211148671372,0.2636009561531175,True,0.8087562276134634,0.2380642504191885,46.0,0.3026864479409193,24.0,DT
DT-Go2Handstand-8c12fcac,Go2Handstand,playground/go2-handstand/medium-replay-v0,1,humanoid_gym_relative_v2,100,100,0.379700301811099,0.2897737207636237,0.2077299685957419,0.218209414250313,True,0.7631643150702214,0.1593093738605858,45.0,0.3294882198117118,19.0,DT
DT-Go2Handstand-907f3a38,Go2Handstand,playground/go2-handstand/expert-v0,1,humanoid_gym_relative_v2,100,100,0.9537822899222372,0.4599559793435037,0.1334822437357496,0.4476329224204812,True,0.482244202061043,0.0119849979112474,56.00000000000001,0.6548633480199612,3.0,DT
DT-Go2Handstand-94fe2db5,Go2Handstand,playground/go2-handstand/medium-replay-v0,0,humanoid_gym_relative_v2,100,100,0.4166782590001821,0.3319292549043894,0.1998717726666185,0.2278149874606642,True,0.7966080488596942,0.2394592912689491,43.0,0.3785812938206234,18.0,DT
DT-Go2Handstand-9eacfed6,Go2Handstand,playground/go2-handstand/medium-expert-v0,2,humanoid_gym_relative_v2,100,100,0.675211717709899,0.4323755077645183,0.3372921284898566,0.3220185033497725,True,0.6403554565536821,0.119398057489052,53.0,0.1689271846249297,22.0,DT
DT-Go2Handstand-a198095d,Go2Handstand,playground/go2-handstand/medium-v0,1,humanoid_gym_relative_v2,100,100,0.5169532475620509,0.3710915768519044,0.2269575439299906,0.2451096547632721,True,0.7178435934041822,0.2161729833945983,51.0,0.3489216776722653,18.0,DT
DT-Go2Handstand-a29f81a3,Go2Handstand,playground/go2-handstand/medium-v0,0,humanoid_gym_relative_v2,100,100,0.4906634425371885,0.3969126813858747,0.2249597760082944,0.245694636162159,True,0.808930617152697,0.2594392182606606,38.0,0.3138284675432751,17.0,DT
DT-Go2Handstand-bc472541,Go2Handstand,playground/go2-handstand/expert-v0,2,humanoid_gym_relative_v2,100,100,0.8818623515218497,0.4025658729579299,0.2697134289347861,0.4245473130762217,True,0.45649513471486,0.0131062562362248,60.0,0.1996022851886135,13.0,DT
DT-Go2Handstand-e7858a0a,Go2Handstand,playground/go2-handstand/medium-expert-v0,1,humanoid_gym_relative_v2,100,100,0.5049171203002334,0.3900886010751128,0.3233879801457197,0.2798282065108163,True,0.772579469761609,0.1648462613538915,43.0,0.0691810466389584,28.000000000000004,DT
DT-Go2Handstand-f621e6fd,Go2Handstand,playground/go2-handstand/expert-v0,0,humanoid_gym_relative_v2,100,100,0.9581990049779416,0.4726708943676203,0.1480597769742836,0.4691263372513484,True,0.4932909467783277,0.0121706512195099,55.00000000000001,0.732235386468022,4.0,DT
DT-Go2Handstand-f74722df,Go2Handstand,playground/go2-handstand/medium-replay-v0,2,humanoid_gym_relative_v2,100,100,0.3020094355940819,0.2431900555640459,0.1301518631941785,0.1728394409706317,True,0.8052399259833305,0.3270395946129769,39.0,0.5217371634185353,4.0,DT
DT-Go2Handstand-f871d7c6,Go2Handstand,playground/go2-handstand/medium-v0,2,humanoid_gym_relative_v2,100,100,0.4724920377135276,0.3958381978422403,0.2296391048985256,0.2407038485718067,True,0.8377669172114968,0.2458199827585771,33.0,0.2891955545576988,18.0,DT
DT-Go2JoystickFlatTerrain-0eb9a08d,Go2JoystickFlatTerrain,playground/go2-joystick-direction/medium-expert-v0,0,humanoid_gym_relative_v2,100,100,0.7250430010631681,0.5148850784357637,0.3555643109667556,0.3425838215583646,True,0.7101441951453377,0.0728895247264524,42.0,0.1605734974069518,23.0,DT
DT-Go2JoystickFlatTerrain-131647ae,Go2JoystickFlatTerrain,playground/go2-joystick-direction/medium-replay-v0,1,humanoid_gym_relative_v2,100,100,0.2519135161675512,0.2039908693684265,0.3464967465516064,0.3688110714976373,True,0.809765480121159,-1.8932916073774837,35.0,-1.9059937546099648,32.0,DT
DT-Go2JoystickFlatTerrain-278d8f0e,Go2JoystickFlatTerrain,playground/go2-joystick-direction/expert-v0,2,humanoid_gym_relative_v2,100,100,0.997561229467392,0.7435675235837698,0.106612361615976,0.4330646167235033,True,0.7453853474044575,-0.3660609525084152,17.0,0.8096703256916121,0.0,DT
DT-Go2JoystickFlatTerrain-2b9595ac,Go2JoystickFlatTerrain,playground/go2-joystick-direction/medium-v0,1,humanoid_gym_relative_v2,100,100,0.4870109532959759,0.4103547125170007,0.2557515327325375,0.2536956256534304,True,0.8425985283078671,0.0571178555611271,24.0,0.1984298892114422,15.0,DT
DT-Go2JoystickFlatTerrain-2d3550b4,Go2JoystickFlatTerrain,playground/go2-joystick-direction/medium-replay-v0,0,humanoid_gym_relative_v2,100,100,0.0099904847843572,-0.056040318403393,0.4143454356293799,0.4267059304470671,False,,,,,,DT
DT-Go2JoystickFlatTerrain-2f97b056,Go2JoystickFlatTerrain,playground/go2-joystick-direction/medium-expert-v0,2,humanoid_gym_relative_v2,100,100,0.8302628846978769,0.5932394284382463,0.3045581679693891,0.3928597088766783,True,0.7145199904414844,-0.0444864780033147,36.0,0.3050321467197903,15.0,DT
DT-Go2JoystickFlatTerrain-3004cb43,Go2JoystickFlatTerrain,playground/go2-joystick-direction/medium-v0,0,humanoid_gym_relative_v2,100,100,0.491506797937327,0.4117676929570734,0.2525977745070072,0.2514286289286737,True,0.8377660180593854,0.0880165920849286,29.0,0.1798365438165079,13.0,DT
DT-Go2JoystickFlatTerrain-40fdf2e4,Go2JoystickFlatTerrain,playground/go2-flat-forward/medium-v0,2,humanoid_gym_relative_v2,100,100,0.6323514306545257,0.4366219468042254,0.0762584685831642,0.1786809380364785,True,0.690473565233011,0.1796283652962215,22.0,0.5706425261731101,0.0,DT
DT-Go2JoystickFlatTerrain-46cbae06,Go2JoystickFlatTerrain,playground/go2-flat-forward/medium-v0,1,humanoid_gym_relative_v2,100,100,0.6486595147848129,0.447419949201867,0.0430319198884556,0.1875128564640192,True,0.6897608668398161,0.2171330038469247,27.0,0.981658878264538,0.0,DT
DT-Go2JoystickFlatTerrain-491c1130,Go2JoystickFlatTerrain,playground/go2-joystick-direction/expert-v0,0,humanoid_gym_relative_v2,100,100,0.9776283167302608,0.7189542270521634,0.1915972381581261,0.4626585100144086,True,0.7354065085356272,-0.4368454605224919,18.0,0.820715117426906,2.0,DT
DT-Go2JoystickFlatTerrain-5327e9e3,Go2JoystickFlatTerrain,playground/go2-flat-forward/expert-v0,2,humanoid_gym_relative_v2,100,100,0.9787356173992156,0.8404904499650001,0.0041779347965442,0.2092861861849594,True,0.858751265432055,0.680777412818292,4.0,0.9924984032997968,0.0,DT
DT-Go2JoystickFlatTerrain-645bbd42,Go2JoystickFlatTerrain,playground/go2-joystick-direction/expert-v0,1,humanoid_gym_relative_v2,100,100,0.9931439656019212,0.7623207799717784,0.1172284409788659,0.4044937270017638,True,0.7675833578767745,-0.3761737720417165,15.0,0.8003502532205724,0.0,DT
DT-Go2JoystickFlatTerrain-66229552,Go2JoystickFlatTerrain,playground/go2-flat-forward/expert-v0,0,humanoid_gym_relative_v2,100,100,0.9799723845720292,0.8274724752735346,0.0040722307890396,0.2537684367458649,True,0.8443834625349226,0.6912873477160215,5.0,0.9927138068380312,0.0,DT
DT-Go2JoystickFlatTerrain-719c6966,Go2JoystickFlatTerrain,playground/go2-flat-forward/medium-expert-v0,2,humanoid_gym_relative_v2,100,100,0.7423334911465644,0.4916606783121824,0.2037315443686138,0.2439030143975918,True,0.6623177913646229,0.2230578329285762,40.0,0.4796950889046413,10.0,DT
DT-Go2JoystickFlatTerrain-7faabe11,Go2JoystickFlatTerrain,playground/go2-flat-forward/medium-replay-v0,1,humanoid_gym_relative_v2,100,100,0.6619973838329315,0.4132499586045742,0.3351763073989207,0.4215425467866405,True,0.6242471174310051,-0.7238657855300618,29.0,-0.6529720627514058,8.0,DT
DT-Go2JoystickFlatTerrain-81004c11,Go2JoystickFlatTerrain,playground/go2-flat-forward/medium-expert-v0,1,humanoid_gym_relative_v2,100,100,0.7134709018468857,0.4631928604841232,0.1414338616041363,0.2534841446977854,True,0.6492105834801468,0.1577683666373799,35.0,0.9016410377641836,2.0,DT
DT-Go2JoystickFlatTerrain-85a9b735,Go2JoystickFlatTerrain,playground/go2-flat-forward/medium-expert-v0,0,humanoid_gym_relative_v2,100,100,0.7309886109828949,0.4722827765345573,0.1871255243757546,0.2288734853722107,True,0.6460877357576351,0.1788010799522074,39.0,0.4920391896909475,8.0,DT
DT-Go2JoystickFlatTerrain-94fda674,Go2JoystickFlatTerrain,playground/go2-joystick-direction/medium-replay-v0,2,humanoid_gym_relative_v2,100,100,0.0643540502293035,0.0152786837611347,0.4402500869860665,0.4346936276217101,True,0.2374160399647637,-7.623004218526969,54.0,-7.604561145782401,47.0,DT
DT-Go2JoystickFlatTerrain-969fd017,Go2JoystickFlatTerrain,playground/go2-joystick-direction/medium-v0,2,humanoid_gym_relative_v2,100,100,0.4906770577188581,0.4102479542791843,0.2542886987198083,0.2554363937949188,True,0.8360854615587978,0.0651735995997123,27.0,0.1826528985278712,15.0,DT
DT-Go2JoystickFlatTerrain-99223559,Go2JoystickFlatTerrain,playground/go2-flat-forward/medium-replay-v0,0,humanoid_gym_relative_v2,100,100,0.5681754623726011,0.3794034526310861,0.3492245610261957,0.4120057425717485,True,0.6677575463163506,-0.8502451413066133,29.0,-0.8418634741087604,13.0,DT
DT-Go2JoystickFlatTerrain-d621faf1,Go2JoystickFlatTerrain,playground/go2-flat-forward/medium-replay-v0,2,humanoid_gym_relative_v2,100,100,0.6909087371826171,0.41319256240502,0.0541405318514068,0.3852161212367597,True,0.5980421728200077,-0.6965959368080117,27.0,0.9459296974719408,0.0,DT
DT-Go2JoystickFlatTerrain-d761ce81,Go2JoystickFlatTerrain,playground/go2-flat-forward/expert-v0,1,humanoid_gym_relative_v2,100,100,0.978898103237152,0.834457801040262,0.0042437889116397,0.2263821892945609,True,0.8524460291431402,0.6518965080251925,4.0,0.9918217525617438,0.0,DT
DT-Go2JoystickFlatTerrain-d936e3bd,Go2JoystickFlatTerrain,playground/go2-flat-forward/medium-v0,0,humanoid_gym_relative_v2,100,100,0.6535751229524612,0.4375758389383554,0.0321213676245031,0.2122628606674061,True,0.6695111603416753,0.1716063073283524,26.0,0.9855421397572895,0.0,DT
DT-Go2JoystickFlatTerrain-fb52bee0,Go2JoystickFlatTerrain,playground/go2-joystick-direction/medium-expert-v0,1,humanoid_gym_relative_v2,100,100,0.7834625291731209,0.5267720872559585,0.3361749853751622,0.4424085042451978,True,0.672364111416946,-0.3110992447810666,43.0,0.205288083264028,21.0,DT
DT-Go2PushRecovery-1ee7f29c,Go2PushRecovery,playground/go2-push-recovery/expert-v0,0,humanoid_gym_relative_v2,100,100,1.0004337392747402,0.6291081342974212,0.2633703712547852,0.4431625117478266,True,0.6288353836941667,0.0198954342108197,45.0,0.3700739112661681,8.0,DT
DT-Go2PushRecovery-4638fae0,Go2PushRecovery,playground/go2-push-recovery/medium-expert-v0,2,humanoid_gym_relative_v2,100,100,0.7673743340373039,0.4520717229932779,0.3813767111507291,0.4184283500423856,True,0.5891149898314186,0.0139514985749345,55.00000000000001,0.0761967757192549,21.0,DT
DT-Go2PushRecovery-4ad3990d,Go2PushRecovery,playground/go2-push-recovery/medium-replay-v0,2,humanoid_gym_relative_v2,100,100,0.2570246467925608,0.1591567969508469,0.2535795179730256,0.1637822505552632,True,0.6192277625394386,0.0712547519872516,60.0,0.12671235415106,41.0,DT
DT-Go2PushRecovery-71001b3c,Go2PushRecovery,playground/go2-push-recovery/expert-v0,2,humanoid_gym_relative_v2,100,100,0.9921585024148226,0.6130078705772758,0.2700469216989802,0.4284306197443026,True,0.6178527615146884,0.0258698946687844,47.0,0.2990971526433322,8.0,DT
DT-Go2PushRecovery-78c8e608,Go2PushRecovery,playground/go2-push-recovery/medium-v0,2,humanoid_gym_relative_v2,100,100,0.295050276145339,0.1779176001041196,0.2742586204026453,0.1963069193390753,True,0.6030077396588475,0.0679000356933359,61.0,0.1312072775841574,41.0,DT
DT-Go2PushRecovery-81b81bd5,Go2PushRecovery,playground/go2-push-recovery/medium-v0,0,humanoid_gym_relative_v2,100,100,0.2867400787398219,0.2025944163464009,0.2731363025299209,0.220840544815999,True,0.7065437703608506,0.0668663934897256,57.99999999999999,0.1252377002742469,41.0,DT
DT-Go2PushRecovery-9774e389,Go2PushRecovery,playground/go2-push-recovery/expert-v0,1,humanoid_gym_relative_v2,100,100,0.9544295881967992,0.6386065030563622,0.3113695610425462,0.4337281621177839,True,0.6690975541347995,0.0226147553532527,41.0,0.1772682481606914,13.0,DT
DT-Go2PushRecovery-a53c936a,Go2PushRecovery,playground/go2-push-recovery/medium-expert-v0,0,humanoid_gym_relative_v2,100,100,0.820558953396976,0.4268983068247325,0.3689590846014065,0.4038170242777378,True,0.5202530604991212,0.0133047406470653,61.0,0.1242980649768556,22.0,DT
DT-Go2PushRecovery-bd46d75e,Go2PushRecovery,playground/go2-push-recovery/medium-expert-v0,1,humanoid_gym_relative_v2,100,100,0.6834493763186038,0.331977496772306,0.4359396250965922,0.3628657793799933,True,0.4857382394004088,0.0236035827620587,66.0,0.0544125909030185,30.0,DT
DT-Go2PushRecovery-bd7b417c,Go2PushRecovery,playground/go2-push-recovery/medium-v0,1,humanoid_gym_relative_v2,100,100,0.2686023876257241,0.1653454075823538,0.2609312047205547,0.1540523610105236,True,0.6155768347552792,0.0786022948439565,59.0,0.1295909654762088,41.0,DT
DT-Go2PushRecovery-d86520e7,Go2PushRecovery,playground/go2-push-recovery/medium-replay-v0,0,humanoid_gym_relative_v2,100,100,0.229439660385251,0.1411958260834217,0.2261791281372846,0.1482149441243488,True,0.6153941556849434,0.0880690852458489,62.0,0.1205858872254051,49.0,DT
DT-Go2PushRecovery-ddf9cf45,Go2PushRecovery,playground/go2-push-recovery/medium-replay-v0,1,humanoid_gym_relative_v2,100,100,0.2182350360322743,0.1363201812654733,0.2262322938693837,0.1563832549777019,True,0.624648469576229,0.08706670966652,65.0,0.1240483445224612,49.0,DT
DT-Go2RoughCurriculum-10488c9b,Go2RoughCurriculum,playground/go2-rough-terrain/expert-v0,0,humanoid_gym_relative_v2,100,100,0.9584797275066376,0.8037053495272994,0.0884180460502134,0.2778008665318954,True,0.8385209686364845,0.0139150879243508,12.0,0.9034614782940396,0.0,DT
DT-Go2RoughCurriculum-141709a4,Go2RoughCurriculum,playground/go2-rough-terrain/medium-v0,2,humanoid_gym_relative_v2,100,100,0.5255832721013576,0.4355735342996195,0.2555460002558096,0.2817636573185865,True,0.8287431457971137,-0.0503844504244358,33.0,0.0524631724433381,19.0,DT
DT-Go2RoughCurriculum-2658cebb,Go2RoughCurriculum,playground/go2-rough-terrain/expert-v0,2,humanoid_gym_relative_v2,100,100,0.9369736259803176,0.7543159477133304,0.157333036564252,0.3204816023873723,True,0.8050556886530505,-0.0374776822365599,18.0,0.9190807301342968,2.0,DT
DT-Go2RoughCurriculum-4c9eed3a,Go2RoughCurriculum,playground/go2-rough-terrain/medium-replay-v0,2,humanoid_gym_relative_v2,100,100,0.1890295902453363,0.0995001699071144,0.3239317733096237,0.2653228127124248,True,0.5263735152680379,-0.2557210592576696,78.0,-0.259794684755218,64.0,DT
DT-Go2RoughCurriculum-56f8b525,Go2RoughCurriculum,playground/go2-rough-terrain/medium-v0,0,humanoid_gym_relative_v2,100,100,0.5433750179782509,0.4475971461308654,0.2481507112636894,0.2631362413868201,True,0.8237352313255979,-0.0229735650818346,30.0,0.1057355087004205,19.0,DT
DT-Go2RoughCurriculum-8f4d8d5c,Go2RoughCurriculum,playground/go2-rough-terrain/expert-v0,1,humanoid_gym_relative_v2,100,100,0.9468911719694734,0.7722087767487392,0.134556912938744,0.300940106006173,True,0.8155200931302318,-0.0059062085298459,15.0,0.9095576363902592,1.0,DT
DT-Go2RoughCurriculum-93eab48d,Go2RoughCurriculum,playground/go2-rough-terrain/medium-replay-v0,0,humanoid_gym_relative_v2,100,100,0.1348050400509964,0.0654494222416542,0.281743999316451,0.2393700606315637,True,0.4855116857418303,-0.3787683481530034,81.0,-0.3726899849692972,67.0,DT
DT-Go2RoughCurriculum-99d26741,Go2RoughCurriculum,playground/go2-rough-terrain/medium-expert-v0,2,humanoid_gym_relative_v2,100,100,0.8793881095433608,0.6373736757127335,0.2468595663387953,0.4042187381469996,True,0.7247922376886606,-0.0480909509562122,29.0,0.0892135924598968,7.000000000000001,DT
DT-Go2RoughCurriculum-9ee7a560,Go2RoughCurriculum,playground/go2-rough-terrain/medium-expert-v0,0,humanoid_gym_relative_v2,100,100,0.9115173817332834,0.6465377572295256,0.1943276256464322,0.3965828305691953,True,0.7092983306583913,-0.0474591621936086,29.0,0.8841674576114067,4.0,DT
DT-Go2RoughCurriculum-bc2ebb4d,Go2RoughCurriculum,playground/go2-rough-terrain/medium-replay-v0,1,humanoid_gym_relative_v2,100,100,0.2793937090912368,0.1690052257827483,0.3306722251943976,0.2984896291942067,True,0.6048998967530768,-0.1694011793067656,66.0,-0.159959615789896,49.0,DT
DT-Go2RoughCurriculum-bff3b624,Go2RoughCurriculum,playground/go2-rough-terrain/medium-v0,1,humanoid_gym_relative_v2,100,100,0.5322523724194617,0.4533275557681918,0.251772472441181,0.2712353557223829,True,0.8517154253488792,-0.0292825187682995,29.0,0.1240635555216828,22.0,DT
DT-Go2RoughCurriculum-e6020149,Go2RoughCurriculum,playground/go2-rough-terrain/medium-expert-v0,1,humanoid_gym_relative_v2,100,100,0.8716149776242673,0.6461936665140092,0.245565600234041,0.3921923617161085,True,0.741375129045302,-0.0284938629577309,29.0,0.1838692688705608,7.000000000000001,DT
DT-H1JoystickGaitTracking-009cb5fc,H1JoystickGaitTracking,playground/h1-gait-tracking/medium-v0,0,humanoid_gym_relative_v2,100,100,0.8975101908668875,0.36972583282506094,0.3998738734891415,0.4697727636553562,True,0.41194611112766305,0.007250889116925121,70.0,0.09413184808264247,21.0,DT
DT-H1JoystickGaitTracking-01991ecd,H1JoystickGaitTracking,playground/h1-gait-tracking/medium-replay-v0,0,humanoid_gym_relative_v2,100,100,0.05627690967172384,0.03950582897057757,0.01279605595822895,0.02257803158119974,True,0.7019900204368746,0.07117652351132041,30.0,0.7120711470278589,0.0,DT
DT-H1JoystickGaitTracking-48a5ea49,H1JoystickGaitTracking,playground/h1-gait-tracking/medium-expert-v0,1,humanoid_gym_relative_v2,100,100,0.8690643318742514,0.3893923927558353,0.4294613991967468,0.4867117008463493,True,0.4480593420697171,0.008270961782809913,68.0,0.10398122257087956,24.0,DT
DT-H1JoystickGaitTracking-5c8ef8f1,H1JoystickGaitTracking,playground/h1-gait-tracking/expert-v0,1,humanoid_gym_relative_v2,100,100,0.7239596930425614,0.24369398597045802,0.5548282919381248,0.42522083893515256,True,0.336612643372856,0.0059950656672313205,81.0,0.009524670921902043,39.0,DT
DT-H1JoystickGaitTracking-5daa024d,H1JoystickGaitTracking,playground/h1-gait-tracking/medium-v0,1,humanoid_gym_relative_v2,100,100,0.9194198883697391,0.38770218180085064,0.38156470210449694,0.4746754874595631,True,0.42168130873077064,0.003995493629893231,67.0,0.11959002945227583,19.0,DT
DT-H1JoystickGaitTracking-776e08ec,H1JoystickGaitTracking,playground/h1-gait-tracking/medium-v0,2,humanoid_gym_relative_v2,100,100,0.9184650894254446,0.3917660908907419,0.39103590312774195,0.4832190792555974,True,0.4265443459977507,0.006839938083265111,68.0,0.12085503463491445,21.0,DT
DT-H1JoystickGaitTracking-7967f825,H1JoystickGaitTracking,playground/h1-gait-tracking/medium-expert-v0,2,humanoid_gym_relative_v2,100,100,0.8089426174014807,0.3897891650357633,0.43050118149409494,0.47706705535952804,True,0.4818502037732421,0.007089203832440226,67.0,0.10790045225652477,25.0,DT
DT-H1JoystickGaitTracking-8f4ba2bd,H1JoystickGaitTracking,playground/h1-gait-tracking/expert-v0,2,humanoid_gym_relative_v2,100,100,0.7489457049500197,0.2775998848699965,0.5526187314721418,0.4392652680800261,True,0.3706542183702381,0.0069488344258543605,77.0,0.010965129015615555,36.0,DT
DT-H1JoystickGaitTracking-94a6a790,H1JoystickGaitTracking,playground/h1-gait-tracking/expert-v0,0,humanoid_gym_relative_v2,100,100,0.7553471708903089,0.27062109370483084,0.5446841544617227,0.4388302114406144,True,0.3582737900320147,0.005546334110136259,79.0,0.01092067768954404,35.0,DT
DT-H1JoystickGaitTracking-a498528c,H1JoystickGaitTracking,playground/h1-gait-tracking/medium-replay-v0,2,humanoid_gym_relative_v2,100,100,0.05824046298861504,0.04130433108890429,0.01521509990857788,0.027838759311290658,True,0.709203343678407,0.0695882125815711,37.0,0.6711668617409488,0.0,DT
DT-H1JoystickGaitTracking-ba1fc842,H1JoystickGaitTracking,playground/h1-gait-tracking/medium-expert-v0,0,humanoid_gym_relative_v2,100,100,0.9351742564141751,0.40231122749624776,0.3780072855675482,0.4898218767473032,True,0.4301992112559501,0.004067941877114386,66.0,0.1523909684674003,20.0,DT
DT-H1JoystickGaitTracking-d3aa9d94,H1JoystickGaitTracking,playground/h1-gait-tracking/medium-replay-v0,1,humanoid_gym_relative_v2,100,100,0.053270916789770126,0.03668320355936885,0.009095958433658433,0.01947305805371984,True,0.6886159610155855,0.11148910270569856,32.0,0.7715401165628939,0.0,DT
DT-H1JoystickGaitTracking-f12bb1c4,H1JoystickGaitTracking,playground/h1-gait-tracking/medium-replay-v0,1,humanoid_gym_relative_v2,100,100,0.05292046472430229,0.037498608699534086,0.011364629436868175,0.020928802150769307,True,0.7085842668784023,0.09548710012425494,31.0,0.7347050750597589,0.0,DT
IQL-G1JoystickFlatTerrain-14b726f8,G1JoystickFlatTerrain,playground/g1-joystick-direction/medium-replay-v0,1,humanoid_gym_relative_v2,100,100,0.1430037948966492,0.10224529454018921,0.1107866339765511,0.1181337171717856,True,0.7149830856872246,-0.07310203829021696,55.00000000000001,0.083621099557542,34.0,IQL
IQL-G1JoystickFlatTerrain-1732401e,G1JoystickFlatTerrain,playground/g1-joystick-direction/medium-v0,1,humanoid_gym_relative_v2,100,100,0.3549688911251724,0.23076541312271728,0.1935577032746642,0.17629239968897986,True,0.650100385955632,0.03622320522646527,42.0,0.20077474325756678,15.0,IQL
IQL-G1JoystickFlatTerrain-2c11723d,G1JoystickFlatTerrain,playground/g1-joystick-direction/expert-v0,0,humanoid_gym_relative_v2,100,100,0.6988205467909574,0.3290884264244232,0.2894033286248857,0.2995016014573378,True,0.4709197918344343,-0.040927311809284564,61.0,0.2718504100990149,18.0,IQL
IQL-G1JoystickFlatTerrain-490a66d9,G1JoystickFlatTerrain,playground/g1-joystick-direction/medium-expert-v0,0,humanoid_gym_relative_v2,100,100,0.5898496557469479,0.3037220405798871,0.3012178774576609,0.29635411852747556,True,0.5149143304920182,-0.11984110014000214,55.00000000000001,0.10824007833694599,16.0,IQL
IQL-G1JoystickFlatTerrain-5c8aeafc,G1JoystickFlatTerrain,playground/g1-joystick-direction/medium-expert-v0,2,humanoid_gym_relative_v2,100,100,0.6116611235495657,0.29885591953760016,0.2852690634068096,0.2576188907414999,True,0.4885972118078917,-0.00699905816810383,57.99999999999999,0.3456448593619572,16.0,IQL
IQL-G1JoystickFlatTerrain-61340479,G1JoystickFlatTerrain,playground/g1-joystick-direction/medium-v0,0,humanoid_gym_relative_v2,100,100,0.3567800393141806,0.2616738691017963,0.1978443574207592,0.18511168897080893,True,0.7334319195793524,0.07027579050321604,35.0,0.2629967475045608,16.0,IQL
IQL-G1JoystickFlatTerrain-7d221510,G1JoystickFlatTerrain,playground/g1-joystick-direction/expert-v0,2,humanoid_gym_relative_v2,100,100,0.6596375661157071,0.34456412970728706,0.3223623517053039,0.3063710548229242,True,0.5223537096837311,-0.09302644314425733,53.0,0.13964009555654378,23.0,IQL
IQL-G1JoystickFlatTerrain-947d0c29,G1JoystickFlatTerrain,playground/g1-joystick-direction/medium-replay-v0,0,humanoid_gym_relative_v2,100,100,0.15269947543973103,0.10941649872242123,0.09725571803493448,0.10850285300177698,True,0.7165479672234162,-0.06002431969743177,50.0,0.21363190039530594,30.0,IQL
IQL-G1JoystickFlatTerrain-a889dd4f,G1JoystickFlatTerrain,playground/g1-joystick-direction/medium-v0,2,humanoid_gym_relative_v2,100,100,0.3503597696311772,0.2285188015550375,0.2003259049967481,0.16484913994577366,True,0.6522404150328065,0.06534441101133197,41.0,0.23722379260851462,17.0,IQL
IQL-G1JoystickFlatTerrain-d305d385,G1JoystickFlatTerrain,playground/g1-joystick-direction/medium-expert-v0,1,humanoid_gym_relative_v2,100,100,0.6155889933276921,0.290342930937768,0.2886817148422207,0.2566423682866325,True,0.47165062092527016,-0.025666840076498495,56.99999999999999,0.09402659708484333,14.000000000000002,IQL
IQL-G1JoystickFlatTerrain-d5b90806,G1JoystickFlatTerrain,playground/g1-joystick-direction/medium-replay-v0,2,humanoid_gym_relative_v2,100,100,0.15381983443163336,0.10197084190498572,0.11931941956670193,0.09577741484145608,True,0.6629238828774555,-0.038531339690967004,51.0,0.1816612547806992,35.0,IQL
IQL-G1JoystickFlatTerrain-ddc86f99,G1JoystickFlatTerrain,playground/g1-joystick-direction/expert-v0,1,humanoid_gym_relative_v2,100,100,0.6555893342662603,0.3215672559896484,0.3316882518918674,0.3103820071816516,True,0.4905010487236625,-0.04742830424162648,59.0,0.019181585976672397,22.0,IQL
IQL-Go2Footstand-03e6ce92,Go2Footstand,playground/go2-footstand/medium-expert-v0,0,humanoid_gym_relative_v2,100,100,0.9616889794170856,0.5412939878506586,0.1322377316044496,0.4469386059615158,True,0.5628576384214743,-0.0042236245056587,44.0,1.002779473693301,3.0,IQL
IQL-Go2Footstand-0d168a13,Go2Footstand,playground/go2-footstand/medium-replay-v0,2,humanoid_gym_relative_v2,100,100,0.2518046194844646,0.1323372783024388,0.3337952584907473,0.2368916937157645,True,0.5255554031271594,0.0040701973152032,77.0,0.0116406021493137,62.0,IQL
IQL-Go2Footstand-52d8b3f9,Go2Footstand,playground/go2-footstand/medium-v0,0,humanoid_gym_relative_v2,100,100,0.5490571738034487,0.4252630826097447,0.272479137271585,0.3206482583233551,True,0.7745333325923911,-0.0072491795855351,42.0,0.1913948243957268,22.0,IQL
IQL-Go2Footstand-5cb71368,Go2Footstand,playground/go2-footstand/medium-v0,2,humanoid_gym_relative_v2,100,100,0.4878344561159611,0.4003133104462176,0.2574531974046882,0.302165045846284,True,0.8205925297557515,-0.0080911986007183,36.0,0.2536114484422652,24.0,IQL
IQL-Go2Footstand-6af072f1,Go2Footstand,playground/go2-footstand/expert-v0,1,humanoid_gym_relative_v2,100,100,0.9782389920949937,0.4253967728459975,0.0843112077349807,0.4680050296894209,True,0.4348597595102696,-0.0041931718719403,57.99999999999999,1.0091778251041512,1.0,IQL
IQL-Go2Footstand-843a5589,Go2Footstand,playground/go2-footstand/expert-v0,0,humanoid_gym_relative_v2,100,100,0.9719317889213562,0.4584341611899435,0.1159742748977179,0.4750529252210537,True,0.4716731836693096,-0.0042276791967835,55.00000000000001,1.0155596297903229,2.0,IQL
IQL-Go2Footstand-9a842624,Go2Footstand,playground/go2-footstand/expert-v0,2,humanoid_gym_relative_v2,100,100,0.9887781703472136,0.416473363507539,0.000771950353106,0.4629783415098339,True,0.4211999981363794,-0.0041715569474682,61.0,0.9985490584189016,0.0,IQL
IQL-Go2Footstand-bb72a483,Go2Footstand,playground/go2-footstand/medium-replay-v0,1,humanoid_gym_relative_v2,100,100,0.1708652853457897,0.1157635083710192,0.2402255795386606,0.2077970921710592,True,0.6775133295024915,0.01072832898285,73.0,0.0115888864811829,55.00000000000001,IQL
IQL-Go2Footstand-be8d323f,Go2Footstand,playground/go2-footstand/medium-replay-v0,0,humanoid_gym_relative_v2,100,100,0.1613975086604477,0.1140551608074747,0.258741256742446,0.2232176196941436,True,0.7066723752683626,0.0050956369959699,76.0,0.0053161552906126,66.0,IQL
IQL-Go2Footstand-cad42771,Go2Footstand,playground/go2-footstand/medium-v0,1,humanoid_gym_relative_v2,100,100,0.5272219225019217,0.436457655718259,0.299281500914352,0.3278931877825128,True,0.8278442854710166,-0.0060397868196077,39.0,0.1784728217270733,28.000000000000004,IQL
IQL-Go2Footstand-ed3768a4,Go2Footstand,playground/go2-footstand/medium-expert-v0,1,humanoid_gym_relative_v2,100,100,0.9824918657541276,0.5710049756150692,0.0260617443102856,0.4346676693874752,True,0.5811803593679477,-0.0040770150123654,37.0,0.9698880938554336,0.0,IQL
IQL-Go2Footstand-faf231cf,Go2Footstand,playground/go2-footstand/medium-expert-v0,2,humanoid_gym_relative_v2,100,100,0.979063321352005,0.5335409309249372,0.0315508004038893,0.444607505519704,True,0.5449503819509462,-0.0041343507438293,45.0,0.934670279377978,0.0,IQL
IQL-Go2Getup-15f4faab,Go2Getup,playground/go2-getup/medium-v0,2,humanoid_gym_relative_v2,100,100,0.5789754939079285,0.5688538239896297,0.4402528695032914,0.4461442211384991,True,0.9825179648796872,-0.4066680314237292,25.0,-0.406836733091453,27.0,IQL
IQL-Go2Getup-1e9acec9,Go2Getup,playground/go2-getup/medium-v0,0,humanoid_gym_relative_v2,100,100,0.5845475406944751,0.5676623818278312,0.4450357813910111,0.4483186307102584,True,0.9711141392424928,-0.4015138548850796,27.0,-0.4003684056691836,26.0,IQL
IQL-Go2Getup-2411aaa8,Go2Getup,playground/go2-getup/medium-expert-v0,1,humanoid_gym_relative_v2,100,100,0.6026208397001028,0.5592758360505105,0.4669946301556674,0.4703905663873052,True,0.92807251128062,-0.3888515427267561,29.0,-0.3878731592953925,27.0,IQL
IQL-Go2Getup-323f8ad3,Go2Getup,playground/go2-getup/expert-v0,2,humanoid_gym_relative_v2,100,100,0.3133843610435724,0.3196031887084246,0.5669688401706595,0.5667280962601495,True,1.019844090637272,-0.7613212871663501,56.99999999999999,-0.7610341639783539,51.0,IQL
IQL-Go2Getup-4a80c3b9,Go2Getup,playground/go2-getup/medium-replay-v0,0,humanoid_gym_relative_v2,100,100,0.4622545138187706,0.330159548483789,0.4402933052766408,0.3836300544568199,True,0.7142375869005139,-0.506578331791975,35.0,-0.5065491583594237,32.0,IQL
IQL-Go2Getup-56bdb5da,Go2Getup,playground/go2-getup/medium-expert-v0,0,humanoid_gym_relative_v2,100,100,0.5866492934525013,0.5620789830386639,0.4778806346226788,0.454028405752064,True,0.9581175487841498,-0.4017400670645519,27.0,-0.4011715222456716,30.0,IQL
IQL-Go2Getup-7be30619,Go2Getup,playground/go2-getup/medium-expert-v0,2,humanoid_gym_relative_v2,100,100,0.6229560998082161,0.5887983466684819,0.4619737767080986,0.4522901225363951,True,0.945168282082397,-0.3777388298718345,25.0,-0.3777433280433162,24.0,IQL
IQL-Go2Getup-938d703c,Go2Getup,playground/go2-getup/medium-replay-v0,1,humanoid_gym_relative_v2,100,100,0.4501302972994744,0.353066760674119,0.4410168348842969,0.39319229611496,True,0.7843656887623841,-0.5198217588864694,35.0,-0.5200252398964341,32.0,IQL
IQL-Go2Getup-992ede38,Go2Getup,playground/go2-getup/expert-v0,0,humanoid_gym_relative_v2,100,100,0.3540094058588147,0.2544545795628801,0.5691331820899177,0.5353939429951746,True,0.7187791492307442,-0.6407577920393233,64.0,-0.6278196280239904,54.0,IQL
IQL-Go2Getup-aaa78b0f,Go2Getup,playground/go2-getup/expert-v0,1,humanoid_gym_relative_v2,100,100,0.3605488929490093,0.290190372238867,0.5967100076183287,0.5704814586582334,True,0.8048571994364915,-0.6613951951628959,61.0,-0.6599398012443096,55.00000000000001,IQL
IQL-Go2Getup-d917bacc,Go2Getup,playground/go2-getup/medium-v0,1,humanoid_gym_relative_v2,100,100,0.5789906769245863,0.5660862410068512,0.4475194852320652,0.4489404233970999,True,0.9777121870316128,-0.4048275009435659,27.0,-0.4052608601971573,26.0,IQL
IQL-Go2Getup-f39fc1b4,Go2Getup,playground/go2-getup/medium-replay-v0,2,humanoid_gym_relative_v2,100,100,0.440095511674881,0.3045490992814302,0.4337568846844954,0.3694568844305163,True,0.6920068285232022,-0.5332888625238313,32.0,-0.5334732243738118,30.0,IQL
IQL-Go2GetupWalk-037fe512,Go2GetupWalk,playground/go2-getup-walk/expert-v0,2,humanoid_gym_relative_v2,100,100,0.4254851861856877,0.3211848773062229,0.4489387440012424,0.3198693160709158,True,0.7548673555136495,-0.217972879515446,41.0,-0.217972879515446,45.0,IQL
IQL-Go2GetupWalk-041607aa,Go2GetupWalk,playground/go2-getup-walk/medium-expert-v0,0,humanoid_gym_relative_v2,100,100,0.4358756651985459,0.3933158391341567,0.2476386987674502,0.2338780041112132,True,0.902357875278486,0.1205901799199125,34.0,0.2764100535761889,31.0,IQL
IQL-Go2GetupWalk-1e1b913e,Go2GetupWalk,playground/go2-getup-walk/medium-v0,2,humanoid_gym_relative_v2,100,100,0.4309312801063061,0.4048389342799783,0.2300722781049762,0.2274404223338726,True,0.939451260488932,0.2339822012073015,30.0,0.3167478631500771,29.0,IQL
IQL-Go2GetupWalk-2b5ac8a2,Go2GetupWalk,playground/go2-getup-walk/expert-v0,1,humanoid_gym_relative_v2,100,100,0.4422934138495475,0.2438907680334523,0.4636915019421694,0.3397070397498,True,0.5514230155740354,-0.2096893788601798,57.99999999999999,-0.2096893788601798,45.0,IQL
IQL-Go2GetupWalk-3001d171,Go2GetupWalk,playground/go2-getup-walk/medium-expert-v0,2,humanoid_gym_relative_v2,100,100,0.444830329422839,0.3980313346534967,0.2389085851224416,0.2228119835215281,True,0.8947936062946442,0.1758112827892856,30.0,0.3351670066794691,25.0,IQL
IQL-Go2GetupWalk-67840f27,Go2GetupWalk,playground/go2-getup-walk/medium-replay-v0,2,humanoid_gym_relative_v2,100,100,0.2307584080519154,0.2133925616368651,0.1751492391958598,0.1747729618395138,True,0.9247444695010056,-0.4019105176145724,22.0,-0.4019105176145724,19.0,IQL
IQL-Go2GetupWalk-785e249a,Go2GetupWalk,playground/go2-getup-walk/medium-replay-v0,0,humanoid_gym_relative_v2,100,100,0.2245871141739189,0.2065222910791635,0.1726820151509048,0.1742817077400882,True,0.9195642939658324,-0.4129543743646817,22.0,-0.4129543743646817,17.0,IQL
IQL-Go2GetupWalk-952a9cec,Go2GetupWalk,playground/go2-getup-walk/medium-replay-v0,1,humanoid_gym_relative_v2,100,100,0.2372119107469916,0.2135732675343752,0.1963483791929184,0.1896176134818436,True,0.9003479920625519,-0.3909762833240711,21.0,-0.3909762833240711,19.0,IQL
IQL-Go2GetupWalk-a6d5400d,Go2GetupWalk,playground/go2-getup-walk/medium-v0,0,humanoid_gym_relative_v2,100,100,0.4365245372056961,0.4140798997785896,0.2318361851747254,0.2203053887376552,True,0.948583331487434,0.2689260530836982,29.0,0.3090807866461477,29.0,IQL
IQL-Go2GetupWalk-c34c2495,Go2GetupWalk,playground/go2-getup-walk/medium-v0,1,humanoid_gym_relative_v2,100,100,0.4445369257777929,0.4142481228709221,0.2213179429244477,0.2209073917858607,True,0.9318643713255644,0.2283261432115954,28.000000000000004,0.3341140860242527,24.0,IQL
IQL-Go2GetupWalk-e24e1f05,Go2GetupWalk,playground/go2-getup-walk/expert-v0,0,humanoid_gym_relative_v2,100,100,0.405565337765729,0.26189195718267,0.4681649917408514,0.3300573088895224,True,0.6457454145993842,-0.2286788899046221,51.0,-0.2286788899046221,51.0,IQL
IQL-Go2GetupWalk-f877a91d,Go2GetupWalk,playground/go2-getup-walk/medium-expert-v0,1,humanoid_gym_relative_v2,100,100,0.4348178313300013,0.3603395989333512,0.2482311599456079,0.2246510205939104,True,0.8287139417239642,0.187935352910893,38.0,0.3114661656626509,26.0,IQL
IQL-Go2Handstand-104fffe3,Go2Handstand,playground/go2-handstand/medium-replay-v0,0,humanoid_gym_relative_v2,100,100,0.0880491211498156,0.0491017592628486,0.1901029953531791,0.1176430270324524,True,0.5576632523032454,0.0715084463807646,86.0,0.0772608512617558,81.0,IQL
IQL-Go2Handstand-111d6af9,Go2Handstand,playground/go2-handstand/medium-v0,0,humanoid_gym_relative_v2,100,100,0.5195841908454895,0.4326477314718067,0.235544580629732,0.243099613449151,True,0.8326807071781456,0.231954754883812,34.0,0.3015318194440076,22.0,IQL
IQL-Go2Handstand-17b7188c,Go2Handstand,playground/go2-handstand/expert-v0,0,humanoid_gym_relative_v2,100,100,0.907426541298628,0.4338502531498671,0.2211239116019125,0.4184150454519486,True,0.4781106055471766,0.0211248453824977,59.0,0.2821087282199959,8.0,IQL
IQL-Go2Handstand-1957be2f,Go2Handstand,playground/go2-handstand/medium-v0,2,humanoid_gym_relative_v2,100,100,0.435616475790739,0.3771129475533962,0.2339657017606797,0.2263720045989615,True,0.8656994592981221,0.2709982829445492,30.0,0.3259238962383093,26.0,IQL
IQL-Go2Handstand-1b9634c0,Go2Handstand,playground/go2-handstand/medium-replay-v0,2,humanoid_gym_relative_v2,100,100,0.0988062670710496,0.0662880534981377,0.1858649554018968,0.1464847373191211,True,0.6708891597986522,0.06093555447236,84.0,0.0658650479551474,77.0,IQL
IQL-Go2Handstand-2d35f413,Go2Handstand,playground/go2-handstand/medium-replay-v0,1,humanoid_gym_relative_v2,100,100,0.1085289346496574,0.0600386892794631,0.1984046837580598,0.1467756461527461,True,0.5532044470285661,0.0536484326829521,85.0,0.0449770584058705,73.0,IQL
IQL-Go2Handstand-68426493,Go2Handstand,playground/go2-handstand/medium-expert-v0,0,humanoid_gym_relative_v2,100,100,0.4450663899630308,0.3876201599836349,0.3342135280498439,0.2921784009339518,True,0.8709266049405178,0.1499816366315332,43.0,0.0707543168978891,32.0,IQL
IQL-Go2Handstand-7824aadb,Go2Handstand,playground/go2-handstand/expert-v0,1,humanoid_gym_relative_v2,100,100,0.8813636486977339,0.3899743978027254,0.2564927943720728,0.4035129815938614,True,0.4424670774417975,0.0190683365534955,62.0,0.2540916497810891,13.0,IQL
IQL-Go2Handstand-e7759754,Go2Handstand,playground/go2-handstand/medium-expert-v0,1,humanoid_gym_relative_v2,100,100,0.6639006053097546,0.3830037641525268,0.3219081192958124,0.2843876392595775,True,0.5768992543301412,0.1088632180139083,56.00000000000001,0.2452889365816701,21.0,IQL
IQL-Go2Handstand-eba54c47,Go2Handstand,playground/go2-handstand/expert-v0,2,humanoid_gym_relative_v2,100,100,0.8778484085202217,0.4375440008752048,0.2599653633290466,0.4220196168868582,True,0.4984277429092425,0.0348563580479983,59.0,0.2468986667154169,12.0,IQL
IQL-Go2Handstand-fb679f25,Go2Handstand,playground/go2-handstand/medium-expert-v0,2,humanoid_gym_relative_v2,100,100,0.6268026286922396,0.399919699691236,0.3375651227530578,0.2998448773203812,True,0.638031305844438,0.1277341407314334,54.0,0.1820375772473589,26.0,IQL
IQL-Go2Handstand-fef79af6,Go2Handstand,playground/go2-handstand/medium-v0,1,humanoid_gym_relative_v2,100,100,0.5079245772957802,0.4118654649332166,0.237985106545923,0.2649743854346693,True,0.8108791803814891,0.1985505771830569,40.0,0.306319301491727,19.0,IQL
IQL-Go2JoystickFlatTerrain-08adb66a,Go2JoystickFlatTerrain,playground/go2-flat-forward/medium-expert-v0,2,humanoid_gym_relative_v2,100,100,0.7755005955696106,0.4627359592914581,0.165155328256792,0.2167455975066928,True,0.5966932352277245,0.1634302213263641,37.0,0.8429382231188831,2.0,IQL
IQL-Go2JoystickFlatTerrain-106a1963,Go2JoystickFlatTerrain,playground/go2-flat-forward/expert-v0,2,humanoid_gym_relative_v2,100,100,0.9797797209024428,0.8502966964244842,0.0046162575128988,0.1731688520846118,True,0.8678447596785366,0.7219373232313168,2.0,0.9912815294344745,0.0,IQL
IQL-Go2JoystickFlatTerrain-1f174b54,Go2JoystickFlatTerrain,playground/go2-flat-forward/expert-v0,1,humanoid_gym_relative_v2,100,100,0.9802067810297012,0.8279363045096397,0.0048350822096617,0.2409042107991413,True,0.8446547407475571,0.6425735705569866,4.0,0.9909063114143986,0.0,IQL
IQL-Go2JoystickFlatTerrain-1ff29ba2,Go2JoystickFlatTerrain,playground/go2-joystick-direction/medium-expert-v0,1,humanoid_gym_relative_v2,100,100,0.6102210797980661,0.4310456271190196,0.340892145217853,0.3326636206531977,True,0.7063761665881174,-0.0243548663819659,38.0,0.0941545205598346,18.0,IQL
IQL-Go2JoystickFlatTerrain-363f56c2,Go2JoystickFlatTerrain,playground/go2-flat-forward/medium-expert-v0,1,humanoid_gym_relative_v2,100,100,0.7722876173257828,0.4424394742026925,0.1639431384472212,0.2492871923827588,True,0.5728946888139128,0.1613914838613723,35.0,0.8444327964362924,2.0,IQL
IQL-Go2JoystickFlatTerrain-36dc2120,Go2JoystickFlatTerrain,playground/go2-joystick-direction/expert-v0,0,humanoid_gym_relative_v2,100,100,0.9649311700463294,0.6817240972816944,0.2175523777766456,0.4796439631329779,True,0.7065002338446198,-0.4406137129618334,21.0,0.8139615597786801,2.0,IQL
IQL-Go2JoystickFlatTerrain-492e9d41,Go2JoystickFlatTerrain,playground/go2-flat-forward/medium-v0,1,humanoid_gym_relative_v2,100,100,0.658110517859459,0.4664864035695791,0.0442750417226444,0.1908995119018151,True,0.7088268473308283,0.2752727498147809,22.0,0.98493280882845,0.0,IQL
IQL-Go2JoystickFlatTerrain-5724f71c,Go2JoystickFlatTerrain,playground/go2-joystick-direction/expert-v0,1,humanoid_gym_relative_v2,100,100,0.9807950138673186,0.6560347865521908,0.1496686763797581,0.5124383721904242,True,0.6688806297713692,-0.4662356627883259,24.0,0.7979176469708756,1.0,IQL
IQL-Go2JoystickFlatTerrain-5abac3a9,Go2JoystickFlatTerrain,playground/go2-joystick-direction/medium-replay-v0,0,humanoid_gym_relative_v2,100,100,0.3781562515953556,0.2638586610089987,0.3364051365839732,0.3356468824180246,True,0.6977503608517347,-0.9493804097503428,40.0,-0.1580489511491792,32.0,IQL
IQL-Go2JoystickFlatTerrain-64af79c1,Go2JoystickFlatTerrain,playground/go2-flat-forward/medium-v0,2,humanoid_gym_relative_v2,100,100,0.6611341053247451,0.4587247934192419,0.0323462668663483,0.183806546467059,True,0.693845302677161,0.200032064761142,24.0,0.9834470825224866,0.0,IQL
IQL-Go2JoystickFlatTerrain-675034e6,Go2JoystickFlatTerrain,playground/go2-flat-forward/medium-v0,0,humanoid_gym_relative_v2,100,100,0.664919240474701,0.4825507621467113,0.0334009459637749,0.1658428274263091,True,0.7257283783850312,0.2758687784013202,18.0,0.9865791668430072,0.0,IQL
IQL-Go2JoystickFlatTerrain-6920e9b5,Go2JoystickFlatTerrain,playground/go2-joystick-direction/medium-expert-v0,0,humanoid_gym_relative_v2,100,100,0.5480333259981126,0.4281426313985139,0.3457568898369241,0.2954217223172681,True,0.7812346641853464,0.0926858420478715,34.0,0.0802859563455868,21.0,IQL
IQL-Go2JoystickFlatTerrain-79fe8a94,Go2JoystickFlatTerrain,playground/go2-joystick-direction/medium-v0,1,humanoid_gym_relative_v2,100,100,0.4690007454250008,0.3916691002994776,0.2583087817091324,0.2794130546264899,True,0.835114025127089,-0.046967629254689,27.0,0.1580539786869333,17.0,IQL
IQL-Go2JoystickFlatTerrain-91eecfcc,Go2JoystickFlatTerrain,playground/go2-joystick-direction/medium-expert-v0,2,humanoid_gym_relative_v2,100,100,0.5411054221983068,0.4174158500973135,0.3278282447590352,0.3323949583500158,True,0.7714131719499514,-0.0338602025291607,35.0,0.0855194523003768,23.0,IQL
IQL-Go2JoystickFlatTerrain-94ef5c4c,Go2JoystickFlatTerrain,playground/go2-flat-forward/medium-replay-v0,0,humanoid_gym_relative_v2,100,100,0.668592824190855,0.3371261504292488,0.2775711177899801,0.370043310508526,True,0.5042323791572935,-0.7134331479109675,43.0,0.342387825955309,7.000000000000001,IQL
IQL-Go2JoystickFlatTerrain-bb0a8ba6,Go2JoystickFlatTerrain,playground/go2-joystick-direction/medium-replay-v0,1,humanoid_gym_relative_v2,100,100,0.3446287634782493,0.274466639154125,0.3972793985269174,0.3721185383406487,True,0.7964124537487931,-1.2984327256554191,39.0,-1.2802098887300477,33.0,IQL
IQL-Go2JoystickFlatTerrain-bc489e9a,Go2JoystickFlatTerrain,playground/go2-flat-forward/medium-expert-v0,0,humanoid_gym_relative_v2,100,100,0.7829891848564148,0.4585095347464085,0.1715404024502774,0.2356433416382708,True,0.5855885925557074,0.1673761760992414,35.0,0.831999454814742,3.0,IQL
IQL-Go2JoystickFlatTerrain-cb7f324d,Go2JoystickFlatTerrain,playground/go2-flat-forward/expert-v0,0,humanoid_gym_relative_v2,100,100,0.9796224182844162,0.8314030032604933,0.0042468254563799,0.2330705238799977,True,0.848697403961523,0.6838035028756827,4.0,0.9916983137767632,0.0,IQL
IQL-Go2JoystickFlatTerrain-d152794e,Go2JoystickFlatTerrain,playground/go2-flat-forward/medium-replay-v0,1,humanoid_gym_relative_v2,100,100,0.7241072316467762,0.1574747326411306,0.2928017763849019,0.4741735739140442,True,0.2174743266725829,-0.6655615376762581,57.99999999999999,0.4465362250289673,6.0,IQL
IQL-Go2JoystickFlatTerrain-d5685e01,Go2JoystickFlatTerrain,playground/go2-joystick-direction/medium-replay-v0,2,humanoid_gym_relative_v2,100,100,0.2980598389948136,0.215558133116283,0.3702285296782241,0.3741695480343059,True,0.7232042191367949,-1.5167823981930633,41.0,-1.4743011624354896,29.0,IQL
IQL-Go2JoystickFlatTerrain-d5b27f97,Go2JoystickFlatTerrain,playground/go2-joystick-direction/medium-v0,0,humanoid_gym_relative_v2,100,100,0.46526700287126,0.3959725719969719,0.2628271124129548,0.2661834287690257,True,0.8510652368496848,0.0191524424441918,26.0,0.1766567811201828,21.0,IQL
IQL-Go2JoystickFlatTerrain-e3f48b0e,Go2JoystickFlatTerrain,playground/go2-joystick-direction/expert-v0,2,humanoid_gym_relative_v2,100,100,0.954674142599106,0.7279127621650696,0.2562598843625504,0.4249357961328885,True,0.7624724811162508,-0.4454936097838376,18.0,0.7968381217683762,3.0,IQL
IQL-Go2JoystickFlatTerrain-f1461271,Go2JoystickFlatTerrain,playground/go2-flat-forward/medium-replay-v0,2,humanoid_gym_relative_v2,100,100,0.6842685002088547,0.3277909104526043,0.352149030044854,0.3963275079595543,True,0.4790384335280009,-0.7022458931643804,48.0,-0.698032459577604,9.0,IQL
IQL-Go2JoystickFlatTerrain-fd6b894a,Go2JoystickFlatTerrain,playground/go2-joystick-direction/medium-v0,2,humanoid_gym_relative_v2,100,100,0.464710986027494,0.4008447131235153,0.265804251771551,0.257560923886054,True,0.8625677575433944,0.0758105061802231,27.0,0.1560955950940657,18.0,IQL
IQL-Go2PushRecovery-0372813f,Go2PushRecovery,playground/go2-push-recovery/medium-replay-v0,0,humanoid_gym_relative_v2,100,100,0.1507520337030291,0.091785151339136,0.1762247277154496,0.1147958235644036,True,0.6088485115892123,0.0991166040267162,65.0,0.1199462074299933,49.0,IQL
IQL-Go2PushRecovery-0da664c3,Go2PushRecovery,playground/go2-push-recovery/expert-v0,0,humanoid_gym_relative_v2,100,100,0.9102212864346804,0.4755656673037447,0.3475825675765625,0.4278367377196668,True,0.5224725837455708,-0.0137744782267242,56.99999999999999,0.18716136138754,16.0,IQL
IQL-Go2PushRecovery-1b18cdf5,Go2PushRecovery,playground/go2-push-recovery/medium-v0,1,humanoid_gym_relative_v2,100,100,0.3007782531715929,0.1703754497657064,0.2713732750071228,0.1751358539938875,True,0.5664486975675992,0.0611085524383216,62.0,0.1337560579464602,43.0,IQL
IQL-Go2PushRecovery-66ff057a,Go2PushRecovery,playground/go2-push-recovery/medium-v0,2,humanoid_gym_relative_v2,100,100,0.3018080367706716,0.1662001888779923,0.2844315104508809,0.1900682607253185,True,0.5506817865300231,0.0549322650449681,65.0,0.1132244975531939,40.0,IQL
IQL-Go2PushRecovery-777b565f,Go2PushRecovery,playground/go2-push-recovery/medium-expert-v0,0,humanoid_gym_relative_v2,100,100,0.3780963926506229,0.1718845496623544,0.3536860667087098,0.2303549913331573,True,0.4546051033636362,0.0088556387385331,73.0,0.0721839150777592,43.0,IQL
IQL-Go2PushRecovery-77bf34f4,Go2PushRecovery,playground/go2-push-recovery/medium-replay-v0,1,humanoid_gym_relative_v2,100,100,0.150565525740385,0.0998789544240571,0.1951900820079796,0.1236739132293959,True,0.6633587199521024,0.1008857063931193,63.0,0.1425245504272323,53.0,IQL
IQL-Go2PushRecovery-78d95485,Go2PushRecovery,playground/go2-push-recovery/medium-v0,0,humanoid_gym_relative_v2,100,100,0.2657080825604498,0.1698724269075319,0.2401833077055348,0.1945093354982109,True,0.6393197574969708,0.0667475984335186,64.0,0.1339190868164581,39.0,IQL
IQL-Go2PushRecovery-a0d601f6,Go2PushRecovery,playground/go2-push-recovery/medium-replay-v0,2,humanoid_gym_relative_v2,100,100,0.1772237618034705,0.1064576366380788,0.2086408103786282,0.1416435550638572,True,0.6006961795345103,0.0799001691402155,74.0,0.1031165188913465,56.00000000000001,IQL
IQL-Go2PushRecovery-b8c6f953,Go2PushRecovery,playground/go2-push-recovery/expert-v0,2,humanoid_gym_relative_v2,100,100,0.9026954517688136,0.5001698889653199,0.3504358183587445,0.4133217080678998,True,0.5540848665906614,0.0117288897315722,59.0,0.1851985805296752,17.0,IQL
IQL-Go2PushRecovery-dea75e73,Go2PushRecovery,playground/go2-push-recovery/medium-expert-v0,1,humanoid_gym_relative_v2,100,100,0.3881135600805283,0.193634571111761,0.3729960379801439,0.2239063018477953,True,0.4989121510508019,0.0410077964916138,68.0,0.0779893367656617,44.0,IQL
IQL-Go2PushRecovery-df3cc89c,Go2PushRecovery,playground/go2-push-recovery/medium-expert-v0,2,humanoid_gym_relative_v2,100,100,0.4478820269668358,0.2064439571183174,0.3993633114680379,0.2433709165211338,True,0.4609337832027003,0.0385145312404503,71.0,0.073426067308114,39.0,IQL
IQL-Go2PushRecovery-e43c3873,Go2PushRecovery,playground/go2-push-recovery/expert-v0,1,humanoid_gym_relative_v2,100,100,0.907010218249634,0.53478686155373,0.3465649971326663,0.4371419293493194,True,0.5896150349725632,-0.0051711185780035,50.0,0.1320793970666578,15.0,IQL
IQL-Go2RoughCurriculum-1c55b821,Go2RoughCurriculum,playground/go2-rough-terrain/medium-replay-v0,0,humanoid_gym_relative_v2,100,100,0.5919580164388754,0.332156821032986,0.3946964978965618,0.3917317033439152,True,0.5611155044933563,-0.0780870425723561,56.99999999999999,-0.0730697624837799,29.0,IQL
IQL-Go2RoughCurriculum-1febf357,Go2RoughCurriculum,playground/go2-rough-terrain/medium-expert-v0,1,humanoid_gym_relative_v2,100,100,0.7208187850937248,0.4592715380107984,0.3373047501083835,0.3531316135030331,True,0.6371525652610197,-0.0538084657872436,45.0,0.0256436270963765,19.0,IQL
IQL-Go2RoughCurriculum-379a841a,Go2RoughCurriculum,playground/go2-rough-terrain/medium-expert-v0,2,humanoid_gym_relative_v2,100,100,0.8096722629107534,0.5507485168788117,0.2753603952213934,0.3650419691751244,True,0.6802116635425836,-0.0465016685272085,35.0,0.2268322858684583,12.0,IQL
IQL-Go2RoughCurriculum-45c03089,Go2RoughCurriculum,playground/go2-rough-terrain/expert-v0,2,humanoid_gym_relative_v2,100,100,0.946678452603519,0.6820942447520792,0.1329053452797831,0.3902006708287345,True,0.7205131191865725,-0.0384697458726284,26.0,0.909339666463011,1.0,IQL
IQL-Go2RoughCurriculum-52be6a74,Go2RoughCurriculum,playground/go2-rough-terrain/medium-v0,1,humanoid_gym_relative_v2,100,100,0.5403905314602889,0.4352388525696005,0.2471419252116281,0.2729142587257823,True,0.8054153935552153,-0.0234491685250872,32.0,0.0657029284258942,17.0,IQL
IQL-Go2RoughCurriculum-5fb91021,Go2RoughCurriculum,playground/go2-rough-terrain/medium-replay-v0,1,humanoid_gym_relative_v2,100,100,0.4634471589152235,0.2881975743081421,0.4069908055366584,0.3704116925039912,True,0.6218563837627514,-0.0989303360085713,61.0,-0.0981585266057361,41.0,IQL
IQL-Go2RoughCurriculum-9997123b,Go2RoughCurriculum,playground/go2-rough-terrain/medium-expert-v0,0,humanoid_gym_relative_v2,100,100,0.8365220443438739,0.4926594227285386,0.2389523606617309,0.3732437095095673,True,0.5889377644733272,-0.0410303580512153,44.0,0.3337461216912168,8.0,IQL
IQL-Go2RoughCurriculum-af04999a,Go2RoughCurriculum,playground/go2-rough-terrain/expert-v0,1,humanoid_gym_relative_v2,100,100,0.9094883334822952,0.6965199748199302,0.2129037668776373,0.3795689421730332,True,0.7658371736920022,-0.0381308247396008,25.0,0.6969898036700964,5.0,IQL
IQL-Go2RoughCurriculum-c3bab948,Go2RoughCurriculum,playground/go2-rough-terrain/expert-v0,0,humanoid_gym_relative_v2,100,100,0.958283236026764,0.7040737126482418,0.0900329338382611,0.3641692893246588,True,0.7347240212272457,-0.0413600074401432,24.0,0.9043110682087828,0.0,IQL
IQL-Go2RoughCurriculum-caac6091,Go2RoughCurriculum,playground/go2-rough-terrain/medium-v0,0,humanoid_gym_relative_v2,100,100,0.5155748048122041,0.4385512103667133,0.256568479782092,0.2684885563774039,True,0.8506063645341508,-0.0242769597106753,32.0,0.1386294785188952,22.0,IQL
IQL-Go2RoughCurriculum-d3c94fed,Go2RoughCurriculum,playground/go2-rough-terrain/medium-replay-v0,2,humanoid_gym_relative_v2,100,100,0.5181045056064613,0.3345454214327037,0.4175545751254635,0.4013195710524503,True,0.6457103109750135,-0.087236348797225,56.00000000000001,-0.0783027119044957,35.0,IQL
IQL-Go2RoughCurriculum-e24930c3,Go2RoughCurriculum,playground/go2-rough-terrain/medium-v0,2,humanoid_gym_relative_v2,100,100,0.5453255778271705,0.4590790445823222,0.2488096054774942,0.2770247938788418,True,0.8418439612011335,-0.0431079076656774,30.0,0.098877447283577,19.0,IQL
IQL-H1JoystickGaitTracking-07d068ae,H1JoystickGaitTracking,playground/h1-gait-tracking/medium-v0,0,humanoid_gym_relative_v2,100,100,0.919026485607028,0.39160318746493433,0.4040801705769427,0.49052671977678763,True,0.42610653076692967,0.004079274421476907,67.0,0.10345121225558641,20.0,IQL
IQL-H1JoystickGaitTracking-0f5af558,H1JoystickGaitTracking,playground/h1-gait-tracking/medium-expert-v0,2,humanoid_gym_relative_v2,100,100,0.8898780562356114,0.37757956140674653,0.4412096222392076,0.4906259283206698,True,0.4243048345342898,0.005525484890993837,68.0,0.09621728830961217,23.0,IQL
IQL-H1JoystickGaitTracking-1cc8ac37,H1JoystickGaitTracking,playground/h1-gait-tracking/medium-replay-v0,2,humanoid_gym_relative_v2,100,100,0.8959002849087119,0.20456304895107677,0.5013591730228414,0.38519436755463554,True,0.22833238519610563,-0.00035954423618771066,85.0,0.06424892450617413,30.0,IQL
IQL-H1JoystickGaitTracking-4fc624f0,H1JoystickGaitTracking,playground/h1-gait-tracking/expert-v0,0,humanoid_gym_relative_v2,100,100,0.7432251868117601,0.2545290431805188,0.5416274230002174,0.4356504496511509,True,0.3424655779930995,0.00351404697856514,80.0,0.010253588992525759,38.0,IQL
IQL-H1JoystickGaitTracking-5b36b80b,H1JoystickGaitTracking,playground/h1-gait-tracking/medium-expert-v0,0,humanoid_gym_relative_v2,100,100,0.8713930448517203,0.3865596079669194,0.4704023203073153,0.49762940385921256,True,0.44361107797537896,0.0043198255894125615,68.0,0.09726944757157205,27.0,IQL
IQL-H1JoystickGaitTracking-5e3dbb47,H1JoystickGaitTracking,playground/h1-gait-tracking/medium-v0,2,humanoid_gym_relative_v2,100,100,0.8959818287193775,0.40992670695763084,0.4260161857126417,0.5025169146665038,True,0.45751676408832653,0.006112819047771779,65.0,0.08935928585105189,23.0,IQL
IQL-H1JoystickGaitTracking-946a3820,H1JoystickGaitTracking,playground/h1-gait-tracking/medium-expert-v0,1,humanoid_gym_relative_v2,100,100,0.8964261925965548,0.4016788285359507,0.4474982431594154,0.5006342891761465,True,0.4480891252992762,0.004110908113813385,67.0,0.09710665614773945,25.0,IQL
IQL-H1JoystickGaitTracking-b142c07e,H1JoystickGaitTracking,playground/h1-gait-tracking/expert-v0,2,humanoid_gym_relative_v2,100,100,0.766793000404723,0.2639059688556881,0.5446119551699982,0.44134399629291055,True,0.34416846360933817,0.0017042654698454943,78.0,0.006334752867149414,36.0,IQL
IQL-H1JoystickGaitTracking-c002d04a,H1JoystickGaitTracking,playground/h1-gait-tracking/medium-replay-v0,0,humanoid_gym_relative_v2,100,100,1.0074094290286302,0.1664162909760489,0.40766158818596127,0.33111170331164974,True,0.1651923102769762,-0.00045468717266233875,89.0,0.1641686306670728,20.0,IQL
IQL-H1JoystickGaitTracking-c8b9389e,H1JoystickGaitTracking,playground/h1-gait-tracking/expert-v0,1,humanoid_gym_relative_v2,100,100,0.7423595938505605,0.24911990177613916,0.5567482962260263,0.4322852502299764,True,0.3355784768456671,0.0032683336271061487,78.0,0.008746480862828027,38.0,IQL
IQL-H1JoystickGaitTracking-d3d8c443,H1JoystickGaitTracking,playground/h1-gait-tracking/medium-v0,1,humanoid_gym_relative_v2,100,100,0.8911740110069514,0.38706278618541545,0.4251040404643647,0.4921716289911908,True,0.43432907760412265,0.007730180248927195,67.0,0.08989642211382627,23.0,IQL
IQL-H1JoystickGaitTracking-ff007dd9,H1JoystickGaitTracking,playground/h1-gait-tracking/medium-replay-v0,1,humanoid_gym_relative_v2,100,100,0.7375591867789626,0.16401437253085532,0.5405579538389597,0.34450149943310954,True,0.22237452325301782,-0.00042099200823949423,87.0,0.08871936743427382,40.0,IQL
TD3-BC-G1JoystickFlatTerrain-10fd4b8e,G1JoystickFlatTerrain,playground/g1-joystick-direction/medium-v0,2,humanoid_gym_relative_v2,100,100,-0.009432441248209215,-0.007828246610588395,0.053518066163868304,0.04603338153846036,False,,,,,,TD3-BC
TD3-BC-G1JoystickFlatTerrain-2825ac37,G1JoystickFlatTerrain,playground/g1-joystick-direction/medium-expert-v0,2,humanoid_gym_relative_v2,100,100,-0.007317665823502466,-0.008951621078449535,0.06510552894970317,0.055959210473727025,False,,,,,,TD3-BC
TD3-BC-G1JoystickFlatTerrain-36b3d7fc,G1JoystickFlatTerrain,playground/g1-joystick-direction/expert-v0,1,humanoid_gym_relative_v2,100,100,0.5111145510477946,0.2170918396860361,0.2921671496544151,0.269789935813525,True,0.4247420450875321,-0.09583728439281956,63.0,0.04315938382530758,18.0,TD3-BC
TD3-BC-G1JoystickFlatTerrain-4fc9f7d3,G1JoystickFlatTerrain,playground/g1-joystick-direction/expert-v0,0,humanoid_gym_relative_v2,100,100,0.48012359348475003,0.2197823547758162,0.3148757524355944,0.26994108986608045,True,0.4577620382714999,-0.07357639350078406,62.0,-0.018843235470212154,23.0,TD3-BC
TD3-BC-G1JoystickFlatTerrain-594e6f62,G1JoystickFlatTerrain,playground/g1-joystick-direction/medium-replay-v0,1,humanoid_gym_relative_v2,100,100,-0.0074435059765528425,-0.011272644767013845,0.059953029365063346,0.048382845566534015,False,,,,,,TD3-BC
TD3-BC-G1JoystickFlatTerrain-6df9e4c9,G1JoystickFlatTerrain,playground/g1-joystick-direction/medium-replay-v0,0,humanoid_gym_relative_v2,100,100,-0.0237857599297422,-0.02946537205891218,0.03921169287303259,0.04118510084445674,False,,,,,,TD3-BC
TD3-BC-G1JoystickFlatTerrain-714be5c1,G1JoystickFlatTerrain,playground/g1-joystick-direction/medium-v0,1,humanoid_gym_relative_v2,100,100,0.00873307029309217,0.0011528553650714457,0.06627756602940685,0.06807507330890149,False,,,,,,TD3-BC
TD3-BC-G1JoystickFlatTerrain-a2b56963,G1JoystickFlatTerrain,playground/g1-joystick-direction/medium-v0,0,humanoid_gym_relative_v2,100,100,0.024812643011682668,-0.0017567023231094935,0.07289046691127332,0.059108384523164956,False,,,,,,TD3-BC
TD3-BC-G1JoystickFlatTerrain-bbba7353,G1JoystickFlatTerrain,playground/g1-joystick-direction/medium-expert-v0,1,humanoid_gym_relative_v2,100,100,0.015593472828622907,-0.0031630342939752156,0.0847766617350369,0.06200985161701859,False,,,,,,TD3-BC
TD3-BC-G1JoystickFlatTerrain-d982405c,G1JoystickFlatTerrain,playground/g1-joystick-direction/expert-v0,2,humanoid_gym_relative_v2,100,100,0.45473738345317544,0.2012373927535191,0.2847944932332916,0.25385128599560774,True,0.4425354063159855,-0.19883959433383191,62.0,-0.026045719046155883,19.0,TD3-BC
TD3-BC-G1JoystickFlatTerrain-db961232,G1JoystickFlatTerrain,playground/g1-joystick-direction/medium-replay-v0,2,humanoid_gym_relative_v2,100,100,0.009934394915035227,-0.0014741995379517904,0.05344289940549027,0.047369445606328074,False,,,,,,TD3-BC
TD3-BC-G1JoystickFlatTerrain-eba156a5,G1JoystickFlatTerrain,playground/g1-joystick-direction/medium-expert-v0,0,humanoid_gym_relative_v2,100,100,-0.03530281158047728,-0.023396311588585378,0.06378628429440442,0.05640733121307044,False,,,,,,TD3-BC
TD3-BC-Go2Footstand-0da9332a,Go2Footstand,playground/go2-footstand/medium-replay-v0,2,humanoid_gym_relative_v2,100,100,-0.0047136599337682,-0.0038743526907637,0.0005515575467627,0.0012095127060476,False,,,,,,TD3-BC
TD3-BC-Go2Footstand-1177abd0,Go2Footstand,playground/go2-footstand/medium-replay-v0,1,humanoid_gym_relative_v2,100,100,0.0011629835406347,0.0001345883790781,0.0046453966621006,0.0047578656367648,False,,,,,,TD3-BC
TD3-BC-Go2Footstand-1b67a518,Go2Footstand,playground/go2-footstand/medium-v0,0,humanoid_gym_relative_v2,100,100,0.2968666462600231,0.1726101549342274,0.2293771034296525,0.2007917280873559,True,0.5814400408695277,-0.0141613651233172,57.99999999999999,0.2044510228903892,33.0,TD3-BC
TD3-BC-Go2Footstand-1b9daf2f,Go2Footstand,playground/go2-footstand/medium-expert-v0,1,humanoid_gym_relative_v2,100,100,0.8119962394802133,0.3644031243014615,0.3441195899928876,0.4419567979182812,True,0.4487743989242222,-0.0050757167999282,61.0,-0.0028297489204329,17.0,TD3-BC
TD3-BC-Go2Footstand-4392fb80,Go2Footstand,playground/go2-footstand/medium-expert-v0,0,humanoid_gym_relative_v2,100,100,0.9354815848730504,0.4814861628116341,0.1829046708796508,0.4639900377883446,True,0.5146933628597021,-0.0044367136284855,49.0,0.5020888856266473,5.0,TD3-BC
TD3-BC-Go2Footstand-4ae21454,Go2Footstand,playground/go2-footstand/expert-v0,1,humanoid_gym_relative_v2,100,100,0.9236616764962672,0.3796421992755495,0.1929547838087424,0.4339334755563647,True,0.4110186759243374,-0.0044898094949109,63.0,0.3815693392664709,7.000000000000001,TD3-BC
TD3-BC-Go2Footstand-530e4ed4,Go2Footstand,playground/go2-footstand/medium-v0,1,humanoid_gym_relative_v2,100,100,0.2777874748781323,0.2369300498999655,0.1820583548469432,0.2263292855133558,True,0.8529184046325656,-0.0142948911454144,47.0,0.2585917198147733,23.0,TD3-BC
TD3-BC-Go2Footstand-6987be63,Go2Footstand,playground/go2-footstand/medium-v0,2,humanoid_gym_relative_v2,100,100,0.4892423724010586,0.3682207710680086,0.299888789849602,0.3017507773242571,True,0.752634669112752,-0.0068630772784075,44.0,0.1406496481705266,28.000000000000004,TD3-BC
TD3-BC-Go2Footstand-ac4189d8,Go2Footstand,playground/go2-footstand/expert-v0,2,humanoid_gym_relative_v2,100,100,0.9591952885687351,0.3764634603366721,0.1360059876139613,0.4343611716520451,True,0.3924784293909666,-0.0042867631298602,64.0,0.90262538011669,3.0,TD3-BC
TD3-BC-Go2Footstand-e1f10f2d,Go2Footstand,playground/go2-footstand/medium-replay-v0,0,humanoid_gym_relative_v2,100,100,0.0007074695085793,0.0029360279760544,0.0019915864540894,0.0044906098037606,False,,,,,,TD3-BC
TD3-BC-Go2Footstand-e36f2818,Go2Footstand,playground/go2-footstand/medium-expert-v0,2,humanoid_gym_relative_v2,100,100,0.1480648890137672,0.0787359145237132,0.0822109931597454,0.0915165925072117,True,0.5317662752335047,-0.0276555162680315,51.0,0.4459359333119072,11.0,TD3-BC
TD3-BC-Go2Footstand-e7e59f31,Go2Footstand,playground/go2-footstand/expert-v0,0,humanoid_gym_relative_v2,100,100,0.9833174413442612,0.4291754485340789,0.0556787807476732,0.4703768365727402,True,0.4364566624053441,-0.0041221497895394,57.99999999999999,1.0048640928155674,1.0,TD3-BC
TD3-BC-Go2Getup-0bb9fe95,Go2Getup,playground/go2-getup/expert-v0,2,humanoid_gym_relative_v2,100,100,-0.1021352066705003,-0.1179724609665572,0.1242325693321325,0.1123933736235412,False,,,,,,TD3-BC
TD3-BC-Go2Getup-1d1ff327,Go2Getup,playground/go2-getup/expert-v0,0,humanoid_gym_relative_v2,100,100,-0.0239555604057386,-0.0547729981038719,0.1465469478347119,0.1423378161477028,False,,,,,,TD3-BC
TD3-BC-Go2Getup-389786b0,Go2Getup,playground/go2-getup/medium-expert-v0,2,humanoid_gym_relative_v2,100,100,0.4581762332469224,0.4852148821949958,0.3850809423680739,0.3902196976807751,True,1.0590136436289168,-0.510479318085867,22.0,-0.5092728988656814,22.0,TD3-BC
TD3-BC-Go2Getup-43cf713b,Go2Getup,playground/go2-getup/expert-v0,1,humanoid_gym_relative_v2,100,100,-0.1431565143866464,-0.1617241429910063,0.0739381203899217,0.0712822899391571,False,,,,,,TD3-BC
TD3-BC-Go2Getup-56364a13,Go2Getup,playground/go2-getup/medium-replay-v0,2,humanoid_gym_relative_v2,100,100,0.4303128156810999,0.3584464734047651,0.435943620498378,0.4088725365215055,True,0.8329904672660409,-0.5332384131432347,31.0,-0.5343542407092414,28.000000000000004,TD3-BC
TD3-BC-Go2Getup-82db12c0,Go2Getup,playground/go2-getup/medium-v0,1,humanoid_gym_relative_v2,100,100,0.0227606770396232,0.0288197784125804,0.1755186677124386,0.1778208556781728,False,,,,,,TD3-BC
TD3-BC-Go2Getup-9f887b46,Go2Getup,playground/go2-getup/medium-replay-v0,1,humanoid_gym_relative_v2,100,100,0.4816685649752616,0.4256393903493881,0.4354530122193162,0.4139282681412304,True,0.8836769125077715,-0.484735659391056,32.0,-0.4833720754882063,28.000000000000004,TD3-BC
TD3-BC-Go2Getup-a992e2f0,Go2Getup,playground/go2-getup/medium-expert-v0,0,humanoid_gym_relative_v2,100,100,0.2716480384767055,0.25561408624053,0.2619554667386356,0.2495233814135507,True,0.9409752695948492,-0.8630512854875328,20.0,-0.8645656389280323,22.0,TD3-BC
TD3-BC-Go2Getup-ccdea30e,Go2Getup,playground/go2-getup/medium-replay-v0,0,humanoid_gym_relative_v2,100,100,0.4180272560566663,0.3398792126774788,0.4014576115963271,0.3489837974839136,True,0.8130551483260362,-0.5424339278472452,30.0,-0.5410295422004698,30.0,TD3-BC
TD3-BC-Go2Getup-e0068e31,Go2Getup,playground/go2-getup/medium-v0,0,humanoid_gym_relative_v2,100,100,0.3002259489148855,0.2533429498970508,0.2905680396802231,0.2765261448551346,True,0.8438409498336666,-0.780697708032082,25.0,-0.7803209154507944,25.0,TD3-BC
TD3-BC-Go2Getup-e3c0c22a,Go2Getup,playground/go2-getup/medium-expert-v0,1,humanoid_gym_relative_v2,100,100,0.4885478020645678,0.4503562284260988,0.4084094761276801,0.399197216074646,True,0.9218263320864936,-0.4803004602772425,32.0,-0.4799554093822403,30.0,TD3-BC
TD3-BC-Go2Getup-e62aa402,Go2Getup,playground/go2-getup/medium-v0,2,humanoid_gym_relative_v2,100,100,0.6002603283524514,0.5565709519386292,0.4167751812736326,0.4280293391829405,True,0.9272159522290312,-0.3908592190978484,23.0,-0.3913862580806017,20.0,TD3-BC
TD3-BC-Go2GetupWalk-0b334e13,Go2GetupWalk,playground/go2-getup-walk/medium-v0,1,humanoid_gym_relative_v2,100,100,0.2179708725493401,0.22828173800488,0.1703244178658755,0.1663272121190319,True,1.0473038683331688,0.1384574091386306,25.0,0.0540475446770368,24.0,TD3-BC
TD3-BC-Go2GetupWalk-1f68af1c,Go2GetupWalk,playground/go2-getup-walk/medium-replay-v0,1,humanoid_gym_relative_v2,100,100,0.208107901327312,0.1893905170448124,0.1665122833586493,0.165421978108304,True,0.9100592329117728,-0.4384774356847281,20.0,-0.0288284078951195,19.0,TD3-BC
TD3-BC-Go2GetupWalk-2470506d,Go2GetupWalk,playground/go2-getup-walk/medium-expert-v0,2,humanoid_gym_relative_v2,100,100,0.1403713576123118,0.1453632021974772,0.1612436266345397,0.1751497338251714,True,1.0355617033992948,-0.3489722911593376,40.0,-0.3463721767349297,35.0,TD3-BC
TD3-BC-Go2GetupWalk-29e4c5c9,Go2GetupWalk,playground/go2-getup-walk/medium-replay-v0,2,humanoid_gym_relative_v2,100,100,0.1358774452935904,0.1244684174563735,0.1447327061706644,0.132672957615585,True,0.91603442489984,-0.6824117373232236,24.0,-0.4272047634204285,25.0,TD3-BC
TD3-BC-Go2GetupWalk-32c2349b,Go2GetupWalk,playground/go2-getup-walk/medium-expert-v0,1,humanoid_gym_relative_v2,100,100,0.1678119840269573,0.15079438535613,0.1604518441378577,0.1486110002594551,True,0.8985912789870028,-0.278093280238089,36.0,-0.2028537106546454,31.0,TD3-BC
TD3-BC-Go2GetupWalk-3f1c22de,Go2GetupWalk,playground/go2-getup-walk/expert-v0,1,humanoid_gym_relative_v2,100,100,0.0431336996192112,0.0096449449198553,0.1645507664581724,0.0988373629195378,False,,,,,,TD3-BC
TD3-BC-Go2GetupWalk-a07cad99,Go2GetupWalk,playground/go2-getup-walk/medium-v0,0,humanoid_gym_relative_v2,100,100,0.2831886712927371,0.2962527347169816,0.2047090555686948,0.204923385213542,True,1.0461320128542146,0.2275091264634744,27.0,0.1414411936256031,28.000000000000004,TD3-BC
TD3-BC-Go2GetupWalk-ac884622,Go2GetupWalk,playground/go2-getup-walk/medium-expert-v0,0,humanoid_gym_relative_v2,100,100,0.1299561544158496,0.146706555802375,0.1449177973731419,0.1610945346571381,True,1.1288927135603404,-0.4660550657567124,30.0,-0.3688559058426957,29.0,TD3-BC
TD3-BC-Go2GetupWalk-af711692,Go2GetupWalk,playground/go2-getup-walk/medium-v0,2,humanoid_gym_relative_v2,100,100,0.3057549511172692,0.2919612576253712,0.1823003746280811,0.1836703126889075,True,0.954886442749352,0.2289211394390905,36.0,0.2554222945006897,30.0,TD3-BC
TD3-BC-Go2GetupWalk-b55d30bd,Go2GetupWalk,playground/go2-getup-walk/expert-v0,0,humanoid_gym_relative_v2,100,100,0.1601998835732229,0.1457817951054312,0.2323622521397963,0.2056223893408265,True,0.9099993823578432,-0.5789282061598332,52.0,-0.5789282061598332,56.99999999999999,TD3-BC
TD3-BC-Go2GetupWalk-bdbf7063,Go2GetupWalk,playground/go2-getup-walk/expert-v0,2,humanoid_gym_relative_v2,100,100,0.132479407810606,0.1018298620224231,0.2285481602367015,0.1945428129204355,True,0.76864671804693,-0.7000652611358904,56.99999999999999,-0.7000652611358904,56.00000000000001,TD3-BC
TD3-BC-Go2GetupWalk-ed92249b,Go2GetupWalk,playground/go2-getup-walk/medium-replay-v0,0,humanoid_gym_relative_v2,100,100,0.1599492217414081,0.1507746221194975,0.1944421541150534,0.1790609085082354,True,0.942640548531438,-0.5797934155308683,29.0,-0.5796752956546226,28.000000000000004,TD3-BC
TD3-BC-Go2Handstand-0ea2e203,Go2Handstand,playground/go2-handstand/medium-v0,2,humanoid_gym_relative_v2,100,100,0.3755702338367701,0.3585108028911054,0.20722985452265,0.2410921128296726,True,0.9545772550412528,0.2921968345263219,31.0,0.3647941986175308,20.0,TD3-BC
TD3-BC-Go2Handstand-1d9d15a6,Go2Handstand,playground/go2-handstand/medium-expert-v0,0,humanoid_gym_relative_v2,100,100,0.359527061600238,0.1898632198956329,0.3388863497709785,0.2364635295131709,True,0.5280915963615107,0.030753657091477,70.0,0.1023558027499177,42.0,TD3-BC
TD3-BC-Go2Handstand-2cca282d,Go2Handstand,playground/go2-handstand/medium-expert-v0,2,humanoid_gym_relative_v2,100,100,0.4537599159404635,0.2671384405298158,0.3523828045012346,0.2782223460010146,True,0.5887219896366215,0.0188546711939159,61.0,0.0993907409981879,36.0,TD3-BC
TD3-BC-Go2Handstand-5ea3d7ec,Go2Handstand,playground/go2-handstand/medium-v0,1,humanoid_gym_relative_v2,100,100,0.2586052338033914,0.2268303029984235,0.1490141192589847,0.1389768144373573,True,0.8771295911623921,0.2528191382727264,24.0,0.4374271960514884,19.0,TD3-BC
TD3-BC-Go2Handstand-63e7c888,Go2Handstand,playground/go2-handstand/expert-v0,1,humanoid_gym_relative_v2,100,100,-0.000589516590644,-0.0003097138367593,0.0031891512965119,0.0034520612558271,False,,,,,,TD3-BC
TD3-BC-Go2Handstand-6a8de901,Go2Handstand,playground/go2-handstand/medium-replay-v0,1,humanoid_gym_relative_v2,100,100,0.0019021245455223,0.002057443266749,0.0012279983689594,0.0011976658927579,False,,,,,,TD3-BC
TD3-BC-Go2Handstand-6c83ffdd,Go2Handstand,playground/go2-handstand/medium-replay-v0,2,humanoid_gym_relative_v2,100,100,0.0040417749772313,0.0053415936767123,0.000788339751671,0.0017716256628723,False,,,,,,TD3-BC
TD3-BC-Go2Handstand-9f7541fa,Go2Handstand,playground/go2-handstand/medium-v0,0,humanoid_gym_relative_v2,100,100,0.3283301459252834,0.2778620719909668,0.1628610432909333,0.1864955876662282,True,0.8462886379437073,0.3108932914215604,31.0,0.3938410643960836,14.000000000000002,TD3-BC
TD3-BC-Go2Handstand-bcf0dd1a,Go2Handstand,playground/go2-handstand/medium-replay-v0,0,humanoid_gym_relative_v2,100,100,0.0059411985300539,0.0070090278984207,0.0038787468467671,0.0052481537944731,False,,,,,,TD3-BC
TD3-BC-Go2Handstand-bd077214,Go2Handstand,playground/go2-handstand/expert-v0,2,humanoid_gym_relative_v2,100,100,0.8574487299472093,0.4036616422701627,0.2939156525365454,0.4329554446472625,True,0.470770587408783,0.0160032509581947,59.0,0.1759775983300767,15.0,TD3-BC
TD3-BC-Go2Handstand-f6c5790d,Go2Handstand,playground/go2-handstand/medium-expert-v0,1,humanoid_gym_relative_v2,100,100,0.4162657644785941,0.2427164882607758,0.3805920404094097,0.2840661163436623,True,0.583080591709956,0.0345145257057049,66.0,0.0522137446244848,47.0,TD3-BC
TD3-BC-Go2Handstand-fc4a6b3e,Go2Handstand,playground/go2-handstand/expert-v0,0,humanoid_gym_relative_v2,100,100,0.293131909572985,0.1256854792262492,0.4378121969906929,0.2992840213567461,True,0.4287676473344014,-0.0046543234887606,87.0,-0.0068966793205809,71.0,TD3-BC
TD3-BC-Go2JoystickFlatTerrain-005175dc,Go2JoystickFlatTerrain,playground/go2-joystick-direction/expert-v0,0,humanoid_gym_relative_v2,100,100,0.7638318591844291,0.400438904762268,0.3463133785498467,0.5679111372546899,True,0.524250068843464,-0.6481492208623582,38.0,-0.0237143239254043,9.0,TD3-BC
TD3-BC-Go2JoystickFlatTerrain-034369cb,Go2JoystickFlatTerrain,playground/go2-flat-forward/medium-replay-v0,1,humanoid_gym_relative_v2,100,100,0.9937934523820876,0.80998759329319,0.0049279226562281,0.2559576058088179,True,0.8150462164463637,0.6632266855008349,3.0,0.9929493376296046,0.0,TD3-BC
TD3-BC-Go2JoystickFlatTerrain-0a82b536,Go2JoystickFlatTerrain,playground/go2-flat-forward/medium-expert-v0,2,humanoid_gym_relative_v2,100,100,0.9632805615663528,0.7797211420536041,0.011172291788324,0.2658110703628164,True,0.8094434510188081,0.1617777407373399,9.0,0.978929756742398,0.0,TD3-BC
TD3-BC-Go2JoystickFlatTerrain-0b781bf1,Go2JoystickFlatTerrain,playground/go2-joystick-direction/medium-expert-v0,2,humanoid_gym_relative_v2,100,100,0.224123304116074,-0.0276832002401351,0.550672891517155,0.52247333909114,True,-0.1235177231984675,-2.195165169897908,65.0,-2.0766578331000867,44.0,TD3-BC
TD3-BC-Go2JoystickFlatTerrain-13e7dff6,Go2JoystickFlatTerrain,playground/go2-joystick-direction/medium-v0,1,humanoid_gym_relative_v2,100,100,0.4498995937546715,0.353679869454354,0.2663778020891825,0.2953919235840159,True,0.7861306708518929,-0.2686940266160018,30.0,0.1232609999073369,18.0,TD3-BC
TD3-BC-Go2JoystickFlatTerrain-19bdb52d,Go2JoystickFlatTerrain,playground/go2-flat-forward/medium-replay-v0,0,humanoid_gym_relative_v2,100,100,0.9628079321980476,0.7107712814211845,0.1458212674110769,0.4401949282692324,True,0.7382274882161859,-0.5053000200134194,12.0,1.005731232509904,1.0,TD3-BC
TD3-BC-Go2JoystickFlatTerrain-3b3b3bcf,Go2JoystickFlatTerrain,playground/go2-flat-forward/expert-v0,2,humanoid_gym_relative_v2,100,100,0.6197071175277233,-0.0445417692139744,0.3335104068727944,0.4944353677018173,True,-0.0718755166015692,-0.79008028478147,74.0,-0.2159850657136798,17.0,TD3-BC
TD3-BC-Go2JoystickFlatTerrain-434f5cb0,Go2JoystickFlatTerrain,playground/go2-joystick-direction/medium-replay-v0,2,humanoid_gym_relative_v2,100,100,0.5314987115748226,0.1982718682289123,0.4793365757528082,0.5622310177739698,True,0.3730429894014904,-0.8998136670144169,51.0,-0.7001552408733984,25.0,TD3-BC
TD3-BC-Go2JoystickFlatTerrain-49d17c30,Go2JoystickFlatTerrain,playground/go2-flat-forward/medium-v0,0,humanoid_gym_relative_v2,100,100,0.6751823115348816,0.4544089099299163,0.0050572132537786,0.2473158836639774,True,0.6730166092427917,-0.0028711019510811,23.0,0.9862746796222026,0.0,TD3-BC
TD3-BC-Go2JoystickFlatTerrain-57ce21e1,Go2JoystickFlatTerrain,playground/go2-joystick-direction/expert-v0,1,humanoid_gym_relative_v2,100,100,0.7962105735111982,0.4996439888700842,0.2826677818524359,0.4954192251551607,True,0.6275274475026261,-0.5870948420737775,29.0,0.4762481031664958,6.0,TD3-BC
TD3-BC-Go2JoystickFlatTerrain-5f3d7031,Go2JoystickFlatTerrain,playground/go2-flat-forward/expert-v0,0,humanoid_gym_relative_v2,100,100,0.9740214800834656,0.8405838753283024,0.0046163925965914,0.1805239945047566,True,0.8630034270458504,0.7013161760386099,3.0,0.9919367672356474,0.0,TD3-BC
TD3-BC-Go2JoystickFlatTerrain-6a3e7abe,Go2JoystickFlatTerrain,playground/go2-joystick-direction/medium-replay-v0,0,humanoid_gym_relative_v2,100,100,0.6437911286600866,0.2189903432037681,0.3184192692863003,0.5305162619107534,True,0.340157441528512,-0.7302154252625477,50.0,-0.1739041112619717,11.0,TD3-BC
TD3-BC-Go2JoystickFlatTerrain-79a3913a,Go2JoystickFlatTerrain,playground/go2-joystick-direction/expert-v0,2,humanoid_gym_relative_v2,100,100,0.7594000710546971,0.4182883358839899,0.3725224495285569,0.5586703298860357,True,0.5508141911325447,-0.6338420712320612,37.0,-0.3299716887833814,11.0,TD3-BC
TD3-BC-Go2JoystickFlatTerrain-86a06085,Go2JoystickFlatTerrain,playground/go2-flat-forward/medium-v0,2,humanoid_gym_relative_v2,100,100,0.6734236699342727,0.4689223393797874,0.0045328626477525,0.2002686986180835,True,0.6963258945524666,0.2663108526621191,26.0,0.9894733462146064,0.0,TD3-BC
TD3-BC-Go2JoystickFlatTerrain-93ecbba3,Go2JoystickFlatTerrain,playground/go2-flat-forward/expert-v0,1,humanoid_gym_relative_v2,100,100,0.9761052244901656,0.8422261353582143,0.0043872040928757,0.1831263560508898,True,0.8628435892227927,0.6923088722002463,3.0,0.9922456585794646,0.0,TD3-BC
TD3-BC-Go2JoystickFlatTerrain-97cf9be8,Go2JoystickFlatTerrain,playground/go2-joystick-direction/medium-v0,0,humanoid_gym_relative_v2,100,100,0.2599149275408126,0.1591289972979575,0.3391172389181278,0.3514311215089669,True,0.6122349293422965,-1.7448052646917285,45.0,-1.4164320135806865,32.0,TD3-BC
TD3-BC-Go2JoystickFlatTerrain-9fb3a12c,Go2JoystickFlatTerrain,playground/go2-joystick-direction/medium-v0,2,humanoid_gym_relative_v2,100,100,0.4290510631218785,0.3607090537180192,0.2686551593738199,0.2893259525142295,True,0.8407135763594515,-0.2510479214853386,28.000000000000004,0.0477440919167477,19.0,TD3-BC
TD3-BC-Go2JoystickFlatTerrain-b3a5eb1d,Go2JoystickFlatTerrain,playground/go2-flat-forward/medium-expert-v0,0,humanoid_gym_relative_v2,100,100,0.9559478628635406,0.5721278794980026,0.0081060734438478,0.4993516208819554,True,0.5984927648503698,-0.4786811105019287,27.0,0.9823217459645446,0.0,TD3-BC
TD3-BC-Go2JoystickFlatTerrain-b92a9272,Go2JoystickFlatTerrain,playground/go2-joystick-direction/medium-replay-v0,1,humanoid_gym_relative_v2,100,100,0.3859304658696055,0.1536207632091827,0.5607716941684057,0.5370434190998745,True,0.3980529571901863,-1.2314861709241711,53.0,-1.080332218337136,38.0,TD3-BC
TD3-BC-Go2JoystickFlatTerrain-d60fa6d5,Go2JoystickFlatTerrain,playground/go2-flat-forward/medium-replay-v0,2,humanoid_gym_relative_v2,100,100,0.9568656608462334,0.7569738259911537,0.2087445364104487,0.3593502061242719,True,0.7910972845673037,-0.5029933838198556,8.0,1.0144360868650988,2.0,TD3-BC
TD3-BC-Go2JoystickFlatTerrain-d87bec62,Go2JoystickFlatTerrain,playground/go2-joystick-direction/medium-expert-v0,0,humanoid_gym_relative_v2,100,100,0.3519449412263929,0.0458552703694294,0.5429873236551825,0.5437270562543942,True,0.1302910341874541,-1.3826063087357334,66.0,-1.3441065826744396,37.0,TD3-BC
TD3-BC-Go2JoystickFlatTerrain-e87f3b2d,Go2JoystickFlatTerrain,playground/go2-flat-forward/medium-v0,1,humanoid_gym_relative_v2,100,100,0.6820459818840027,0.4424306669458747,0.0056035537151809,0.2607499533229492,True,0.6486815826166982,-0.0805734567622047,29.0,0.98639748449841,0.0,TD3-BC
TD3-BC-Go2JoystickFlatTerrain-ee07ae31,Go2JoystickFlatTerrain,playground/go2-flat-forward/medium-expert-v0,1,humanoid_gym_relative_v2,100,100,0.9556802397966384,0.7483000348508358,0.0100503304077687,0.3072169498729336,True,0.7830025187190942,-0.219547327871363,9.0,0.9806710395726076,0.0,TD3-BC
TD3-BC-Go2JoystickFlatTerrain-f33a4081,Go2JoystickFlatTerrain,playground/go2-joystick-direction/medium-expert-v0,1,humanoid_gym_relative_v2,100,100,0.1434210575278848,-0.0677177528105676,0.5533907291582427,0.5228370224209904,True,-0.4721604621929489,-3.4781498913670648,68.0,-3.215636588698018,53.0,TD3-BC
TD3-BC-Go2PushRecovery-455d98e2,Go2PushRecovery,playground/go2-push-recovery/medium-expert-v0,2,humanoid_gym_relative_v2,100,100,0.5173228377886698,0.2145446735795121,0.4205151275085072,0.2866063908487153,True,0.4147210559978317,-0.0256361677880139,75.0,0.0170905282873318,40.0,TD3-BC
TD3-BC-Go2PushRecovery-5d33529d,Go2PushRecovery,playground/go2-push-recovery/expert-v0,0,humanoid_gym_relative_v2,100,100,0.7769196765869856,0.4545380582136568,0.3775287959215593,0.3956287490559474,True,0.5850515463972366,0.0148577393331305,56.00000000000001,0.123784025088586,21.0,TD3-BC
TD3-BC-Go2PushRecovery-70e0f4e8,Go2PushRecovery,playground/go2-push-recovery/medium-v0,0,humanoid_gym_relative_v2,100,100,0.3858204460516572,0.2435315048135817,0.2967432569263557,0.2370209736765169,True,0.6312042487789138,0.0408667497713775,57.99999999999999,0.0936292416138332,36.0,TD3-BC
TD3-BC-Go2PushRecovery-7f3b0c93,Go2PushRecovery,playground/go2-push-recovery/medium-replay-v0,0,humanoid_gym_relative_v2,100,100,0.267493701223284,0.1922352721274364,0.2369888502154323,0.2061487788369158,True,0.7186534533273836,0.0642163703792881,60.0,0.0703439658021333,41.0,TD3-BC
TD3-BC-Go2PushRecovery-88ae02e3,Go2PushRecovery,playground/go2-push-recovery/medium-v0,1,humanoid_gym_relative_v2,100,100,0.3613246636092663,0.2193412280315533,0.2907434584152375,0.233121439919035,True,0.6070474842225196,0.0453364446981373,61.0,0.0819531860621927,36.0,TD3-BC
TD3-BC-Go2PushRecovery-8a6035ab,Go2PushRecovery,playground/go2-push-recovery/medium-replay-v0,2,humanoid_gym_relative_v2,100,100,0.3498483333922922,0.2324257279094308,0.2811857695777441,0.2566308300732176,True,0.6643613981399392,0.0472609851463954,62.0,0.0704441080613439,39.0,TD3-BC
TD3-BC-Go2PushRecovery-8c7d1c2e,Go2PushRecovery,playground/go2-push-recovery/medium-v0,2,humanoid_gym_relative_v2,100,100,0.3502632254175842,0.2219865709246369,0.2917066969539887,0.2305618529858468,True,0.6337707039041404,0.0541906720230499,63.0,0.0918436015263755,39.0,TD3-BC
TD3-BC-Go2PushRecovery-8ffd55f9,Go2PushRecovery,playground/go2-push-recovery/expert-v0,1,humanoid_gym_relative_v2,100,100,0.7924853601830546,0.4477371518218569,0.3519360549509323,0.4024036826209868,True,0.5649784517387615,-0.0016661086489316,53.0,0.1284701340386278,18.0,TD3-BC
TD3-BC-Go2PushRecovery-922d64d0,Go2PushRecovery,playground/go2-push-recovery/medium-replay-v0,1,humanoid_gym_relative_v2,100,100,0.2945557401282713,0.188943355968222,0.2849300022990041,0.2256724186104797,True,0.6414519570589327,0.0292759071564792,64.0,0.0514305628517956,45.0,TD3-BC
TD3-BC-Go2PushRecovery-941a6926,Go2PushRecovery,playground/go2-push-recovery/medium-expert-v0,1,humanoid_gym_relative_v2,100,100,0.4380920629971661,0.2099789765989408,0.3506237973640529,0.2929153915032375,True,0.4793033116427382,-0.0268400234517712,70.0,0.0533477472845766,36.0,TD3-BC
TD3-BC-Go2PushRecovery-9bff9ba1,Go2PushRecovery,playground/go2-push-recovery/medium-expert-v0,0,humanoid_gym_relative_v2,100,100,0.4507538259099237,0.2483403623021513,0.3633868050167507,0.3009287608439194,True,0.550944546728658,-0.0221192549218384,62.0,0.0393429531961047,41.0,TD3-BC
TD3-BC-Go2PushRecovery-a91d08bf,Go2PushRecovery,playground/go2-push-recovery/expert-v0,2,humanoid_gym_relative_v2,100,100,0.8012623618170619,0.4256348200654611,0.3616540040007228,0.3761917419983768,True,0.5312053084588026,0.0134028153782496,61.0,0.1136606710103686,20.0,TD3-BC
TD3-BC-Go2RoughCurriculum-2f198241,Go2RoughCurriculum,playground/go2-rough-terrain/medium-replay-v0,0,humanoid_gym_relative_v2,100,100,0.836213076133281,0.5799122982332483,0.1953919563143774,0.3595447908562998,True,0.6934982419968977,-0.043886174871882,31.0,0.574059405714675,4.0,TD3-BC
TD3-BC-Go2RoughCurriculum-341f0c17,Go2RoughCurriculum,playground/go2-rough-terrain/medium-replay-v0,2,humanoid_gym_relative_v2,100,100,0.7753052029153332,0.4999589863503934,0.2690769584765685,0.3645178691387539,True,0.6448544192279735,-0.0410130625347372,41.0,0.0676799659970382,9.0,TD3-BC
TD3-BC-Go2RoughCurriculum-67948cd1,Go2RoughCurriculum,playground/go2-rough-terrain/medium-v0,2,humanoid_gym_relative_v2,100,100,0.6740692695789039,0.5769247143727262,0.1458676707446749,0.2141115399672634,True,0.8558834238699761,0.0698864910556029,12.0,0.6944160242055979,4.0,TD3-BC
TD3-BC-Go2RoughCurriculum-6cf3cb80,Go2RoughCurriculum,playground/go2-rough-terrain/medium-v0,1,humanoid_gym_relative_v2,100,100,0.6353835866600275,0.5887733785063028,0.1527590356015387,0.1444622668197706,True,0.926642410769946,0.5056664066636504,5.0,0.5965395527575393,5.0,TD3-BC
TD3-BC-Go2RoughCurriculum-7a29d6a4,Go2RoughCurriculum,playground/go2-rough-terrain/expert-v0,2,humanoid_gym_relative_v2,100,100,0.7924709255434572,0.5531907896173652,0.2428970789155076,0.385955968038949,True,0.69805815177131,-0.0554524596420856,32.0,0.448589559368549,6.0,TD3-BC
TD3-BC-Go2RoughCurriculum-a1bc7972,Go2RoughCurriculum,playground/go2-rough-terrain/medium-v0,0,humanoid_gym_relative_v2,100,100,0.6665566267073154,0.5959809727827087,0.1281206798331922,0.1721660871542049,True,0.8941190424086858,0.2670581646156844,9.0,0.6902025284328225,2.0,TD3-BC
TD3-BC-Go2RoughCurriculum-aefc0896,Go2RoughCurriculum,playground/go2-rough-terrain/medium-replay-v0,1,humanoid_gym_relative_v2,100,100,0.7998585773259401,0.4834654190111905,0.2193398556922768,0.3899038131852263,True,0.6044386254223786,-0.0394147168629719,43.0,0.4150647010800338,7.000000000000001,TD3-BC
TD3-BC-Go2RoughCurriculum-bd8c34e5,Go2RoughCurriculum,playground/go2-rough-terrain/expert-v0,0,humanoid_gym_relative_v2,100,100,0.7493564289994538,0.4766334007564001,0.2763420863183352,0.3842866627445219,True,0.6360569981267853,-0.060912605353763,39.0,0.1953213825315007,9.0,TD3-BC
TD3-BC-Go2RoughCurriculum-c2141932,Go2RoughCurriculum,playground/go2-rough-terrain/medium-expert-v0,2,humanoid_gym_relative_v2,100,100,0.8444778227433563,0.6066684721823549,0.2188246363129711,0.3642650240578487,True,0.7183947947993968,-0.0125474081319158,27.0,0.7408573422604221,5.0,TD3-BC
TD3-BC-Go2RoughCurriculum-daedf78b,Go2RoughCurriculum,playground/go2-rough-terrain/medium-expert-v0,1,humanoid_gym_relative_v2,100,100,0.7632327697542496,0.5348139641934541,0.3129834684310782,0.3789879199954122,True,0.700721962404283,-0.0515483286656985,34.0,-0.0263959361532173,13.0,TD3-BC
TD3-BC-Go2RoughCurriculum-db22f4cf,Go2RoughCurriculum,playground/go2-rough-terrain/medium-expert-v0,0,humanoid_gym_relative_v2,100,100,0.8146167832612992,0.5591236407193355,0.2357809370857693,0.3732603362227185,True,0.6863640084616194,-0.0469173856338569,33.0,0.2533017697218072,8.0,TD3-BC
TD3-BC-Go2RoughCurriculum-dd85804d,Go2RoughCurriculum,playground/go2-rough-terrain/expert-v0,1,humanoid_gym_relative_v2,100,100,0.7942065368965268,0.5023292599059641,0.213536833321688,0.3892887153482204,True,0.6324919735222604,-0.0597005439890687,40.0,0.5752163123147065,4.0,TD3-BC
TD3-BC-H1JoystickGaitTracking-0e82c9e6,H1JoystickGaitTracking,playground/h1-gait-tracking/medium-expert-v0,1,humanoid_gym_relative_v2,100,100,0.8058963778987527,0.29221033628084114,0.4550177688097432,0.41000852778815405,True,0.36259045740189744,0.006171278759359211,73.0,0.09148313883859123,30.0,TD3-BC
TD3-BC-H1JoystickGaitTracking-232b0294,H1JoystickGaitTracking,playground/h1-gait-tracking/medium-replay-v0,2,humanoid_gym_relative_v2,100,100,0.21636354049202056,0.06829453311162069,0.19994912831338044,0.12901576561208888,True,0.3156471416409429,0.014577285206290426,85.0,0.034547076947781766,19.0,TD3-BC
TD3-BC-H1JoystickGaitTracking-28dfbe71,H1JoystickGaitTracking,playground/h1-gait-tracking/medium-v0,0,humanoid_gym_relative_v2,100,100,0.8905727302283049,0.36406017888803033,0.4153832212621156,0.47181763896121487,True,0.4087933152800455,0.0030535378895238416,69.0,0.08238247366717394,22.0,TD3-BC
TD3-BC-H1JoystickGaitTracking-5154f89d,H1JoystickGaitTracking,playground/h1-gait-tracking/medium-expert-v0,2,humanoid_gym_relative_v2,100,100,0.7969235866516828,0.30136411419676734,0.46063869041815986,0.44480434275663916,True,0.3781593608779542,0.002944984855667835,75.0,0.06872982978560223,28.999999999999996,TD3-BC
TD3-BC-H1JoystickGaitTracking-8a8d86bb,H1JoystickGaitTracking,playground/h1-gait-tracking/expert-v0,2,humanoid_gym_relative_v2,100,100,-0.0004926622556649817,-0.00033966070782526003,0.0001673277883267864,0.00022875586948930047,False,,,,,,TD3-BC
TD3-BC-H1JoystickGaitTracking-c335801f,H1JoystickGaitTracking,playground/h1-gait-tracking/medium-v0,1,humanoid_gym_relative_v2,100,100,0.7214263547211885,0.2980638892261777,0.47999291769095725,0.43561789108692767,True,0.4131591357531861,0.005652063387005066,73.0,0.10746329094576199,36.0,TD3-BC
TD3-BC-H1JoystickGaitTracking-cf4477b7,H1JoystickGaitTracking,playground/h1-gait-tracking/expert-v0,0,humanoid_gym_relative_v2,100,100,0.024626928296784173,0.0034002181855157685,0.03815922440649269,0.009259308616107275,False,,,,,,TD3-BC
TD3-BC-H1JoystickGaitTracking-d2f7cfae,H1JoystickGaitTracking,playground/h1-gait-tracking/expert-v0,1,humanoid_gym_relative_v2,100,100,0.3555019792169333,0.014343289315725087,0.4516240321454411,0.027645705710392612,True,0.04034658076255764,-0.001066520032625523,100.0,0.013562341184646134,61.0,TD3-BC
TD3-BC-H1JoystickGaitTracking-d74a9487,H1JoystickGaitTracking,playground/h1-gait-tracking/medium-v0,2,humanoid_gym_relative_v2,100,100,0.8115583547204733,0.31197501107584685,0.4631973415073064,0.44692544684822494,True,0.38441476113359835,0.004806085998359871,71.0,0.09628849551023358,30.0,TD3-BC
TD3-BC-H1JoystickGaitTracking-d9f9fea2,H1JoystickGaitTracking,playground/h1-gait-tracking/medium-replay-v0,1,humanoid_gym_relative_v2,100,100,0.36985986368265,0.0680121542525012,0.37765620618771656,0.1169988890579637,True,0.18388627945544672,0.011107297186328878,95.0,0.13391338434038183,45.0,TD3-BC
TD3-BC-H1JoystickGaitTracking-df4d040e,H1JoystickGaitTracking,playground/h1-gait-tracking/medium-expert-v0,0,humanoid_gym_relative_v2,100,100,0.6980257576331497,0.3057218108262168,0.46396526856426845,0.44123190957273406,True,0.43798070126072647,0.0042215544476459435,74.0,0.09774627050153371,37.0,TD3-BC
TD3-BC-H1JoystickGaitTracking-e48c24c6,H1JoystickGaitTracking,playground/h1-gait-tracking/medium-replay-v0,0,humanoid_gym_relative_v2,100,100,-6.664201759122079e-05,-3.499684272213699e-05,0.00033228900694648174,0.00037337586104208703,False,,,,,,TD3-BC
