run,algorithm,task,dataset,score,shifted,created_at,runtime_h,host,gpu,cql_alpha_prime
AWAC-G1JoystickFlatTerrain-39ab80d3,AWAC,g1-joystick-direction,expert,79.00989532470703,,2026-08-18T16:29:28Z,17.41111111111111,ovx-l40s-01,NVIDIA L40S,
AWAC-G1JoystickFlatTerrain-3a6dd793,AWAC,g1-joystick-direction,expert,73.12965393066406,,2026-09-12T04:33:24Z,23.26,dgx-H100-02,NVIDIA H100 80GB HBM3,
AWAC-G1JoystickFlatTerrain-fbb04059,AWAC,g1-joystick-direction,expert,78.73094940185547,,2026-09-10T23:49:30Z,24.55361111111111,dgx-H100-02,NVIDIA H100 80GB HBM3,
AWAC-G1JoystickFlatTerrain-169a81e8,AWAC,g1-joystick-direction,medium,39.179569244384766,,2026-09-10T23:49:31Z,19.223333333333333,dgx-H100-02,NVIDIA H100 80GB HBM3,
AWAC-G1JoystickFlatTerrain-e4d227ee,AWAC,g1-joystick-direction,medium,36.92566680908203,,2026-08-19T09:54:28Z,11.872222222222222,ovx-l40s-01,NVIDIA L40S,
AWAC-G1JoystickFlatTerrain-eb8f6445,AWAC,g1-joystick-direction,medium,35.34033966064453,,2026-09-12T04:34:12Z,18.300833333333333,dgx-H100-02,NVIDIA H100 80GB HBM3,
AWAC-G1JoystickFlatTerrain-9d141a95,AWAC,g1-joystick-direction,medium-expert,66.36785125732422,,2026-09-12T04:34:26Z,23.61277777777778,dgx-H100-02,NVIDIA H100 80GB HBM3,
AWAC-G1JoystickFlatTerrain-a20f5675,AWAC,g1-joystick-direction,medium-expert,72.14156341552734,,2026-08-19T21:47:12Z,16.544444444444444,ovx-l40s-01,NVIDIA L40S,
AWAC-G1JoystickFlatTerrain-cc3fece6,AWAC,g1-joystick-direction,medium-expert,11.365479469299316,,2026-09-11T00:41:42Z,20.29277777777778,dgx-H100-02,NVIDIA H100 80GB HBM3,
AWAC-G1JoystickFlatTerrain-38988b75,AWAC,g1-joystick-direction,medium-replay,20.867290496826172,,2026-09-12T04:35:43Z,11.307222222222222,dgx-H100-02,NVIDIA H100 80GB HBM3,
AWAC-G1JoystickFlatTerrain-5c2eea7b,AWAC,g1-joystick-direction,medium-replay,19.49169921875,,2026-09-11T00:58:22Z,11.605277777777777,dgx-H100-02,NVIDIA H100 80GB HBM3,
AWAC-G1JoystickFlatTerrain-fccca621,AWAC,g1-joystick-direction,medium-replay,24.42725372314453,,2026-08-20T14:20:11Z,7.6097222222222225,ovx-l40s-01,NVIDIA L40S,
AWAC-Go2JoystickFlatTerrain-29a97075,AWAC,go2-flat-forward,expert,97.43228912353516,,2026-09-11T17:37:48Z,15.142222222222221,dgx-H100-02,NVIDIA H100 80GB HBM3,
AWAC-Go2JoystickFlatTerrain-540206e5,AWAC,go2-flat-forward,expert,97.46409606933594,,2026-09-10T14:27:50Z,15.276944444444444,dgx-H100-02,NVIDIA H100 80GB HBM3,
AWAC-Go2JoystickFlatTerrain-9a15d8f1,AWAC,go2-flat-forward,expert,97.52427673339844,,2026-08-12T19:34:20Z,21.816666666666666,ovx-l40s-01,NVIDIA L40S,
AWAC-Go2JoystickFlatTerrain-2175956e,AWAC,go2-flat-forward,medium,65.13188171386719,,2026-09-10T14:40:33Z,15.74,dgx-H100-02,NVIDIA H100 80GB HBM3,
AWAC-Go2JoystickFlatTerrain-9ce2ddcb,AWAC,go2-flat-forward,medium,64.88423156738281,,2026-09-11T17:46:25Z,14.836388888888889,dgx-H100-02,NVIDIA H100 80GB HBM3,
AWAC-Go2JoystickFlatTerrain-c5e0269c,AWAC,go2-flat-forward,medium,63.56269836425781,,2026-08-13T17:23:38Z,21.323333333333334,ovx-l40s-01,NVIDIA L40S,
AWAC-Go2JoystickFlatTerrain-0c4abe0e,AWAC,go2-flat-forward,medium-expert,74.49282836914062,,2026-09-10T17:55:11Z,16.19388888888889,dgx-H100-02,NVIDIA H100 80GB HBM3,
AWAC-Go2JoystickFlatTerrain-b121d1da,AWAC,go2-flat-forward,medium-expert,82.12589263916016,,2026-08-14T14:43:21Z,20.059722222222224,ovx-l40s-01,NVIDIA L40S,
AWAC-Go2JoystickFlatTerrain-b16ab66d,AWAC,go2-flat-forward,medium-expert,75.51521301269531,,2026-09-11T21:49:51Z,15.519444444444444,dgx-H100-02,NVIDIA H100 80GB HBM3,
AWAC-Go2JoystickFlatTerrain-bddc8ae9,AWAC,go2-flat-forward,medium-replay,73.86727905273438,,2026-09-12T00:25:44Z,15.040555555555555,dgx-H100-02,NVIDIA H100 80GB HBM3,
AWAC-Go2JoystickFlatTerrain-c32b7288,AWAC,go2-flat-forward,medium-replay,70.9911117553711,,2026-09-10T20:01:29Z,15.683055555555555,dgx-H100-02,NVIDIA H100 80GB HBM3,
AWAC-Go2JoystickFlatTerrain-d8917fa8,AWAC,go2-flat-forward,medium-replay,62.98660659790039,,2026-08-15T10:47:14Z,19.983888888888888,ovx-l40s-01,NVIDIA L40S,
AWAC-Go2Footstand-1da1d3fb,AWAC,go2-footstand,expert,97.1392593383789,,2026-09-10T06:01:57Z,5.795555555555556,dgx-H100-02,NVIDIA H100 80GB HBM3,
AWAC-Go2Footstand-6dd6e98b,AWAC,go2-footstand,expert,97.24996948242188,,2026-08-06T20:23:18Z,5.262777777777778,ovx-l40s-01,NVIDIA L40S,
AWAC-Go2Footstand-899358ce,AWAC,go2-footstand,expert,95.70255279541016,,2026-09-11T07:25:37Z,5.770277777777777,dgx-H100-02,NVIDIA H100 80GB HBM3,
AWAC-Go2Footstand-1f5ed968,AWAC,go2-footstand,medium,43.62778854370117,,2026-08-07T01:39:22Z,3.137777777777778,ovx-l40s-01,NVIDIA L40S,
AWAC-Go2Footstand-7dc309f5,AWAC,go2-footstand,medium,16.43552589416504,,2026-09-10T06:01:56Z,3.563888888888889,dgx-H100-02,NVIDIA H100 80GB HBM3,
AWAC-Go2Footstand-9e6586b0,AWAC,go2-footstand,medium,20.314638137817383,,2026-09-11T07:26:10Z,3.317222222222222,dgx-H100-02,NVIDIA H100 80GB HBM3,
AWAC-Go2Footstand-20eea8dd,AWAC,go2-footstand,medium-expert,61.17271041870117,,2026-09-10T06:01:56Z,4.101388888888889,dgx-H100-02,NVIDIA H100 80GB HBM3,
AWAC-Go2Footstand-36714fbb,AWAC,go2-footstand,medium-expert,31.37838554382324,,2026-09-11T07:30:19Z,3.051111111111111,dgx-H100-02,NVIDIA H100 80GB HBM3,
AWAC-Go2Footstand-a1323aaa,AWAC,go2-footstand,medium-expert,67.52940368652344,,2026-08-07T04:47:57Z,3.8925,ovx-l40s-01,NVIDIA L40S,
AWAC-Go2Footstand-4c8b313d,AWAC,go2-footstand,medium-replay,8.94368839263916,,2026-09-10T06:02:05Z,1.0847222222222221,dgx-H100-02,NVIDIA H100 80GB HBM3,
AWAC-Go2Footstand-cac96917,AWAC,go2-footstand,medium-replay,1.1008143424987793,,2026-08-07T08:41:49Z,0.8055555555555556,ovx-l40s-01,NVIDIA L40S,
AWAC-Go2Footstand-f5d1d5ba,AWAC,go2-footstand,medium-replay,2.5366697311401367,,2026-09-11T07:30:25Z,1.1019444444444444,dgx-H100-02,NVIDIA H100 80GB HBM3,
AWAC-Go2Getup-3430e32b,AWAC,go2-getup,expert,44.74787521362305,,2026-08-03T17:16:12Z,3.6475,ovx-l40s-01,NVIDIA L40S,
AWAC-Go2Getup-a6dd7011,AWAC,go2-getup,expert,45.35478210449219,,2026-09-10T13:19:26Z,3.7888888888888888,dgx-H100-02,NVIDIA H100 80GB HBM3,
AWAC-Go2Getup-c7fbec8c,AWAC,go2-getup,expert,42.64103317260742,,2026-09-11T03:29:43Z,3.9269444444444446,dgx-H100-02,NVIDIA H100 80GB HBM3,
AWAC-Go2Getup-02a9e8a5,AWAC,go2-getup,medium,54.051124572753906,,2026-09-11T03:29:40Z,4.006111111111111,dgx-H100-02,NVIDIA H100 80GB HBM3,
AWAC-Go2Getup-649d07a2,AWAC,go2-getup,medium,53.878379821777344,,2026-08-03T20:55:26Z,3.643611111111111,ovx-l40s-01,NVIDIA L40S,
AWAC-Go2Getup-b3a9a2fd,AWAC,go2-getup,medium,54.48717498779297,,2026-09-10T05:58:27Z,4.105277777777777,dgx-H100-02,NVIDIA H100 80GB HBM3,
AWAC-Go2Getup-6960898f,AWAC,go2-getup,medium-expert,55.81098175048828,,2026-08-04T00:35:30Z,3.5927777777777776,ovx-l40s-01,NVIDIA L40S,
AWAC-Go2Getup-824fab1a,AWAC,go2-getup,medium-expert,56.1157341003418,,2026-09-10T05:58:27Z,4.1369444444444445,dgx-H100-02,NVIDIA H100 80GB HBM3,
AWAC-Go2Getup-fd6d88fe,AWAC,go2-getup,medium-expert,55.41300201416016,,2026-09-11T03:29:42Z,3.9358333333333335,dgx-H100-02,NVIDIA H100 80GB HBM3,
AWAC-Go2Getup-42c9f544,AWAC,go2-getup,medium-replay,42.4089241027832,,2026-09-11T03:29:43Z,4.006944444444445,dgx-H100-02,NVIDIA H100 80GB HBM3,
AWAC-Go2Getup-742bd978,AWAC,go2-getup,medium-replay,29.638099670410156,,2026-08-04T04:11:24Z,3.658888888888889,ovx-l40s-01,NVIDIA L40S,
AWAC-Go2Getup-acaf9327,AWAC,go2-getup,medium-replay,37.229190826416016,,2026-09-10T13:19:26Z,3.8091666666666666,dgx-H100-02,NVIDIA H100 80GB HBM3,
AWAC-Go2GetupWalk-7760a23d,AWAC,go2-getup-walk,expert,34.78997802734375,,2026-09-11T03:29:40Z,12.819444444444445,dgx-H100-02,NVIDIA H100 80GB HBM3,
AWAC-Go2GetupWalk-da6a8739,AWAC,go2-getup-walk,expert,37.80049514770508,,2026-09-10T13:19:26Z,13.8025,dgx-H100-02,NVIDIA H100 80GB HBM3,
AWAC-Go2GetupWalk-fe72b391,AWAC,go2-getup-walk,expert,35.409366607666016,,2026-08-04T07:51:20Z,15.175,ovx-l40s-01,NVIDIA L40S,
AWAC-Go2GetupWalk-a95f9dd4,AWAC,go2-getup-walk,medium,39.22187805175781,,2026-09-11T03:29:43Z,12.670277777777779,dgx-H100-02,NVIDIA H100 80GB HBM3,
AWAC-Go2GetupWalk-b62ddb43,AWAC,go2-getup-walk,medium,34.65422821044922,,2026-09-10T05:58:27Z,11.940555555555555,dgx-H100-02,NVIDIA H100 80GB HBM3,
AWAC-Go2GetupWalk-f63c2866,AWAC,go2-getup-walk,medium,40.8894157409668,,2026-08-04T23:02:13Z,15.07,ovx-l40s-01,NVIDIA L40S,
AWAC-Go2GetupWalk-01da55ae,AWAC,go2-getup-walk,medium-expert,36.33930206298828,,2026-08-05T14:06:46Z,15.073055555555555,ovx-l40s-01,NVIDIA L40S,
AWAC-Go2GetupWalk-42188d35,AWAC,go2-getup-walk,medium-expert,38.87644577026367,,2026-09-11T03:29:40Z,12.753333333333334,dgx-H100-02,NVIDIA H100 80GB HBM3,
AWAC-Go2GetupWalk-a5c471bb,AWAC,go2-getup-walk,medium-expert,36.33942413330078,,2026-09-10T13:19:25Z,14.165277777777778,dgx-H100-02,NVIDIA H100 80GB HBM3,
AWAC-Go2GetupWalk-2897ccc2,AWAC,go2-getup-walk,medium-replay,16.942899703979492,,2026-08-06T05:11:37Z,15.189444444444444,ovx-l40s-01,NVIDIA L40S,
AWAC-Go2GetupWalk-a835e1fb,AWAC,go2-getup-walk,medium-replay,18.174081802368164,,2026-09-11T03:29:40Z,12.898888888888889,dgx-H100-02,NVIDIA H100 80GB HBM3,
AWAC-Go2GetupWalk-d7ef8685,AWAC,go2-getup-walk,medium-replay,19.069820404052734,,2026-09-10T13:19:23Z,14.071111111111112,dgx-H100-02,NVIDIA H100 80GB HBM3,
AWAC-Go2Handstand-179062e5,AWAC,go2-handstand,expert,85.86698150634766,,2026-09-10T06:02:05Z,5.509722222222222,dgx-H100-02,NVIDIA H100 80GB HBM3,
AWAC-Go2Handstand-421a7aed,AWAC,go2-handstand,expert,84.86270904541016,,2026-08-07T09:30:28Z,5.071111111111111,ovx-l40s-01,NVIDIA L40S,
AWAC-Go2Handstand-48320043,AWAC,go2-handstand,expert,88.88572692871094,,2026-09-11T08:36:49Z,5.445277777777778,dgx-H100-02,NVIDIA H100 80GB HBM3,
AWAC-Go2Handstand-0f6520f5,AWAC,go2-handstand,medium,47.970664978027344,,2026-08-07T14:35:13Z,3.953333333333333,ovx-l40s-01,NVIDIA L40S,
AWAC-Go2Handstand-52abbb37,AWAC,go2-handstand,medium,40.34245300292969,,2026-09-11T10:33:41Z,3.636388888888889,dgx-H100-02,NVIDIA H100 80GB HBM3,
AWAC-Go2Handstand-77d32bfc,AWAC,go2-handstand,medium,43.30011749267578,,2026-09-10T07:07:28Z,4.187222222222222,dgx-H100-02,NVIDIA H100 80GB HBM3,
AWAC-Go2Handstand-2237ff97,AWAC,go2-handstand,medium-expert,50.15286636352539,,2026-08-07T18:32:47Z,3.856388888888889,ovx-l40s-01,NVIDIA L40S,
AWAC-Go2Handstand-a7d23cea,AWAC,go2-handstand,medium-expert,53.19956970214844,,2026-09-11T10:45:30Z,4.339166666666666,dgx-H100-02,NVIDIA H100 80GB HBM3,
AWAC-Go2Handstand-c52015a9,AWAC,go2-handstand,medium-expert,58.60591506958008,,2026-09-10T09:36:05Z,3.8491666666666666,dgx-H100-02,NVIDIA H100 80GB HBM3,
AWAC-Go2Handstand-11a40536,AWAC,go2-handstand,medium-replay,6.8168044090271,,2026-09-11T13:12:07Z,1.1972222222222222,dgx-H100-02,NVIDIA H100 80GB HBM3,
AWAC-Go2Handstand-290818c0,AWAC,go2-handstand,medium-replay,3.7646565437316895,,2026-09-10T10:05:02Z,1.0602777777777779,dgx-H100-02,NVIDIA H100 80GB HBM3,
AWAC-Go2Handstand-9196e96a,AWAC,go2-handstand,medium-replay,4.257527828216553,,2026-08-07T22:24:39Z,1.16,ovx-l40s-01,NVIDIA L40S,
AWAC-Go2JoystickFlatTerrain-830e2b80,AWAC,go2-joystick-direction,expert,95.75430297851562,,2026-09-10T11:32:56Z,11.26361111111111,dgx-H100-02,NVIDIA H100 80GB HBM3,
AWAC-Go2JoystickFlatTerrain-b443beb2,AWAC,go2-joystick-direction,expert,97.32721710205078,,2026-09-11T17:30:57Z,11.053333333333333,dgx-H100-02,NVIDIA H100 80GB HBM3,
AWAC-Go2JoystickFlatTerrain-f08ef75a,AWAC,go2-joystick-direction,expert,95.62681579589844,,2026-08-09T14:41:18Z,18.997222222222224,ovx-l40s-01,NVIDIA L40S,
AWAC-Go2JoystickFlatTerrain-050efdf6,AWAC,go2-joystick-direction,medium,46.63451385498047,,2026-08-10T09:41:27Z,19.426388888888887,ovx-l40s-01,NVIDIA L40S,
AWAC-Go2JoystickFlatTerrain-aea4acbb,AWAC,go2-joystick-direction,medium,46.66259765625,,2026-09-11T17:31:24Z,11.00361111111111,dgx-H100-02,NVIDIA H100 80GB HBM3,
AWAC-Go2JoystickFlatTerrain-bedf8f1f,AWAC,go2-joystick-direction,medium,46.964324951171875,,2026-09-10T11:49:57Z,11.227222222222222,dgx-H100-02,NVIDIA H100 80GB HBM3,
AWAC-Go2JoystickFlatTerrain-a0bb60a4,AWAC,go2-joystick-direction,medium-expert,63.10867691040039,,2026-09-10T13:27:17Z,11.235555555555555,dgx-H100-02,NVIDIA H100 80GB HBM3,
AWAC-Go2JoystickFlatTerrain-a0e4eb6c,AWAC,go2-joystick-direction,medium-expert,58.20065689086914,,2026-09-11T17:31:25Z,10.927222222222222,dgx-H100-02,NVIDIA H100 80GB HBM3,
AWAC-Go2JoystickFlatTerrain-dfba3409,AWAC,go2-joystick-direction,medium-expert,60.828338623046875,,2026-08-11T05:07:24Z,19.288611111111113,ovx-l40s-01,NVIDIA L40S,
AWAC-Go2JoystickFlatTerrain-177a8646,AWAC,go2-joystick-direction,medium-replay,42.36277389526367,,2026-09-10T14:00:17Z,10.963055555555556,dgx-H100-02,NVIDIA H100 80GB HBM3,
AWAC-Go2JoystickFlatTerrain-260a2b8e,AWAC,go2-joystick-direction,medium-replay,45.01731491088867,,2026-08-12T00:25:02Z,19.148611111111112,ovx-l40s-01,NVIDIA L40S,
AWAC-Go2JoystickFlatTerrain-88e8beaa,AWAC,go2-joystick-direction,medium-replay,40.991424560546875,,2026-09-11T17:31:27Z,11.06611111111111,dgx-H100-02,NVIDIA H100 80GB HBM3,
AWAC-Go2PushRecovery-715add7a,AWAC,go2-push-recovery,expert,98.3258056640625,18.318920135498047,2026-09-10T10:06:57Z,9.903888888888888,dgx-H100-02,NVIDIA H100 80GB HBM3,
AWAC-Go2PushRecovery-8ac3f4b0,AWAC,go2-push-recovery,expert,99.0099639892578,22.26171875,2026-09-11T14:03:49Z,10.360555555555555,dgx-H100-02,NVIDIA H100 80GB HBM3,
AWAC-Go2PushRecovery-fb404822,AWAC,go2-push-recovery,expert,99.6645965576172,19.653491973876953,2026-08-07T23:34:37Z,19.566388888888888,ovx-l40s-01,NVIDIA L40S,
AWAC-Go2PushRecovery-59a48477,AWAC,go2-push-recovery,medium,22.89907455444336,6.386405944824219,2026-09-10T10:08:18Z,4.320555555555556,dgx-H100-02,NVIDIA H100 80GB HBM3,
AWAC-Go2PushRecovery-b27b05ad,AWAC,go2-push-recovery,medium,-2.2365503311157227,-2.385305166244507,2026-09-11T14:12:08Z,3.566388888888889,dgx-H100-02,NVIDIA H100 80GB HBM3,
AWAC-Go2PushRecovery-d0c66ef6,AWAC,go2-push-recovery,medium,6.179464817047119,2.840266466140747,2026-08-08T19:08:56Z,7.554722222222222,ovx-l40s-01,NVIDIA L40S,
AWAC-Go2PushRecovery-2b7f37d4,AWAC,go2-push-recovery,medium-expert,50.26307678222656,7.494162082672119,2026-08-09T02:42:31Z,7.066111111111111,ovx-l40s-01,NVIDIA L40S,
AWAC-Go2PushRecovery-4f13dce4,AWAC,go2-push-recovery,medium-expert,0.0,,2026-09-11T14:24:15Z,7.421944444444445,dgx-H100-02,NVIDIA H100 80GB HBM3,
AWAC-Go2PushRecovery-5c49f4f7,AWAC,go2-push-recovery,medium-expert,0.5099776387214661,-0.3869684636592865,2026-09-10T11:08:56Z,3.522222222222222,dgx-H100-02,NVIDIA H100 80GB HBM3,
AWAC-Go2PushRecovery-42f65c25,AWAC,go2-push-recovery,medium-replay,14.783650398254396,2.487179756164551,2026-09-11T15:06:08Z,2.5230555555555556,dgx-H100-02,NVIDIA H100 80GB HBM3,
AWAC-Go2PushRecovery-6d8b8027,AWAC,go2-push-recovery,medium-replay,14.409706115722656,3.2102198600769043,2026-09-10T11:18:58Z,2.683611111111111,dgx-H100-02,NVIDIA H100 80GB HBM3,
AWAC-Go2PushRecovery-f9059b07,AWAC,go2-push-recovery,medium-replay,16.024890899658203,3.4120161533355713,2026-08-09T09:46:52Z,4.899444444444445,ovx-l40s-01,NVIDIA L40S,
AWAC-Go2RoughCurriculum-5c45e8d7,AWAC,go2-rough-terrain,expert,68.7253646850586,29.053024291992188,2026-09-14T14:44:53Z,17.11138888888889,dgx-H100-02,NVIDIA H100 80GB HBM3,
AWAC-Go2RoughCurriculum-dfa0d988,AWAC,go2-rough-terrain,expert,73.32449340820312,28.495195388793945,2026-08-16T06:46:39Z,16.484444444444446,ovx-l40s-01,NVIDIA L40S,
AWAC-Go2RoughCurriculum-e08dea9c,AWAC,go2-rough-terrain,expert,-5.505824565887451,-5.5394487380981445,2026-09-14T14:38:41Z,16.763333333333332,dgx-H100-02,NVIDIA H100 80GB HBM3,
AWAC-Go2RoughCurriculum-42af96f1,AWAC,go2-rough-terrain,medium,43.916259765625,20.738386154174805,2026-09-14T14:44:52Z,17.10972222222222,dgx-H100-02,NVIDIA H100 80GB HBM3,
AWAC-Go2RoughCurriculum-7d5c5d15,AWAC,go2-rough-terrain,medium,42.02320098876953,20.149106979370117,2026-08-16T23:16:04Z,15.234166666666667,ovx-l40s-01,NVIDIA L40S,
AWAC-Go2RoughCurriculum-b45f3edc,AWAC,go2-rough-terrain,medium,45.3869743347168,20.171602249145508,2026-09-14T14:38:38Z,17.174722222222222,dgx-H100-02,NVIDIA H100 80GB HBM3,
AWAC-Go2RoughCurriculum-02214574,AWAC,go2-rough-terrain,medium-expert,19.69805145263672,9.182022094726562,2026-09-14T14:38:36Z,16.185555555555556,dgx-H100-02,NVIDIA H100 80GB HBM3,
AWAC-Go2RoughCurriculum-50def463,AWAC,go2-rough-terrain,medium-expert,14.61537742614746,5.743075370788574,2026-09-14T14:44:50Z,14.864444444444445,dgx-H100-02,NVIDIA H100 80GB HBM3,
AWAC-Go2RoughCurriculum-65636487,AWAC,go2-rough-terrain,medium-expert,40.07755661010742,18.046751022338867,2026-08-17T14:30:26Z,13.93138888888889,ovx-l40s-01,NVIDIA L40S,
AWAC-Go2RoughCurriculum-03277f13,AWAC,go2-rough-terrain,medium-replay,41.97802734375,17.44911766052246,2026-09-14T14:44:51Z,13.419722222222223,dgx-H100-02,NVIDIA H100 80GB HBM3,
AWAC-Go2RoughCurriculum-618c7f15,AWAC,go2-rough-terrain,medium-replay,46.43891906738281,19.76616859436035,2026-08-18T04:26:49Z,12.03888888888889,ovx-l40s-01,NVIDIA L40S,
AWAC-Go2RoughCurriculum-75a9e10e,AWAC,go2-rough-terrain,medium-replay,49.42801284790039,16.76212501525879,2026-09-14T14:38:36Z,14.005833333333333,dgx-H100-02,NVIDIA H100 80GB HBM3,
AWAC-H1JoystickGaitTracking-20b46cf5,AWAC,h1-gait-tracking,expert,99.21778869628906,,2026-09-12T08:36:53Z,15.332777777777778,dgx-H100-02,NVIDIA H100 80GB HBM3,
AWAC-H1JoystickGaitTracking-4c9a3d5d,AWAC,h1-gait-tracking,expert,78.49241389925247,,2026-10-01T18:44:57Z,1.8547222222222222,jarbas,NVIDIA GeForce RTX 3090,
AWAC-H1JoystickGaitTracking-80815913,AWAC,h1-gait-tracking,expert,103.58352661132812,,2026-09-11T05:44:44Z,17.573055555555555,dgx-H100-02,NVIDIA H100 80GB HBM3,
AWAC-H1JoystickGaitTracking-6eaf76c0,AWAC,h1-gait-tracking,medium,85.36114380124786,,2026-10-01T18:44:57Z,1.8530555555555555,jarbas,NVIDIA GeForce RTX 3090,
AWAC-H1JoystickGaitTracking-8f5587be,AWAC,h1-gait-tracking,medium,104.64511108398438,,2026-09-12T08:46:37Z,19.51222222222222,dgx-H100-02,NVIDIA H100 80GB HBM3,
AWAC-H1JoystickGaitTracking-b6caf39b,AWAC,h1-gait-tracking,medium,105.4536361694336,,2026-09-11T06:25:15Z,14.144444444444444,dgx-H100-02,NVIDIA H100 80GB HBM3,
AWAC-H1JoystickGaitTracking-75bb4f15,AWAC,h1-gait-tracking,medium-expert,102.1871109008789,,2026-09-12T13:21:23Z,18.31,dgx-H100-02,NVIDIA H100 80GB HBM3,
AWAC-H1JoystickGaitTracking-bae17bab,AWAC,h1-gait-tracking,medium-expert,74.30509185791016,,2026-09-11T10:07:07Z,15.5475,dgx-H100-02,NVIDIA H100 80GB HBM3,
AWAC-H1JoystickGaitTracking-cc2f2620,AWAC,h1-gait-tracking,medium-expert,97.20725984993923,,2026-10-01T18:44:57Z,1.8527777777777779,jarbas,NVIDIA GeForce RTX 3090,
AWAC-H1JoystickGaitTracking-4e00cddf,AWAC,h1-gait-tracking,medium-replay,0.008776258677244186,,2026-09-12T15:28:27Z,0.6797222222222222,dgx-H100-02,NVIDIA H100 80GB HBM3,
AWAC-H1JoystickGaitTracking-64f85527,AWAC,h1-gait-tracking,medium-replay,0.011848424561321735,,2026-09-11T11:42:47Z,0.9383333333333334,dgx-H100-02,NVIDIA H100 80GB HBM3,
AWAC-H1JoystickGaitTracking-656795ff,AWAC,h1-gait-tracking,medium-replay,0.2772011998136591,,2026-10-01T18:44:57Z,0.31805555555555554,jarbas,NVIDIA GeForce RTX 3090,
BC-G1JoystickFlatTerrain-0060081b,BC,g1-joystick-direction,expert,72.6103515625,,2026-07-22T13:14:58Z,3.7319444444444443,jarbas,NVIDIA GeForce RTX 3090,
BC-G1JoystickFlatTerrain-2d7a4b34,BC,g1-joystick-direction,expert,74.39123876617396,,2026-09-27T03:03:37Z,5.266944444444444,dgx-H100-02,NVIDIA H100 80GB HBM3,
BC-G1JoystickFlatTerrain-e1bc66b5,BC,g1-joystick-direction,expert,74.68392944335938,,2026-07-29T14:20:38Z,4.2380555555555555,Sebastian,NVIDIA GeForce RTX 3090,
BC-G1JoystickFlatTerrain-183326c0,BC,g1-joystick-direction,medium,25.976837158203125,,2026-09-15T01:40:45Z,2.8305555555555557,jarbas,NVIDIA GeForce RTX 3090,
BC-G1JoystickFlatTerrain-21344791,BC,g1-joystick-direction,medium,28.52532293846944,,2026-09-27T03:07:30Z,5.147777777777778,dgx-H100-02,NVIDIA H100 80GB HBM3,
BC-G1JoystickFlatTerrain-e92520bb,BC,g1-joystick-direction,medium,29.18572998046875,,2026-07-22T22:13:34Z,2.0894444444444447,jarbas,NVIDIA GeForce RTX 3090,
BC-G1JoystickFlatTerrain-005a8d1d,BC,g1-joystick-direction,medium-expert,55.41693773641686,,2026-09-27T03:22:18Z,5.273055555555556,dgx-H100-02,NVIDIA H100 80GB HBM3,
BC-G1JoystickFlatTerrain-7e3aa627,BC,g1-joystick-direction,medium-expert,59.26789474487305,,2026-09-15T04:30:47Z,4.439444444444445,jarbas,NVIDIA GeForce RTX 3090,
BC-G1JoystickFlatTerrain-a2e9a32d,BC,g1-joystick-direction,medium-expert,57.92609024047851,,2026-07-23T00:19:07Z,3.1069444444444443,jarbas,NVIDIA GeForce RTX 3090,
BC-G1JoystickFlatTerrain-3f032e42,BC,g1-joystick-direction,medium-replay,5.792432671935758,,2026-09-27T03:36:21Z,1.9122222222222223,dgx-H100-02,NVIDIA H100 80GB HBM3,
BC-G1JoystickFlatTerrain-da0a4f53,BC,g1-joystick-direction,medium-replay,5.945891380310059,,2026-09-15T08:57:22Z,0.6011111111111112,jarbas,NVIDIA GeForce RTX 3090,
BC-G1JoystickFlatTerrain-defc385d,BC,g1-joystick-direction,medium-replay,5.824496746063232,,2026-07-23T03:27:15Z,0.45166666666666666,jarbas,NVIDIA GeForce RTX 3090,
BC-Go2JoystickFlatTerrain-59e9c78e,BC,go2-flat-forward,expert,97.53086853027344,,2026-07-18T13:39:58Z,5.2363888888888885,Sebastian,NVIDIA GeForce RTX 3090,
BC-Go2JoystickFlatTerrain-6c486424,BC,go2-flat-forward,expert,97.90023945492688,,2026-09-27T01:01:35Z,2.0566666666666666,dgx-H100-02,NVIDIA H100 80GB HBM3,
BC-Go2JoystickFlatTerrain-85f81fb3,BC,go2-flat-forward,expert,97.31964111328124,,2026-07-28T10:42:17Z,5.271111111111111,Sebastian,NVIDIA GeForce RTX 3090,
BC-Go2JoystickFlatTerrain-546f6562,BC,go2-flat-forward,medium,64.01116180419922,,2026-07-28T15:58:48Z,5.216666666666667,Sebastian,NVIDIA GeForce RTX 3090,
BC-Go2JoystickFlatTerrain-f249e3a0,BC,go2-flat-forward,medium,63.66301727294922,,2026-07-18T18:54:22Z,5.265833333333333,Sebastian,NVIDIA GeForce RTX 3090,
BC-Go2JoystickFlatTerrain-f26d54a3,BC,go2-flat-forward,medium,65.18210202253442,,2026-09-27T01:06:35Z,2.037777777777778,dgx-H100-02,NVIDIA H100 80GB HBM3,
BC-Go2JoystickFlatTerrain-1ebda6a8,BC,go2-flat-forward,medium-expert,72.79842376708984,,2026-07-28T21:12:01Z,5.273055555555556,Sebastian,NVIDIA GeForce RTX 3090,
BC-Go2JoystickFlatTerrain-7b2bfe23,BC,go2-flat-forward,medium-expert,76.86359749792156,,2026-09-27T01:20:24Z,2.055,dgx-H100-02,NVIDIA H100 80GB HBM3,
BC-Go2JoystickFlatTerrain-f0b7893c,BC,go2-flat-forward,medium-expert,72.53704833984375,,2026-07-19T00:10:31Z,5.2908333333333335,Sebastian,NVIDIA GeForce RTX 3090,
BC-Go2JoystickFlatTerrain-313380b4,BC,go2-flat-forward,medium-replay,53.826568603515625,,2026-07-29T02:28:38Z,5.214166666666666,Sebastian,NVIDIA GeForce RTX 3090,
BC-Go2JoystickFlatTerrain-7d93f64c,BC,go2-flat-forward,medium-replay,51.31924549893148,,2026-09-27T01:36:28Z,2.0216666666666665,dgx-H100-02,NVIDIA H100 80GB HBM3,
BC-Go2JoystickFlatTerrain-d597e54e,BC,go2-flat-forward,medium-replay,60.17326736450195,,2026-07-19T05:28:11Z,4.956388888888889,Sebastian,NVIDIA GeForce RTX 3090,
BC-Go2Footstand-6430b8ff,BC,go2-footstand,expert,98.81856536865234,,2026-07-19T17:46:49Z,0.8002777777777778,Sebastian,NVIDIA GeForce RTX 3090,
BC-Go2Footstand-d2c68bcb,BC,go2-footstand,expert,97.73544311523438,,2026-07-27T20:01:09Z,0.7972222222222223,Sebastian,NVIDIA GeForce RTX 3090,
BC-Go2Footstand-f87f4fa7,BC,go2-footstand,expert,96.7012806866,,2026-09-26T21:21:28Z,1.2183333333333333,dgx-H100-02,NVIDIA H100 80GB HBM3,
BC-Go2Footstand-1b47b6d0,BC,go2-footstand,medium,35.476131439208984,,2026-07-19T18:35:01Z,0.4091666666666667,Sebastian,NVIDIA GeForce RTX 3090,
BC-Go2Footstand-4d605bba,BC,go2-footstand,medium,35.008233792958826,,2026-09-26T21:21:27Z,1.1841666666666666,dgx-H100-02,NVIDIA H100 80GB HBM3,
BC-Go2Footstand-dbb93db8,BC,go2-footstand,medium,40.97587585449219,,2026-07-27T20:49:12Z,0.4816666666666667,Sebastian,NVIDIA GeForce RTX 3090,
BC-Go2Footstand-1c714f23,BC,go2-footstand,medium-expert,97.6631088256836,,2026-07-19T18:59:46Z,0.8163888888888889,Sebastian,NVIDIA GeForce RTX 3090,
BC-Go2Footstand-1f3331a4,BC,go2-footstand,medium-expert,98.23571879669376,,2026-09-26T21:21:28Z,1.2427777777777778,dgx-H100-02,NVIDIA H100 80GB HBM3,
BC-Go2Footstand-2366d633,BC,go2-footstand,medium-expert,96.23820495605467,,2026-07-27T21:18:19Z,0.8027777777777778,Sebastian,NVIDIA GeForce RTX 3090,
BC-Go2Footstand-a93eafc2,BC,go2-footstand,medium-replay,3.631270408630371,,2026-07-27T22:06:41Z,0.13305555555555557,Sebastian,NVIDIA GeForce RTX 3090,
BC-Go2Footstand-ae989e17,BC,go2-footstand,medium-replay,0.8012172601745036,,2026-09-26T21:21:28Z,0.41888888888888887,dgx-H100-02,NVIDIA H100 80GB HBM3,
BC-Go2Footstand-d32f9de1,BC,go2-footstand,medium-replay,0.9335229992866516,,2026-07-19T19:48:57Z,0.17083333333333334,Sebastian,NVIDIA GeForce RTX 3090,
BC-Go2Getup-1ef43f4f,BC,go2-getup,expert,33.84330749511719,,2026-07-27T10:37:31Z,0.5763888888888888,Sebastian,NVIDIA GeForce RTX 3090,
BC-Go2Getup-7c2df4bb,BC,go2-getup,expert,27.752967834472656,,2026-07-14T20:48:29Z,0.5536111111111112,Sebastian,NVIDIA GeForce RTX 3090,
BC-Go2Getup-e4f6a0ea,BC,go2-getup,expert,25.234228745257575,,2026-09-30T07:29:29Z,0.5955555555555555,dgx-H100-02,NVIDIA H100 80GB HBM3,
BC-Go2Getup-444e6d59,BC,go2-getup,medium,46.541798998369686,,2026-09-30T07:41:45Z,0.6038888888888889,dgx-H100-02,NVIDIA H100 80GB HBM3,
BC-Go2Getup-b5e37d4d,BC,go2-getup,medium,54.54951477050781,,2026-07-27T11:12:19Z,0.5744444444444444,Sebastian,NVIDIA GeForce RTX 3090,
BC-Go2Getup-b63cfa32,BC,go2-getup,medium,53.06352233886719,,2026-07-14T21:22:07Z,0.5647222222222222,Sebastian,NVIDIA GeForce RTX 3090,
BC-Go2Getup-01eb9ca0,BC,go2-getup,medium-expert,49.74780277694011,,2026-09-30T08:05:32Z,0.5955555555555555,dgx-H100-02,NVIDIA H100 80GB HBM3,
BC-Go2Getup-2416ea3c,BC,go2-getup,medium-expert,55.9140510559082,,2026-07-14T21:56:12Z,0.5636111111111111,Sebastian,NVIDIA GeForce RTX 3090,
BC-Go2Getup-97d81233,BC,go2-getup,medium-expert,56.26835250854492,,2026-07-27T11:47:00Z,0.5705555555555556,Sebastian,NVIDIA GeForce RTX 3090,
BC-Go2Getup-0316a950,BC,go2-getup,medium-replay,32.613487243652344,,2026-07-27T12:21:45Z,0.5752777777777778,Sebastian,NVIDIA GeForce RTX 3090,
BC-Go2Getup-e96d3e22,BC,go2-getup,medium-replay,27.6003959662081,,2026-09-30T08:18:16Z,0.5980555555555556,dgx-H100-02,NVIDIA H100 80GB HBM3,
BC-Go2Getup-eba62dbb,BC,go2-getup,medium-replay,38.2593994140625,,2026-07-14T22:30:20Z,0.5627777777777778,Sebastian,NVIDIA GeForce RTX 3090,
BC-Go2GetupWalk-357e33b0,BC,go2-getup-walk,expert,25.060946014051684,,2026-09-26T21:21:26Z,2.267777777777778,dgx-H100-02,NVIDIA H100 80GB HBM3,
BC-Go2GetupWalk-4aeffbec,BC,go2-getup-walk,expert,36.905906677246094,,2026-07-27T12:56:56Z,1.7616666666666667,Sebastian,NVIDIA GeForce RTX 3090,
BC-Go2GetupWalk-f2304788,BC,go2-getup-walk,expert,32.224037170410156,,2026-07-19T10:41:20Z,1.7638888888888888,Sebastian,NVIDIA GeForce RTX 3090,
BC-Go2GetupWalk-7287695e,BC,go2-getup-walk,medium,35.04566192626953,,2026-07-27T14:42:50Z,1.7677777777777777,Sebastian,NVIDIA GeForce RTX 3090,
BC-Go2GetupWalk-cd10e9fc,BC,go2-getup-walk,medium,35.8871784102735,,2026-09-26T21:21:28Z,2.261388888888889,dgx-H100-02,NVIDIA H100 80GB HBM3,
BC-Go2GetupWalk-cf8841d2,BC,go2-getup-walk,medium,33.54047775268555,,2026-07-19T12:27:22Z,1.7661111111111112,Sebastian,NVIDIA GeForce RTX 3090,
BC-Go2GetupWalk-2d9ba2cf,BC,go2-getup-walk,medium-expert,35.33288344685289,,2026-09-26T21:21:28Z,2.3319444444444444,dgx-H100-02,NVIDIA H100 80GB HBM3,
BC-Go2GetupWalk-78d748db,BC,go2-getup-walk,medium-expert,37.59343719482422,,2026-07-19T14:13:32Z,1.7694444444444444,Sebastian,NVIDIA GeForce RTX 3090,
BC-Go2GetupWalk-a63264a1,BC,go2-getup-walk,medium-expert,33.70933532714844,,2026-07-27T16:29:06Z,1.7619444444444445,Sebastian,NVIDIA GeForce RTX 3090,
BC-Go2GetupWalk-a41d597e,BC,go2-getup-walk,medium-replay,18.24456787109375,,2026-07-27T18:15:22Z,1.755,Sebastian,NVIDIA GeForce RTX 3090,
BC-Go2GetupWalk-a4c1237d,BC,go2-getup-walk,medium-replay,9.420191016294291,,2026-09-26T21:21:26Z,2.2855555555555553,dgx-H100-02,NVIDIA H100 80GB HBM3,
BC-Go2GetupWalk-eb70913a,BC,go2-getup-walk,medium-replay,18.053112030029297,,2026-07-19T15:59:54Z,1.7786111111111111,Sebastian,NVIDIA GeForce RTX 3090,
BC-Go2Handstand-28fdac32,BC,go2-handstand,expert,88.41541290283203,,2026-07-27T22:14:55Z,0.7433333333333333,Sebastian,NVIDIA GeForce RTX 3090,
BC-Go2Handstand-342082d8,BC,go2-handstand,expert,89.84234591970545,,2026-09-26T21:45:42Z,1.2027777777777777,dgx-H100-02,NVIDIA H100 80GB HBM3,
BC-Go2Handstand-63f304ca,BC,go2-handstand,expert,97.53669738769533,,2026-07-19T19:59:25Z,0.7497222222222222,Sebastian,NVIDIA GeForce RTX 3090,
BC-Go2Handstand-8b75e897,BC,go2-handstand,medium,45.06261444091797,,2026-07-27T22:59:43Z,0.47583333333333333,Sebastian,NVIDIA GeForce RTX 3090,
BC-Go2Handstand-9a34d141,BC,go2-handstand,medium,34.28191375732422,,2026-07-19T20:44:36Z,0.4461111111111111,Sebastian,NVIDIA GeForce RTX 3090,
BC-Go2Handstand-dc7761cd,BC,go2-handstand,medium,42.0282865585864,,2026-09-26T22:31:36Z,1.0877777777777777,dgx-H100-02,NVIDIA H100 80GB HBM3,
BC-Go2Handstand-564fbc14,BC,go2-handstand,medium-expert,41.42191696166992,,2026-07-19T21:11:35Z,0.5161111111111111,Sebastian,NVIDIA GeForce RTX 3090,
BC-Go2Handstand-c35d6d7a,BC,go2-handstand,medium-expert,46.80497005119744,,2026-09-26T22:33:17Z,1.1483333333333334,dgx-H100-02,NVIDIA H100 80GB HBM3,
BC-Go2Handstand-f7f0a419,BC,go2-handstand,medium-expert,41.05223083496094,,2026-07-27T23:28:29Z,0.4761111111111111,Sebastian,NVIDIA GeForce RTX 3090,
BC-Go2Handstand-4047fa18,BC,go2-handstand,medium-replay,3.4741110184336677,,2026-09-26T22:34:54Z,0.6769444444444445,dgx-H100-02,NVIDIA H100 80GB HBM3,
BC-Go2Handstand-cf957cd2,BC,go2-handstand,medium-replay,4.241508483886719,,2026-07-19T21:42:45Z,0.19166666666666668,Sebastian,NVIDIA GeForce RTX 3090,
BC-Go2Handstand-fdb88bfd,BC,go2-handstand,medium-replay,1.3681174516677856,,2026-07-27T23:57:15Z,0.1775,Sebastian,NVIDIA GeForce RTX 3090,
BC-Go2JoystickFlatTerrain-0c0d90ef,BC,go2-joystick-direction,expert,91.3701529222417,,2026-09-26T23:35:53Z,2.0308333333333333,dgx-H100-02,NVIDIA H100 80GB HBM3,
BC-Go2JoystickFlatTerrain-9c6e818a,BC,go2-joystick-direction,expert,89.2863998413086,,2026-07-20T01:35:32Z,1.6913888888888888,Sebastian,NVIDIA GeForce RTX 3090,
BC-Go2JoystickFlatTerrain-e9bb5f28,BC,go2-joystick-direction,expert,91.35359191894533,,2026-07-28T03:52:17Z,1.701111111111111,Sebastian,NVIDIA GeForce RTX 3090,
BC-Go2JoystickFlatTerrain-12e7d9a6,BC,go2-joystick-direction,medium,46.70072937011719,,2026-07-28T05:34:34Z,1.7172222222222222,Sebastian,NVIDIA GeForce RTX 3090,
BC-Go2JoystickFlatTerrain-eee48d71,BC,go2-joystick-direction,medium,42.97031763159424,,2026-09-26T23:36:52Z,2.0316666666666667,dgx-H100-02,NVIDIA H100 80GB HBM3,
BC-Go2JoystickFlatTerrain-f5f73542,BC,go2-joystick-direction,medium,45.95772933959961,,2026-07-20T03:17:14Z,1.7141666666666666,Sebastian,NVIDIA GeForce RTX 3090,
BC-Go2JoystickFlatTerrain-6c0f673d,BC,go2-joystick-direction,medium-expert,53.88261063123295,,2026-09-26T23:39:48Z,2.0305555555555554,dgx-H100-02,NVIDIA H100 80GB HBM3,
BC-Go2JoystickFlatTerrain-7f20c852,BC,go2-joystick-direction,medium-expert,52.78689956665039,,2026-07-20T05:00:18Z,1.7061111111111111,Sebastian,NVIDIA GeForce RTX 3090,
BC-Go2JoystickFlatTerrain-f8d5f8d2,BC,go2-joystick-direction,medium-expert,54.18011474609375,,2026-07-28T07:17:49Z,1.7113888888888888,Sebastian,NVIDIA GeForce RTX 3090,
BC-Go2JoystickFlatTerrain-8ac64cb1,BC,go2-joystick-direction,medium-replay,29.9560546875,,2026-07-20T06:42:53Z,1.6583333333333334,Sebastian,NVIDIA GeForce RTX 3090,
BC-Go2JoystickFlatTerrain-9823ada8,BC,go2-joystick-direction,medium-replay,32.107932603984814,,2026-09-26T23:41:04Z,2.0294444444444446,dgx-H100-02,NVIDIA H100 80GB HBM3,
BC-Go2JoystickFlatTerrain-f91bf68c,BC,go2-joystick-direction,medium-replay,31.376182556152344,,2026-07-28T09:00:44Z,1.688611111111111,Sebastian,NVIDIA GeForce RTX 3090,
BC-Go2PushRecovery-0e7ded7a,BC,go2-push-recovery,expert,102.3620488970455,18.29064175881517,2026-09-26T22:56:46Z,2.1855555555555557,dgx-H100-02,NVIDIA H100 80GB HBM3,
BC-Go2PushRecovery-230ed69a,BC,go2-push-recovery,expert,100.64060974121094,16.40555763244629,2026-07-28T00:08:06Z,1.7008333333333334,Sebastian,NVIDIA GeForce RTX 3090,
BC-Go2PushRecovery-ea10f111,BC,go2-push-recovery,expert,100.88381958007812,23.511396408081055,2026-07-22T15:06:02Z,1.7002777777777778,Sebastian,NVIDIA GeForce RTX 3090,
BC-Go2PushRecovery-44172f17,BC,go2-push-recovery,medium,34.077842712402344,6.912664413452148,2026-07-28T01:50:22Z,0.7019444444444445,Sebastian,NVIDIA GeForce RTX 3090,
BC-Go2PushRecovery-444aece3,BC,go2-push-recovery,medium,30.647235870361328,6.764039516448975,2026-07-22T16:48:56Z,0.6722222222222223,Sebastian,NVIDIA GeForce RTX 3090,
BC-Go2PushRecovery-627ce80a,BC,go2-push-recovery,medium,32.74978594858183,12.817662344877046,2026-09-26T23:14:32Z,2.1119444444444446,dgx-H100-02,NVIDIA H100 80GB HBM3,
BC-Go2PushRecovery-5adca331,BC,go2-push-recovery,medium-expert,51.578582763671875,7.394442081451416,2026-07-28T02:32:42Z,0.8752777777777778,Sebastian,NVIDIA GeForce RTX 3090,
BC-Go2PushRecovery-7b925de8,BC,go2-push-recovery,medium-expert,52.93989181518555,7.480866432189941,2026-07-22T17:30:07Z,0.8694444444444445,Sebastian,NVIDIA GeForce RTX 3090,
BC-Go2PushRecovery-f1548d85,BC,go2-push-recovery,medium-expert,49.179971860118805,13.487379280542829,2026-09-26T23:35:31Z,2.1030555555555557,dgx-H100-02,NVIDIA H100 80GB HBM3,
BC-Go2PushRecovery-06723141,BC,go2-push-recovery,medium-replay,16.217893600463867,3.78455114364624,2026-07-22T18:22:33Z,0.4247222222222222,Sebastian,NVIDIA GeForce RTX 3090,
BC-Go2PushRecovery-188c6659,BC,go2-push-recovery,medium-replay,17.09268569946289,2.7210025787353516,2026-07-28T03:25:26Z,0.4438888888888889,Sebastian,NVIDIA GeForce RTX 3090,
BC-Go2PushRecovery-e26f868e,BC,go2-push-recovery,medium-replay,11.080449532574232,8.448531698748312,2026-09-26T23:35:40Z,1.4469444444444444,dgx-H100-02,NVIDIA H100 80GB HBM3,
BC-Go2RoughCurriculum-6497e81a,BC,go2-rough-terrain,expert,71.50846862792969,26.05537223815918,2026-07-23T13:38:48Z,1.5758333333333334,jarbas,NVIDIA GeForce RTX 3090,
BC-Go2RoughCurriculum-aa015118,BC,go2-rough-terrain,expert,92.4588217678825,43.12977533832453,2026-09-27T01:37:27Z,2.065,dgx-H100-02,NVIDIA H100 80GB HBM3,
BC-Go2RoughCurriculum-ae40150c,BC,go2-rough-terrain,expert,72.9622802734375,30.97157096862793,2026-07-29T07:41:43Z,1.9391666666666667,Sebastian,NVIDIA GeForce RTX 3090,
BC-Go2RoughCurriculum-1fd8aa3c,BC,go2-rough-terrain,medium,45.71220779418945,17.80980110168457,2026-07-29T09:38:24Z,1.7869444444444444,Sebastian,NVIDIA GeForce RTX 3090,
BC-Go2RoughCurriculum-b4b4f60f,BC,go2-rough-terrain,medium,54.16887757884565,23.141885550499005,2026-09-27T01:40:21Z,2.0955555555555554,dgx-H100-02,NVIDIA H100 80GB HBM3,
BC-Go2RoughCurriculum-ff09c5ce,BC,go2-rough-terrain,medium,39.69858169555664,17.305864334106445,2026-07-23T15:15:49Z,1.4408333333333334,jarbas,NVIDIA GeForce RTX 3090,
BC-Go2RoughCurriculum-01e0abd4,BC,go2-rough-terrain,medium-expert,55.50059127807617,21.637428283691406,2026-07-29T11:25:52Z,1.815,Sebastian,NVIDIA GeForce RTX 3090,
BC-Go2RoughCurriculum-5911c881,BC,go2-rough-terrain,medium-expert,74.32536207868256,35.29300634436823,2026-09-27T01:40:48Z,2.088888888888889,dgx-H100-02,NVIDIA H100 80GB HBM3,
BC-Go2RoughCurriculum-a77e4ed6,BC,go2-rough-terrain,medium-expert,46.5298957824707,18.711994171142575,2026-07-23T16:44:18Z,1.4055555555555554,jarbas,NVIDIA GeForce RTX 3090,
BC-Go2RoughCurriculum-c386ab90,BC,go2-rough-terrain,medium-replay,33.838809967041016,14.376134872436523,2026-07-29T13:15:32Z,1.0811111111111111,Sebastian,NVIDIA GeForce RTX 3090,
BC-Go2RoughCurriculum-f118da38,BC,go2-rough-terrain,medium-replay,20.937911987304688,9.545416831970217,2026-07-23T18:09:17Z,0.8227777777777778,jarbas,NVIDIA GeForce RTX 3090,
BC-Go2RoughCurriculum-f134ad2e,BC,go2-rough-terrain,medium-replay,38.10610539714892,16.07956662885581,2026-09-27T01:41:31Z,1.9902777777777778,dgx-H100-02,NVIDIA H100 80GB HBM3,
BC-H1JoystickGaitTracking-1bdcbbee,BC,h1-gait-tracking,expert,74.41147211608526,,2026-09-27T03:39:28Z,2.0188888888888887,dgx-H100-02,NVIDIA H100 80GB HBM3,
BC-H1JoystickGaitTracking-70270a85,BC,h1-gait-tracking,expert,104.78055572509766,,2026-07-23T19:40:25Z,5.121666666666667,Sebastian,NVIDIA GeForce RTX 3090,
BC-H1JoystickGaitTracking-9ad75407,BC,h1-gait-tracking,expert,79.62021738872743,,2026-09-27T15:49:34Z,2.8222222222222224,dgx-H100-02,NVIDIA H100 80GB HBM3,
BC-H1JoystickGaitTracking-50cae4b3,BC,h1-gait-tracking,medium,103.80660247802734,,2026-07-24T00:47:56Z,5.25,Sebastian,NVIDIA GeForce RTX 3090,
BC-H1JoystickGaitTracking-5389211e,BC,h1-gait-tracking,medium,91.0343069379408,,2026-09-27T15:49:34Z,2.8369444444444443,dgx-H100-02,NVIDIA H100 80GB HBM3,
BC-H1JoystickGaitTracking-d72bc1b6,BC,h1-gait-tracking,medium,82.97563236923352,,2026-09-27T03:39:33Z,2.2969444444444442,dgx-H100-02,NVIDIA H100 80GB HBM3,
BC-H1JoystickGaitTracking-190cc0c5,BC,h1-gait-tracking,medium-expert,94.49314952478834,,2026-09-27T03:44:10Z,2.4066666666666667,dgx-H100-02,NVIDIA H100 80GB HBM3,
BC-H1JoystickGaitTracking-514b59fe,BC,h1-gait-tracking,medium-expert,88.03520546146282,,2026-09-27T15:49:35Z,2.602777777777778,dgx-H100-02,NVIDIA H100 80GB HBM3,
BC-H1JoystickGaitTracking-cd23d29f,BC,h1-gait-tracking,medium-expert,104.85113525390624,,2026-07-24T06:03:21Z,5.347777777777778,Sebastian,NVIDIA GeForce RTX 3090,
BC-H1JoystickGaitTracking-2cece436,BC,h1-gait-tracking,medium-replay,0.009896471165120602,,2026-09-15T13:16:55Z,0.09472222222222222,jarbas,NVIDIA GeForce RTX 3090,
BC-H1JoystickGaitTracking-9032b744,BC,h1-gait-tracking,medium-replay,-0.00023839676398761,,2026-09-27T03:44:19Z,0.21833333333333332,dgx-H100-02,NVIDIA H100 80GB HBM3,
BC-H1JoystickGaitTracking-a7963199,BC,h1-gait-tracking,medium-replay,0.01023563276976347,,2026-07-24T11:44:22Z,0.12638888888888888,Sebastian,NVIDIA GeForce RTX 3090,
CQL-G1JoystickFlatTerrain-08cd4b9a,CQL,g1-joystick-direction,expert,-3.1980953216552734,,2026-08-13T17:37:24Z,2.6197222222222223,ovx-l40s-01,NVIDIA L40S,17.29908561706543
CQL-G1JoystickFlatTerrain-ccd7dedd,CQL,g1-joystick-direction,expert,-3.4074573516845703,,2026-09-17T05:53:40Z,3.1197222222222223,dgx-H100-02,NVIDIA H100 80GB HBM3,12.580939292907717
CQL-G1JoystickFlatTerrain-d36d62f2,CQL,g1-joystick-direction,expert,-3.034557342529297,,2026-09-17T06:28:35Z,3.128888888888889,dgx-H100-02,NVIDIA H100 80GB HBM3,19.60804557800293
CQL-G1JoystickFlatTerrain-594ee536,CQL,g1-joystick-direction,medium,33.22280502319336,,2026-09-17T06:45:55Z,16.188055555555554,dgx-H100-02,NVIDIA H100 80GB HBM3,1000000.0
CQL-G1JoystickFlatTerrain-5a766896,CQL,g1-joystick-direction,medium,34.18511962890625,,2026-09-17T07:21:30Z,16.15888888888889,dgx-H100-02,NVIDIA H100 80GB HBM3,1000000.0
CQL-G1JoystickFlatTerrain-c55c7a97,CQL,g1-joystick-direction,medium,30.357376098632812,,2026-08-13T20:14:55Z,11.739444444444445,ovx-l40s-01,NVIDIA L40S,1000000.0
CQL-G1JoystickFlatTerrain-49cd07cb,CQL,g1-joystick-direction,medium-expert,-1.628639578819275,,2026-09-17T09:01:10Z,3.245,dgx-H100-02,NVIDIA H100 80GB HBM3,5.468055248260498
CQL-G1JoystickFlatTerrain-b84ad58f,CQL,g1-joystick-direction,medium-expert,-2.698272705078125,,2026-08-14T07:59:35Z,2.2708333333333335,ovx-l40s-01,NVIDIA L40S,0.027443980798125267
CQL-G1JoystickFlatTerrain-bc81bb0a,CQL,g1-joystick-direction,medium-expert,-7.885844230651856,,2026-09-17T09:36:35Z,3.2258333333333336,dgx-H100-02,NVIDIA H100 80GB HBM3,0.12782259285449982
CQL-G1JoystickFlatTerrain-3bb8bb64,CQL,g1-joystick-direction,medium-replay,4.582223415374756,,2026-08-14T10:16:09Z,5.527222222222222,ovx-l40s-01,NVIDIA L40S,1000000.0
CQL-G1JoystickFlatTerrain-c648ed0f,CQL,g1-joystick-direction,medium-replay,6.56333065032959,,2026-09-17T09:55:45Z,8.01361111111111,dgx-H100-02,NVIDIA H100 80GB HBM3,1000000.0
CQL-G1JoystickFlatTerrain-c9aa74be,CQL,g1-joystick-direction,medium-replay,3.4230713844299316,,2026-09-17T10:01:47Z,7.3886111111111115,dgx-H100-02,NVIDIA H100 80GB HBM3,1000000.0
CQL-Go2JoystickFlatTerrain-26af64f7,CQL,go2-flat-forward,expert,-50.43851089477539,,2026-09-17T00:09:47Z,2.4608333333333334,dgx-H100-02,NVIDIA H100 80GB HBM3,1000000.0
CQL-Go2JoystickFlatTerrain-8d4041f0,CQL,go2-flat-forward,expert,-50.46248626708984,,2026-08-10T03:37:34Z,2.839166666666667,ovx-l40s-01,NVIDIA L40S,1000000.0
CQL-Go2JoystickFlatTerrain-a42e12cb,CQL,go2-flat-forward,expert,-50.48542022705078,,2026-09-17T01:36:39Z,1.9272222222222222,dgx-H100-02,NVIDIA H100 80GB HBM3,1000000.0
CQL-Go2JoystickFlatTerrain-5da69424,CQL,go2-flat-forward,medium,59.681488037109375,,2026-08-10T06:28:13Z,22.344166666666666,ovx-l40s-01,NVIDIA L40S,1000000.0
CQL-Go2JoystickFlatTerrain-98d95322,CQL,go2-flat-forward,medium,58.35822296142578,,2026-09-17T00:59:53Z,18.811944444444446,dgx-H100-02,NVIDIA H100 80GB HBM3,1000000.0
CQL-Go2JoystickFlatTerrain-e9dbd3fd,CQL,go2-flat-forward,medium,60.53195571899414,,2026-09-17T01:41:20Z,19.334444444444443,dgx-H100-02,NVIDIA H100 80GB HBM3,1000000.0
CQL-Go2JoystickFlatTerrain-52d18f70,CQL,go2-flat-forward,medium-expert,-50.292842864990234,,2026-09-17T01:58:30Z,3.578333333333333,dgx-H100-02,NVIDIA H100 80GB HBM3,0.0010086257243528962
CQL-Go2JoystickFlatTerrain-76856189,CQL,go2-flat-forward,medium-expert,-48.56578063964844,,2026-09-17T01:58:09Z,3.2441666666666666,dgx-H100-02,NVIDIA H100 80GB HBM3,6.484842742793262e-06
CQL-Go2JoystickFlatTerrain-cbffc759,CQL,go2-flat-forward,medium-expert,-49.639366149902344,,2026-08-11T04:49:14Z,3.9180555555555556,ovx-l40s-01,NVIDIA L40S,1.1564335409275373e-06
CQL-Go2JoystickFlatTerrain-631e4c74,CQL,go2-flat-forward,medium-replay,73.41073608398438,,2026-09-17T02:37:45Z,19.1175,dgx-H100-02,NVIDIA H100 80GB HBM3,1000000.0
CQL-Go2JoystickFlatTerrain-d64a6eb8,CQL,go2-flat-forward,medium-replay,70.29754638671875,,2026-08-11T08:44:40Z,22.156666666666666,ovx-l40s-01,NVIDIA L40S,1000000.0
CQL-Go2JoystickFlatTerrain-e9bef12d,CQL,go2-flat-forward,medium-replay,72.87969207763672,,2026-09-17T02:38:59Z,18.86888888888889,dgx-H100-02,NVIDIA H100 80GB HBM3,1000000.0
CQL-Go2Footstand-25ecbd73,CQL,go2-footstand,expert,0.1594858169555664,,2026-09-16T13:35:51Z,1.6083333333333334,dgx-H100-02,NVIDIA H100 80GB HBM3,1000000.0
CQL-Go2Footstand-57c16b1e,CQL,go2-footstand,expert,0.03359236940741539,,2026-08-06T17:09:49Z,1.6005555555555555,ovx-l40s-01,NVIDIA L40S,1000000.0
CQL-Go2Footstand-bf605063,CQL,go2-footstand,expert,0.371522068977356,,2026-09-16T12:24:14Z,1.6233333333333333,dgx-H100-02,NVIDIA H100 80GB HBM3,1000000.0
CQL-Go2Footstand-47a89292,CQL,go2-footstand,medium,58.17705535888672,,2026-08-06T18:46:12Z,4.087777777777778,ovx-l40s-01,NVIDIA L40S,1000000.0
CQL-Go2Footstand-55f52197,CQL,go2-footstand,medium,64.55074310302734,,2026-09-16T15:12:38Z,5.283611111111111,dgx-H100-02,NVIDIA H100 80GB HBM3,1000000.0
CQL-Go2Footstand-6c0cc32b,CQL,go2-footstand,medium,67.84136962890625,,2026-09-16T14:01:56Z,5.2155555555555555,dgx-H100-02,NVIDIA H100 80GB HBM3,1000000.0
CQL-Go2Footstand-40990660,CQL,go2-footstand,medium-expert,4.977651119232178,,2026-09-16T17:17:43Z,2.2447222222222223,dgx-H100-02,NVIDIA H100 80GB HBM3,1.4658591747283936
CQL-Go2Footstand-a470a0ab,CQL,go2-footstand,medium-expert,3.3666484355926514,,2026-09-16T16:55:54Z,2.248611111111111,dgx-H100-02,NVIDIA H100 80GB HBM3,0.008406557142734528
CQL-Go2Footstand-f29cd9c1,CQL,go2-footstand,medium-expert,3.8726608753204346,,2026-08-06T22:51:47Z,1.7830555555555556,ovx-l40s-01,NVIDIA L40S,0.0063344379886984825
CQL-Go2Footstand-4d400322,CQL,go2-footstand,medium-replay,58.50553512573242,,2026-09-16T17:01:10Z,4.3469444444444445,dgx-H100-02,NVIDIA H100 80GB HBM3,1000000.0
CQL-Go2Footstand-5c541d14,CQL,go2-footstand,medium-replay,57.993934631347656,,2026-08-07T00:39:04Z,3.4325,ovx-l40s-01,NVIDIA L40S,1000000.0
CQL-Go2Footstand-8a89ead4,CQL,go2-footstand,medium-replay,48.04616928100586,,2026-09-16T17:43:12Z,4.370833333333334,dgx-H100-02,NVIDIA H100 80GB HBM3,1000000.0
CQL-Go2Getup-0cf0af51,CQL,go2-getup,expert,-20.59658432006836,,2026-08-03T17:16:14Z,3.6152777777777776,ovx-l40s-01,NVIDIA L40S,1000000.0
CQL-Go2Getup-c70a3f96,CQL,go2-getup,expert,-2.1027040481567383,,2026-09-16T04:24:25Z,4.614722222222222,dgx-H100-02,NVIDIA H100 80GB HBM3,1000000.0
CQL-Go2Getup-e1d5277b,CQL,go2-getup,expert,-1.3363723754882812,,2026-09-16T03:52:13Z,4.5472222222222225,dgx-H100-02,NVIDIA H100 80GB HBM3,1000000.0
CQL-Go2Getup-04694393,CQL,go2-getup,medium,56.0528450012207,,2026-09-16T06:25:27Z,4.370277777777778,dgx-H100-02,NVIDIA H100 80GB HBM3,1000000.0
CQL-Go2Getup-a8a6960c,CQL,go2-getup,medium,56.10485076904297,,2026-09-16T05:26:46Z,4.573888888888889,dgx-H100-02,NVIDIA H100 80GB HBM3,1000000.0
CQL-Go2Getup-f96ef9ea,CQL,go2-getup,medium,56.22277069091797,,2026-08-03T20:53:31Z,3.6502777777777777,ovx-l40s-01,NVIDIA L40S,1000000.0
CQL-Go2Getup-662055b8,CQL,go2-getup,medium-expert,31.26449203491211,,2026-09-16T06:10:54Z,4.516944444444444,dgx-H100-02,NVIDIA H100 80GB HBM3,2825.666015625
CQL-Go2Getup-977be987,CQL,go2-getup,medium-expert,43.30752182006836,,2026-08-04T00:34:14Z,3.642777777777778,ovx-l40s-01,NVIDIA L40S,1000000.0
CQL-Go2Getup-e01a7e21,CQL,go2-getup,medium-expert,43.258522033691406,,2026-09-16T08:25:21Z,4.4302777777777775,dgx-H100-02,NVIDIA H100 80GB HBM3,619.3992309570312
CQL-Go2Getup-aeb5ba05,CQL,go2-getup,medium-replay,43.63877868652344,,2026-09-16T06:38:02Z,4.487777777777778,dgx-H100-02,NVIDIA H100 80GB HBM3,1000000.0
CQL-Go2Getup-bd4760b1,CQL,go2-getup,medium-replay,48.81875991821289,,2026-08-04T04:13:06Z,3.703888888888889,ovx-l40s-01,NVIDIA L40S,1000000.0
CQL-Go2Getup-f0a8bcf2,CQL,go2-getup,medium-replay,45.53353500366211,,2026-09-16T09:08:18Z,4.454166666666667,dgx-H100-02,NVIDIA H100 80GB HBM3,1000000.0
CQL-Go2GetupWalk-51278fe9,CQL,go2-getup-walk,expert,1.459731101989746,,2026-09-16T09:01:35Z,12.580555555555556,dgx-H100-02,NVIDIA H100 80GB HBM3,631729.375
CQL-Go2GetupWalk-d2e34c30,CQL,go2-getup-walk,expert,-4.657741069793701,,2026-09-16T10:47:58Z,12.806111111111111,dgx-H100-02,NVIDIA H100 80GB HBM3,1000000.0
CQL-Go2GetupWalk-fe8c2c8e,CQL,go2-getup-walk,expert,-5.419459342956543,,2026-08-04T07:55:42Z,14.479722222222222,ovx-l40s-01,NVIDIA L40S,1000000.0
CQL-Go2GetupWalk-3c41ae32,CQL,go2-getup-walk,medium,3.531792640686035,,2026-09-16T11:12:22Z,12.77,dgx-H100-02,NVIDIA H100 80GB HBM3,3.6082065105438232
CQL-Go2GetupWalk-5661a79f,CQL,go2-getup-walk,medium,7.789780139923096,,2026-09-16T10:01:30Z,12.627222222222223,dgx-H100-02,NVIDIA H100 80GB HBM3,7.339444160461426
CQL-Go2GetupWalk-a8743e61,CQL,go2-getup-walk,medium,10.71611213684082,,2026-08-04T22:24:52Z,14.119722222222222,ovx-l40s-01,NVIDIA L40S,2.8843865394592285
CQL-Go2GetupWalk-5c74b476,CQL,go2-getup-walk,medium-expert,4.096142292022705,,2026-09-16T11:13:33Z,12.673055555555555,dgx-H100-02,NVIDIA H100 80GB HBM3,10.374468803405762
CQL-Go2GetupWalk-8ed15ac6,CQL,go2-getup-walk,medium-expert,4.584300518035889,,2026-09-16T10:42:12Z,12.664166666666667,dgx-H100-02,NVIDIA H100 80GB HBM3,30.910253524780273
CQL-Go2GetupWalk-dd13b2f0,CQL,go2-getup-walk,medium-expert,-0.5945881605148315,,2026-08-05T12:32:25Z,14.047777777777778,ovx-l40s-01,NVIDIA L40S,23.06590461730957
CQL-Go2GetupWalk-2f55bd71,CQL,go2-getup-walk,medium-replay,0.9218391180038452,,2026-09-16T11:07:34Z,12.668055555555556,dgx-H100-02,NVIDIA H100 80GB HBM3,1.1967850923538208
CQL-Go2GetupWalk-bb459978,CQL,go2-getup-walk,medium-replay,4.122014045715332,,2026-08-06T02:35:40Z,14.563055555555556,ovx-l40s-01,NVIDIA L40S,0.6606504917144775
CQL-Go2GetupWalk-c256cc9c,CQL,go2-getup-walk,medium-replay,1.9677194356918335,,2026-09-16T12:51:27Z,12.748888888888889,dgx-H100-02,NVIDIA H100 80GB HBM3,0.9432104825973512
CQL-Go2Handstand-4bcb52ce,CQL,go2-handstand,expert,-0.16013257205486298,,2026-09-16T19:08:16Z,2.966111111111111,dgx-H100-02,NVIDIA H100 80GB HBM3,1000000.0
CQL-Go2Handstand-ad2bab39,CQL,go2-handstand,expert,7.111056327819824,,2026-08-07T04:05:19Z,1.5816666666666668,ovx-l40s-01,NVIDIA L40S,1000000.0
CQL-Go2Handstand-c0690cd9,CQL,go2-handstand,expert,7.168245315551758,,2026-09-16T19:14:14Z,1.9719444444444445,dgx-H100-02,NVIDIA H100 80GB HBM3,1000000.0
CQL-Go2Handstand-82e0ef08,CQL,go2-handstand,medium,47.55482482910156,,2026-09-16T19:15:11Z,4.905277777777778,dgx-H100-02,NVIDIA H100 80GB HBM3,1000000.0
CQL-Go2Handstand-d89b782d,CQL,go2-handstand,medium,64.9424057006836,,2026-09-16T19:11:08Z,5.004722222222222,dgx-H100-02,NVIDIA H100 80GB HBM3,1000000.0
CQL-Go2Handstand-f0bed87c,CQL,go2-handstand,medium,61.59641647338867,,2026-08-07T05:40:32Z,3.694166666666667,ovx-l40s-01,NVIDIA L40S,1000000.0
CQL-Go2Handstand-528030d7,CQL,go2-handstand,medium-expert,4.267058372497559,,2026-09-16T19:32:41Z,2.066388888888889,dgx-H100-02,NVIDIA H100 80GB HBM3,0.006228522397577763
CQL-Go2Handstand-79b185cc,CQL,go2-handstand,medium-expert,1.257773518562317,,2026-09-16T20:29:59Z,2.48,dgx-H100-02,NVIDIA H100 80GB HBM3,0.18336865305900577
CQL-Go2Handstand-c528f7ce,CQL,go2-handstand,medium-expert,3.6565117835998535,,2026-08-07T09:22:30Z,1.8569444444444445,ovx-l40s-01,NVIDIA L40S,0.20107722282409668
CQL-Go2Handstand-48f1426e,CQL,go2-handstand,medium-replay,27.907176971435547,,2026-09-16T21:12:51Z,2.1663888888888887,dgx-H100-02,NVIDIA H100 80GB HBM3,1000000.0
CQL-Go2Handstand-4fe51d80,CQL,go2-handstand,medium-replay,0.07417719066143036,,2026-09-16T21:22:17Z,1.7052777777777777,dgx-H100-02,NVIDIA H100 80GB HBM3,1000000.0
CQL-Go2Handstand-c14adeee,CQL,go2-handstand,medium-replay,40.456939697265625,,2026-08-07T11:14:12Z,3.004722222222222,ovx-l40s-01,NVIDIA L40S,1000000.0
CQL-Go2JoystickFlatTerrain-393f2d58,CQL,go2-joystick-direction,expert,-50.315452575683594,,2026-09-16T23:54:13Z,2.0669444444444443,dgx-H100-02,NVIDIA H100 80GB HBM3,0.002132963854819536
CQL-Go2JoystickFlatTerrain-90dbb3f1,CQL,go2-joystick-direction,expert,-49.79375076293945,,2026-09-16T23:22:20Z,2.5922222222222224,dgx-H100-02,NVIDIA H100 80GB HBM3,0.0014612983213737607
CQL-Go2JoystickFlatTerrain-f5638a4f,CQL,go2-joystick-direction,expert,-32.49065399169922,,2026-08-08T16:18:58Z,4.09,ovx-l40s-01,NVIDIA L40S,6.764440172446484e-07
CQL-Go2JoystickFlatTerrain-2f760f70,CQL,go2-joystick-direction,medium,-5.4485063552856445,,2026-08-08T20:24:41Z,9.283055555555556,ovx-l40s-01,NVIDIA L40S,0.0014822098892182112
CQL-Go2JoystickFlatTerrain-4e8171bd,CQL,go2-joystick-direction,medium,-27.397918701171875,,2026-09-16T23:23:10Z,6.503611111111111,dgx-H100-02,NVIDIA H100 80GB HBM3,0.0018536743009462953
CQL-Go2JoystickFlatTerrain-dcd621e8,CQL,go2-joystick-direction,medium,-26.103479385375977,,2026-09-16T23:58:51Z,6.490555555555556,dgx-H100-02,NVIDIA H100 80GB HBM3,0.0013944910606369376
CQL-Go2JoystickFlatTerrain-9b7536ef,CQL,go2-joystick-direction,medium-expert,-49.70866012573242,,2026-09-17T00:11:43Z,2.4491666666666667,dgx-H100-02,NVIDIA H100 80GB HBM3,0.0003155783051624894
CQL-Go2JoystickFlatTerrain-a9832866,CQL,go2-joystick-direction,medium-expert,-44.05836868286133,,2026-09-16T23:47:57Z,4.165555555555556,dgx-H100-02,NVIDIA H100 80GB HBM3,0.005882947705686092
CQL-Go2JoystickFlatTerrain-c1dea74d,CQL,go2-joystick-direction,medium-expert,0.8408302664756775,,2026-08-09T05:42:02Z,7.822777777777778,ovx-l40s-01,NVIDIA L40S,1000000.0
CQL-Go2JoystickFlatTerrain-4c266784,CQL,go2-joystick-direction,medium-replay,62.36073303222656,,2026-09-16T23:55:47Z,10.095277777777778,dgx-H100-02,NVIDIA H100 80GB HBM3,1000000.0
CQL-Go2JoystickFlatTerrain-a9878531,CQL,go2-joystick-direction,medium-replay,49.08344268798828,,2026-08-09T13:31:47Z,14.091111111111111,ovx-l40s-01,NVIDIA L40S,1000000.0
CQL-Go2JoystickFlatTerrain-e9acc0f0,CQL,go2-joystick-direction,medium-replay,47.368682861328125,,2026-09-17T00:39:07Z,9.563055555555556,dgx-H100-02,NVIDIA H100 80GB HBM3,1000000.0
CQL-Go2PushRecovery-16b7dbb0,CQL,go2-push-recovery,expert,-1.2912647724151611,-1.6497857570648191,2026-09-16T22:06:31Z,2.5383333333333336,dgx-H100-02,NVIDIA H100 80GB HBM3,0.05522869527339935
CQL-Go2PushRecovery-794951fa,CQL,go2-push-recovery,expert,-1.8046743869781496,-1.8921858072280884,2026-08-07T14:14:52Z,2.8008333333333333,ovx-l40s-01,NVIDIA L40S,0.0512564592063427
CQL-Go2PushRecovery-7b7fca2d,CQL,go2-push-recovery,expert,-1.570406794548035,-1.826628804206848,2026-09-16T21:36:43Z,2.312777777777778,dgx-H100-02,NVIDIA H100 80GB HBM3,0.027919800952076912
CQL-Go2PushRecovery-20170997,CQL,go2-push-recovery,medium,37.22962188720703,10.40479850769043,2026-09-16T21:36:57Z,6.5680555555555555,dgx-H100-02,NVIDIA H100 80GB HBM3,1000000.0
CQL-Go2PushRecovery-74745dbe,CQL,go2-push-recovery,medium,40.81478118896485,11.369145393371582,2026-08-07T17:03:17Z,10.448888888888888,ovx-l40s-01,NVIDIA L40S,1000000.0
CQL-Go2PushRecovery-876eacf2,CQL,go2-push-recovery,medium,33.588958740234375,9.385964393615724,2026-09-16T22:59:04Z,6.370833333333334,dgx-H100-02,NVIDIA H100 80GB HBM3,1000000.0
CQL-Go2PushRecovery-9e5337e0,CQL,go2-push-recovery,medium-expert,11.02258014678955,4.777239799499512,2026-08-08T03:30:36Z,3.9105555555555553,ovx-l40s-01,NVIDIA L40S,6.237070560455322
CQL-Go2PushRecovery-aa3d602a,CQL,go2-push-recovery,medium-expert,-0.27616435289382935,-1.0432758331298828,2026-09-16T22:05:46Z,2.8969444444444443,dgx-H100-02,NVIDIA H100 80GB HBM3,0.07182282209396362
CQL-Go2PushRecovery-cbfca24d,CQL,go2-push-recovery,medium-expert,-1.1290847063064575,-0.8440260887145996,2026-09-16T23:04:53Z,2.6025,dgx-H100-02,NVIDIA H100 80GB HBM3,0.005620101932436228
CQL-Go2PushRecovery-db13abe0,CQL,go2-push-recovery,medium-replay,36.12691879272461,9.748167991638184,2026-08-08T07:25:37Z,8.882777777777777,ovx-l40s-01,NVIDIA L40S,1000000.0
CQL-Go2PushRecovery-ebb21b3f,CQL,go2-push-recovery,medium-replay,37.288429260253906,10.403290748596191,2026-09-16T23:36:37Z,5.898055555555556,dgx-H100-02,NVIDIA H100 80GB HBM3,1000000.0
CQL-Go2PushRecovery-ef7a7e6f,CQL,go2-push-recovery,medium-replay,36.25457000732422,9.555240631103516,2026-09-16T22:39:26Z,5.681666666666667,dgx-H100-02,NVIDIA H100 80GB HBM3,1000000.0
CQL-Go2RoughCurriculum-0a64b740,CQL,go2-rough-terrain,expert,-5.203188419342041,-5.31315279006958,2026-08-12T06:54:23Z,2.9916666666666667,ovx-l40s-01,NVIDIA L40S,6.019850115990266e-05
CQL-Go2RoughCurriculum-69c321fe,CQL,go2-rough-terrain,expert,-5.366734981536865,-5.423638343811035,2026-09-17T03:32:35Z,3.2169444444444446,dgx-H100-02,NVIDIA H100 80GB HBM3,0.019870927557349205
CQL-Go2RoughCurriculum-f853750b,CQL,go2-rough-terrain,expert,-5.378283977508545,-5.527753829956055,2026-09-17T03:58:11Z,3.383611111111111,dgx-H100-02,NVIDIA H100 80GB HBM3,0.006421834696084261
CQL-Go2RoughCurriculum-6e8e9a43,CQL,go2-rough-terrain,medium,46.551212310791016,20.853271484375,2026-08-12T09:54:12Z,17.878055555555555,ovx-l40s-01,NVIDIA L40S,1000000.0
CQL-Go2RoughCurriculum-ab707794,CQL,go2-rough-terrain,medium,46.7902946472168,22.741247177124023,2026-09-17T04:11:19Z,14.725833333333334,dgx-H100-02,NVIDIA H100 80GB HBM3,1000000.0
CQL-Go2RoughCurriculum-ea9fd0a5,CQL,go2-rough-terrain,medium,47.41712951660156,23.828033447265625,2026-09-17T05:21:36Z,14.715555555555556,dgx-H100-02,NVIDIA H100 80GB HBM3,1000000.0
CQL-Go2RoughCurriculum-0f40d674,CQL,go2-rough-terrain,medium-expert,9.926369667053224,7.393068790435791,2026-09-17T05:30:48Z,7.511388888888889,dgx-H100-02,NVIDIA H100 80GB HBM3,0.0026008854620158672
CQL-Go2RoughCurriculum-aeb6a979,CQL,go2-rough-terrain,medium-expert,9.264607429504396,8.134169578552246,2026-08-13T03:47:15Z,7.688055555555556,ovx-l40s-01,NVIDIA L40S,0.018448136746883392
CQL-Go2RoughCurriculum-c013abf3,CQL,go2-rough-terrain,medium-expert,-3.879409313201904,-4.249999046325684,2026-09-17T04:20:36Z,6.093055555555556,dgx-H100-02,NVIDIA H100 80GB HBM3,0.1182042881846428
CQL-Go2RoughCurriculum-91a45d7c,CQL,go2-rough-terrain,medium-replay,16.372840881347656,6.695698261260986,2026-08-13T11:28:52Z,6.1369444444444445,ovx-l40s-01,NVIDIA L40S,1000000.0
CQL-Go2RoughCurriculum-c4972256,CQL,go2-rough-terrain,medium-replay,11.51015567779541,0.06306276470422745,2026-09-17T05:33:30Z,4.365833333333334,dgx-H100-02,NVIDIA H100 80GB HBM3,1000000.0
CQL-Go2RoughCurriculum-f05997c6,CQL,go2-rough-terrain,medium-replay,16.123275756835938,2.8253917694091797,2026-09-17T05:13:06Z,5.802777777777778,dgx-H100-02,NVIDIA H100 80GB HBM3,1000000.0
CQL-H1JoystickGaitTracking-70c29f6b,CQL,h1-gait-tracking,expert,-0.03626773878931999,,2026-09-17T10:26:30Z,1.6547222222222222,dgx-H100-02,NVIDIA H100 80GB HBM3,1000000.0
CQL-H1JoystickGaitTracking-7df579a1,CQL,h1-gait-tracking,expert,1.8307476898573567,,2026-10-01T19:04:12Z,1.2383333333333333,jarbas,NVIDIA GeForce RTX 3090,1000000.0
CQL-H1JoystickGaitTracking-af93952e,CQL,h1-gait-tracking,expert,-0.01517497468739748,,2026-09-17T10:13:11Z,1.6852777777777779,dgx-H100-02,NVIDIA H100 80GB HBM3,1000000.0
CQL-H1JoystickGaitTracking-7b906e34,CQL,h1-gait-tracking,medium,79.6038206544914,,2026-10-01T20:18:42Z,2.415,jarbas,NVIDIA GeForce RTX 3090,1000000.0
CQL-H1JoystickGaitTracking-94abe4f8,CQL,h1-gait-tracking,medium,86.88371276855469,,2026-09-17T11:54:35Z,15.151111111111112,dgx-H100-02,NVIDIA H100 80GB HBM3,1000000.0
CQL-H1JoystickGaitTracking-b424c685,CQL,h1-gait-tracking,medium,86.1960678100586,,2026-09-17T11:01:33Z,15.590555555555556,dgx-H100-02,NVIDIA H100 80GB HBM3,1000000.0
CQL-H1JoystickGaitTracking-197c32f0,CQL,h1-gait-tracking,medium-expert,-0.03424675017595291,,2026-09-17T12:52:05Z,1.573888888888889,dgx-H100-02,NVIDIA H100 80GB HBM3,0.03525850921869278
CQL-H1JoystickGaitTracking-31d7f96a,CQL,h1-gait-tracking,medium-expert,-0.02993137203156948,,2026-09-17T12:06:04Z,1.543611111111111,dgx-H100-02,NVIDIA H100 80GB HBM3,0.04210459068417549
CQL-H1JoystickGaitTracking-4e20b33e,CQL,h1-gait-tracking,medium-expert,-0.0342206316142595,,2026-10-01T20:36:18Z,1.4113888888888888,jarbas,NVIDIA GeForce RTX 3090,0.065309539437294
CQL-H1JoystickGaitTracking-8f123306,CQL,h1-gait-tracking,medium-replay,87.58264923095703,,2026-09-17T13:01:48Z,9.460555555555555,dgx-H100-02,NVIDIA H100 80GB HBM3,1000000.0
CQL-H1JoystickGaitTracking-a26fb81a,CQL,h1-gait-tracking,medium-replay,19.68327203389355,,2026-10-01T20:36:19Z,2.1819444444444445,jarbas,NVIDIA GeForce RTX 3090,1000000.0
CQL-H1JoystickGaitTracking-e3334be0,CQL,h1-gait-tracking,medium-replay,56.30499267578125,,2026-09-17T12:16:11Z,9.453333333333333,dgx-H100-02,NVIDIA H100 80GB HBM3,1000000.0
DT-G1JoystickFlatTerrain-02d2381c,DT,g1-joystick-direction,expert,82.5917164133364,,2026-09-30T02:15:35Z,5.135,dgx-H100-02,NVIDIA H100 80GB HBM3,
DT-G1JoystickFlatTerrain-77277f5f,DT,g1-joystick-direction,expert,77.07962036132812,,2026-09-21T20:01:58Z,17.418055555555554,dgx-H100-02,NVIDIA H100 80GB HBM3,
DT-G1JoystickFlatTerrain-78ebc084,DT,g1-joystick-direction,expert,78.4744656778482,,2026-09-30T02:48:34Z,5.030833333333334,dgx-H100-02,NVIDIA H100 80GB HBM3,
DT-G1JoystickFlatTerrain-9bc05cbb,DT,g1-joystick-direction,medium,28.63289968693702,,2026-09-30T03:11:58Z,7.055555555555555,dgx-H100-02,NVIDIA H100 80GB HBM3,
DT-G1JoystickFlatTerrain-aba2facc,DT,g1-joystick-direction,medium,32.91180789587745,,2026-09-30T03:03:28Z,6.681666666666667,dgx-H100-02,NVIDIA H100 80GB HBM3,
DT-G1JoystickFlatTerrain-b0b0d4ab,DT,g1-joystick-direction,medium,33.356361389160156,,2026-09-21T21:51:02Z,12.1875,dgx-H100-02,NVIDIA H100 80GB HBM3,
DT-G1JoystickFlatTerrain-11fcd40a,DT,g1-joystick-direction,medium-expert,48.735222147469855,,2026-09-30T03:50:26Z,6.036666666666667,dgx-H100-02,NVIDIA H100 80GB HBM3,
DT-G1JoystickFlatTerrain-8052afa3,DT,g1-joystick-direction,medium-expert,44.65144121162938,,2026-09-30T03:47:44Z,5.854722222222223,dgx-H100-02,NVIDIA H100 80GB HBM3,
DT-G1JoystickFlatTerrain-f15c1f08,DT,g1-joystick-direction,medium-expert,52.462059020996094,,2026-09-22T01:52:02Z,15.608055555555556,dgx-H100-02,NVIDIA H100 80GB HBM3,
DT-G1JoystickFlatTerrain-9b2834a5,DT,g1-joystick-direction,medium-replay,6.1742797097183315,,2026-10-01T16:29:36Z,17.37,dgx-H100-02,NVIDIA H100 80GB HBM3,
DT-G1JoystickFlatTerrain-a7a309f8,DT,g1-joystick-direction,medium-replay,8.192110118598585,,2026-10-02T11:08:27Z,6.950277777777778,jarbas,NVIDIA GeForce RTX 3090,
DT-G1JoystickFlatTerrain-ca86ec81,DT,g1-joystick-direction,medium-replay,7.284066200256348,,2026-09-22T02:45:53Z,18.466666666666665,dgx-H100-02,NVIDIA H100 80GB HBM3,
DT-Go2JoystickFlatTerrain-5327e9e3,DT,go2-flat-forward,expert,97.8152659631147,,2026-09-29T20:26:09Z,3.577777777777778,dgx-H100-02,NVIDIA H100 80GB HBM3,
DT-Go2JoystickFlatTerrain-66229552,DT,go2-flat-forward,expert,97.52449035644533,,2026-09-21T02:35:30Z,17.435277777777777,dgx-H100-02,NVIDIA H100 80GB HBM3,
DT-Go2JoystickFlatTerrain-d761ce81,DT,go2-flat-forward,expert,97.8471454903276,,2026-09-29T20:45:28Z,3.5780555555555558,dgx-H100-02,NVIDIA H100 80GB HBM3,
DT-Go2JoystickFlatTerrain-40fdf2e4,DT,go2-flat-forward,medium,64.84882589940166,,2026-09-29T20:51:51Z,3.5794444444444444,dgx-H100-02,NVIDIA H100 80GB HBM3,
DT-Go2JoystickFlatTerrain-46cbae06,DT,go2-flat-forward,medium,65.52335110770814,,2026-09-29T20:45:52Z,3.6486111111111112,dgx-H100-02,NVIDIA H100 80GB HBM3,
DT-Go2JoystickFlatTerrain-d936e3bd,DT,go2-flat-forward,medium,64.12542724609375,,2026-09-21T04:11:49Z,17.645833333333332,dgx-H100-02,NVIDIA H100 80GB HBM3,
DT-Go2JoystickFlatTerrain-719c6966,DT,go2-flat-forward,medium-expert,76.18227709847758,,2026-09-29T20:54:51Z,3.5275,dgx-H100-02,NVIDIA H100 80GB HBM3,
DT-Go2JoystickFlatTerrain-81004c11,DT,go2-flat-forward,medium-expert,71.8522874050861,,2026-09-29T20:47:02Z,3.4541666666666666,dgx-H100-02,NVIDIA H100 80GB HBM3,
DT-Go2JoystickFlatTerrain-85a9b735,DT,go2-flat-forward,medium-expert,71.3074951171875,,2026-09-21T08:23:21Z,17.855,dgx-H100-02,NVIDIA H100 80GB HBM3,
DT-Go2JoystickFlatTerrain-7faabe11,DT,go2-flat-forward,medium-replay,67.33188958674188,,2026-09-29T22:30:36Z,5.948333333333333,dgx-H100-02,NVIDIA H100 80GB HBM3,
DT-Go2JoystickFlatTerrain-99223559,DT,go2-flat-forward,medium-replay,65.6973876953125,,2026-09-21T10:16:47Z,20.324444444444445,dgx-H100-02,NVIDIA H100 80GB HBM3,
DT-Go2JoystickFlatTerrain-d621faf1,DT,go2-flat-forward,medium-replay,70.90999227625551,,2026-09-29T22:58:39Z,6.100555555555555,dgx-H100-02,NVIDIA H100 80GB HBM3,
DT-Go2Footstand-59ff0d62,DT,go2-footstand,expert,97.27637714986328,,2026-09-29T13:00:08Z,2.0947222222222224,dgx-H100-02,NVIDIA H100 80GB HBM3,
DT-Go2Footstand-674a5871,DT,go2-footstand,expert,98.6137237548828,,2026-09-20T01:45:24Z,9.0525,dgx-H100-02,NVIDIA H100 80GB HBM3,
DT-Go2Footstand-9c480354,DT,go2-footstand,expert,98.8807989801236,,2026-09-29T13:02:37Z,2.305277777777778,dgx-H100-02,NVIDIA H100 80GB HBM3,
DT-Go2Footstand-19999c7a,DT,go2-footstand,medium,43.58100072924925,,2026-09-29T13:02:38Z,2.5283333333333333,dgx-H100-02,NVIDIA H100 80GB HBM3,
DT-Go2Footstand-37a65d4b,DT,go2-footstand,medium,43.71737176458845,,2026-09-29T13:04:38Z,2.485,dgx-H100-02,NVIDIA H100 80GB HBM3,
DT-Go2Footstand-b6f4202f,DT,go2-footstand,medium,34.277103424072266,,2026-09-20T01:52:28Z,5.6930555555555555,dgx-H100-02,NVIDIA H100 80GB HBM3,
DT-Go2Footstand-42b3c1ed,DT,go2-footstand,medium-expert,98.08099282563823,,2026-09-29T13:10:43Z,2.209722222222222,dgx-H100-02,NVIDIA H100 80GB HBM3,
DT-Go2Footstand-9a5dc5ca,DT,go2-footstand,medium-expert,98.49351501464844,,2026-09-20T02:58:53Z,9.0675,dgx-H100-02,NVIDIA H100 80GB HBM3,
DT-Go2Footstand-b16e8682,DT,go2-footstand,medium-expert,96.72809776030596,,2026-09-29T13:08:20Z,2.4363888888888887,dgx-H100-02,NVIDIA H100 80GB HBM3,
DT-Go2Footstand-0ba44d48,DT,go2-footstand,medium-replay,31.046838967041857,,2026-09-29T13:12:28Z,20.498055555555556,dgx-H100-02,NVIDIA H100 80GB HBM3,
DT-Go2Footstand-82d871d3,DT,go2-footstand,medium-replay,67.22209930419922,,2026-09-20T03:51:42Z,18.679166666666667,dgx-H100-02,NVIDIA H100 80GB HBM3,
DT-Go2Footstand-8a7a9fe0,DT,go2-footstand,medium-replay,23.39163719968456,,2026-09-29T13:17:35Z,21.20916666666667,dgx-H100-02,NVIDIA H100 80GB HBM3,
DT-Go2Getup-04f583ef,DT,go2-getup,expert,32.8331730105045,,2026-09-29T11:10:49Z,1.8547222222222222,dgx-H100-02,NVIDIA H100 80GB HBM3,
DT-Go2Getup-4757e4c0,DT,go2-getup,expert,30.260875701904297,,2026-09-19T15:41:16Z,6.256388888888889,dgx-H100-02,NVIDIA H100 80GB HBM3,
DT-Go2Getup-ffc425e9,DT,go2-getup,expert,31.53793392167745,,2026-09-29T11:10:45Z,1.8913888888888888,dgx-H100-02,NVIDIA H100 80GB HBM3,
DT-Go2Getup-18c7ec24,DT,go2-getup,medium,45.182361393003234,,2026-09-29T11:10:40Z,1.9538888888888888,dgx-H100-02,NVIDIA H100 80GB HBM3,
DT-Go2Getup-788c1bd4,DT,go2-getup,medium,38.01140594482422,,2026-09-19T19:17:56Z,5.9475,dgx-H100-02,NVIDIA H100 80GB HBM3,
DT-Go2Getup-7e07f43f,DT,go2-getup,medium,45.708010687974074,,2026-09-29T11:10:47Z,1.991111111111111,dgx-H100-02,NVIDIA H100 80GB HBM3,
DT-Go2Getup-22681851,DT,go2-getup,medium-expert,43.37198396749516,,2026-09-29T11:10:47Z,2.1066666666666665,dgx-H100-02,NVIDIA H100 80GB HBM3,
DT-Go2Getup-38ce287e,DT,go2-getup,medium-expert,38.827781677246094,,2026-09-19T21:04:12Z,5.905555555555556,dgx-H100-02,NVIDIA H100 80GB HBM3,
DT-Go2Getup-bea5d05a,DT,go2-getup,medium-expert,46.081932290239855,,2026-09-29T11:10:40Z,2.0225,dgx-H100-02,NVIDIA H100 80GB HBM3,
DT-Go2Getup-238c38ce,DT,go2-getup,medium-replay,35.82160949707031,,2026-09-19T21:56:58Z,5.907222222222222,dgx-H100-02,NVIDIA H100 80GB HBM3,
DT-Go2Getup-c4e859ab,DT,go2-getup,medium-replay,28.95964278534768,,2026-09-29T11:10:47Z,1.8577777777777778,dgx-H100-02,NVIDIA H100 80GB HBM3,
DT-Go2Getup-e41585eb,DT,go2-getup,medium-replay,38.86654065577952,,2026-09-29T11:10:47Z,1.8155555555555556,dgx-H100-02,NVIDIA H100 80GB HBM3,
DT-Go2GetupWalk-a7d540d4,DT,go2-getup-walk,expert,49.81539752455127,,2026-09-29T11:10:41Z,3.5766666666666667,dgx-H100-02,NVIDIA H100 80GB HBM3,
DT-Go2GetupWalk-e0303372,DT,go2-getup-walk,expert,46.424218510042046,,2026-09-29T11:10:50Z,3.31,dgx-H100-02,NVIDIA H100 80GB HBM3,
DT-Go2GetupWalk-e5cc3be1,DT,go2-getup-walk,expert,43.917293548583984,,2026-09-19T22:07:33Z,17.920555555555556,dgx-H100-02,NVIDIA H100 80GB HBM3,
DT-Go2GetupWalk-3274033a,DT,go2-getup-walk,medium,44.47411179632601,,2026-09-29T11:10:40Z,3.289722222222222,dgx-H100-02,NVIDIA H100 80GB HBM3,
DT-Go2GetupWalk-38917a05,DT,go2-getup-walk,medium,42.508182525634766,,2026-09-19T23:56:55Z,17.774444444444445,dgx-H100-02,NVIDIA H100 80GB HBM3,
DT-Go2GetupWalk-3a18ba11,DT,go2-getup-walk,medium,40.67646131468463,,2026-09-29T11:10:49Z,3.5869444444444443,dgx-H100-02,NVIDIA H100 80GB HBM3,
DT-Go2GetupWalk-15229edf,DT,go2-getup-walk,medium-expert,41.89031516473104,,2026-09-29T11:10:45Z,3.2816666666666667,dgx-H100-02,NVIDIA H100 80GB HBM3,
DT-Go2GetupWalk-9d3fa97f,DT,go2-getup-walk,medium-expert,42.31325912475586,,2026-09-20T00:15:23Z,17.74361111111111,dgx-H100-02,NVIDIA H100 80GB HBM3,
DT-Go2GetupWalk-a16e26ba,DT,go2-getup-walk,medium-expert,45.660465222212835,,2026-09-29T11:10:49Z,3.3666666666666667,dgx-H100-02,NVIDIA H100 80GB HBM3,
DT-Go2GetupWalk-3e98efe6,DT,go2-getup-walk,medium-replay,12.390629215427118,,2026-09-29T11:10:42Z,3.5836111111111113,dgx-H100-02,NVIDIA H100 80GB HBM3,
DT-Go2GetupWalk-9de34940,DT,go2-getup-walk,medium-replay,9.880852699279783,,2026-09-20T01:15:04Z,17.991944444444446,dgx-H100-02,NVIDIA H100 80GB HBM3,
DT-Go2GetupWalk-f60d8397,DT,go2-getup-walk,medium-replay,11.57731269784882,,2026-09-29T11:10:48Z,3.5877777777777777,dgx-H100-02,NVIDIA H100 80GB HBM3,
DT-Go2Handstand-907f3a38,DT,go2-handstand,expert,96.67647744797796,,2026-09-29T14:28:01Z,2.3780555555555556,dgx-H100-02,NVIDIA H100 80GB HBM3,
DT-Go2Handstand-bc472541,DT,go2-handstand,expert,92.96937567186318,,2026-09-29T14:29:50Z,2.113888888888889,dgx-H100-02,NVIDIA H100 80GB HBM3,
DT-Go2Handstand-f621e6fd,DT,go2-handstand,expert,97.16826629638672,,2026-09-20T07:57:11Z,8.841111111111111,dgx-H100-02,NVIDIA H100 80GB HBM3,
DT-Go2Handstand-a198095d,DT,go2-handstand,medium,51.01347132759352,,2026-09-29T14:28:28Z,2.7269444444444444,dgx-H100-02,NVIDIA H100 80GB HBM3,
DT-Go2Handstand-a29f81a3,DT,go2-handstand,medium,41.05892562866211,,2026-09-20T10:48:51Z,6.358333333333333,dgx-H100-02,NVIDIA H100 80GB HBM3,
DT-Go2Handstand-f871d7c6,DT,go2-handstand,medium,45.14666778325294,,2026-09-29T14:33:15Z,2.4625,dgx-H100-02,NVIDIA H100 80GB HBM3,
DT-Go2Handstand-88d0d0f8,DT,go2-handstand,medium-expert,52.07398986816406,,2026-09-20T12:03:16Z,6.578888888888889,dgx-H100-02,NVIDIA H100 80GB HBM3,
DT-Go2Handstand-9eacfed6,DT,go2-handstand,medium-expert,61.937414061364294,,2026-09-29T14:46:29Z,2.556388888888889,dgx-H100-02,NVIDIA H100 80GB HBM3,
DT-Go2Handstand-e7858a0a,DT,go2-handstand,medium-expert,46.93469832159023,,2026-09-29T14:45:45Z,2.5330555555555554,dgx-H100-02,NVIDIA H100 80GB HBM3,
DT-Go2Handstand-8c12fcac,DT,go2-handstand,medium-replay,34.729876095799625,,2026-09-29T14:46:08Z,12.031944444444445,dgx-H100-02,NVIDIA H100 80GB HBM3,
DT-Go2Handstand-94fe2db5,DT,go2-handstand,medium-replay,39.98575592041016,,2026-09-20T16:03:08Z,12.139722222222222,dgx-H100-02,NVIDIA H100 80GB HBM3,
DT-Go2Handstand-f74722df,DT,go2-handstand,medium-replay,31.547262580479707,,2026-09-29T14:46:31Z,13.057222222222222,dgx-H100-02,NVIDIA H100 80GB HBM3,
DT-Go2JoystickFlatTerrain-278d8f0e,DT,go2-joystick-direction,expert,101.03492553162344,,2026-09-29T17:01:24Z,3.405,dgx-H100-02,NVIDIA H100 80GB HBM3,
DT-Go2JoystickFlatTerrain-491c1130,DT,go2-joystick-direction,expert,99.4264144897461,,2026-09-20T18:38:19Z,17.148888888888887,dgx-H100-02,NVIDIA H100 80GB HBM3,
DT-Go2JoystickFlatTerrain-645bbd42,DT,go2-joystick-direction,expert,100.8728576094592,,2026-09-29T17:12:37Z,3.566388888888889,dgx-H100-02,NVIDIA H100 80GB HBM3,
DT-Go2JoystickFlatTerrain-2b9595ac,DT,go2-joystick-direction,medium,54.8930168170551,,2026-09-29T17:18:17Z,3.4530555555555558,dgx-H100-02,NVIDIA H100 80GB HBM3,
DT-Go2JoystickFlatTerrain-3004cb43,DT,go2-joystick-direction,medium,51.79574966430664,,2026-09-20T19:14:53Z,17.39388888888889,dgx-H100-02,NVIDIA H100 80GB HBM3,
DT-Go2JoystickFlatTerrain-969fd017,DT,go2-joystick-direction,medium,54.91778547543231,,2026-09-29T17:20:19Z,3.568611111111111,dgx-H100-02,NVIDIA H100 80GB HBM3,
DT-Go2JoystickFlatTerrain-0eb9a08d,DT,go2-joystick-direction,medium-expert,71.27852630615234,,2026-09-20T22:32:46Z,17.623055555555556,dgx-H100-02,NVIDIA H100 80GB HBM3,
DT-Go2JoystickFlatTerrain-2f97b056,DT,go2-joystick-direction,medium-expert,73.95237531875974,,2026-09-29T19:25:45Z,3.540277777777778,dgx-H100-02,NVIDIA H100 80GB HBM3,
DT-Go2JoystickFlatTerrain-fb52bee0,DT,go2-joystick-direction,medium-expert,74.87098694296812,,2026-09-29T19:04:49Z,3.423611111111111,dgx-H100-02,NVIDIA H100 80GB HBM3,
DT-Go2JoystickFlatTerrain-131647ae,DT,go2-joystick-direction,medium-replay,27.542344582741197,,2026-09-29T20:32:07Z,6.515,dgx-H100-02,NVIDIA H100 80GB HBM3,
DT-Go2JoystickFlatTerrain-2d3550b4,DT,go2-joystick-direction,medium-replay,7.220893859863281,,2026-09-21T01:40:24Z,16.983055555555556,dgx-H100-02,NVIDIA H100 80GB HBM3,
DT-Go2JoystickFlatTerrain-94fda674,DT,go2-joystick-direction,medium-replay,2.426664139339015,,2026-09-29T20:09:20Z,6.097222222222222,dgx-H100-02,NVIDIA H100 80GB HBM3,
DT-Go2PushRecovery-1ee7f29c,DT,go2-push-recovery,expert,96.12625885009766,10.399357795715332,2026-09-20T16:47:59Z,17.474166666666665,dgx-H100-02,NVIDIA H100 80GB HBM3,
DT-Go2PushRecovery-71001b3c,DT,go2-push-recovery,expert,103.50435154297276,20.552827417436863,2026-09-29T15:21:25Z,4.065277777777778,dgx-H100-02,NVIDIA H100 80GB HBM3,
DT-Go2PushRecovery-9774e389,DT,go2-push-recovery,expert,95.041106104993,23.47191081190761,2026-09-29T15:06:12Z,3.968888888888889,dgx-H100-02,NVIDIA H100 80GB HBM3,
DT-Go2PushRecovery-78c8e608,DT,go2-push-recovery,medium,33.207440471250166,7.777574468779304,2026-09-29T15:23:42Z,5.460277777777778,dgx-H100-02,NVIDIA H100 80GB HBM3,
DT-Go2PushRecovery-81b81bd5,DT,go2-push-recovery,medium,31.111400604248047,3.301135778427124,2026-09-20T17:07:26Z,8.543888888888889,dgx-H100-02,NVIDIA H100 80GB HBM3,
DT-Go2PushRecovery-bd7b417c,DT,go2-push-recovery,medium,30.717404214964873,7.118849324024984,2026-09-29T15:34:09Z,5.181111111111111,dgx-H100-02,NVIDIA H100 80GB HBM3,
DT-Go2PushRecovery-4638fae0,DT,go2-push-recovery,medium-expert,80.00804019201935,17.48919988366799,2026-09-29T15:34:48Z,4.567777777777778,dgx-H100-02,NVIDIA H100 80GB HBM3,
DT-Go2PushRecovery-a53c936a,DT,go2-push-recovery,medium-expert,72.79097747802734,5.717690944671631,2026-09-20T17:43:44Z,14.655555555555555,dgx-H100-02,NVIDIA H100 80GB HBM3,
DT-Go2PushRecovery-bd46d75e,DT,go2-push-recovery,medium-expert,68.23949956756348,14.455991427814574,2026-09-29T15:34:55Z,4.945555555555556,dgx-H100-02,NVIDIA H100 80GB HBM3,
DT-Go2PushRecovery-4ad3990d,DT,go2-push-recovery,medium-replay,26.214068358492803,9.417506346727665,2026-09-29T16:37:10Z,6.684166666666667,dgx-H100-02,NVIDIA H100 80GB HBM3,
DT-Go2PushRecovery-d86520e7,DT,go2-push-recovery,medium-replay,22.39237403869629,2.6785409450531006,2026-09-20T18:00:24Z,8.103333333333333,dgx-H100-02,NVIDIA H100 80GB HBM3,
DT-Go2PushRecovery-ddf9cf45,DT,go2-push-recovery,medium-replay,24.05315990145296,6.903297626666817,2026-09-29T16:51:08Z,6.998888888888889,dgx-H100-02,NVIDIA H100 80GB HBM3,
DT-Go2RoughCurriculum-10488c9b,DT,go2-rough-terrain,expert,75.26750183105469,37.528663635253906,2026-09-21T11:47:33Z,17.07611111111111,dgx-H100-02,NVIDIA H100 80GB HBM3,
DT-Go2RoughCurriculum-2658cebb,DT,go2-rough-terrain,expert,92.2548371325669,40.72994298554106,2026-09-29T23:18:42Z,3.881388888888889,dgx-H100-02,NVIDIA H100 80GB HBM3,
DT-Go2RoughCurriculum-8f4d8d5c,DT,go2-rough-terrain,expert,91.84766352641554,44.54342134780713,2026-09-29T23:51:36Z,3.9283333333333332,dgx-H100-02,NVIDIA H100 80GB HBM3,
DT-Go2RoughCurriculum-141709a4,DT,go2-rough-terrain,medium,50.29063536028821,23.09680009920196,2026-09-30T00:01:11Z,4.361111111111111,dgx-H100-02,NVIDIA H100 80GB HBM3,
DT-Go2RoughCurriculum-56f8b525,DT,go2-rough-terrain,medium,44.985225677490234,24.05126190185547,2026-09-21T12:38:50Z,14.111944444444445,dgx-H100-02,NVIDIA H100 80GB HBM3,
DT-Go2RoughCurriculum-bff3b624,DT,go2-rough-terrain,medium,50.3239321592973,22.89693255034047,2026-09-30T00:14:40Z,4.358611111111111,dgx-H100-02,NVIDIA H100 80GB HBM3,
DT-Go2RoughCurriculum-99d26741,DT,go2-rough-terrain,medium-expert,90.74101515396148,41.83978046765478,2026-09-30T00:26:53Z,3.963888888888889,dgx-H100-02,NVIDIA H100 80GB HBM3,
DT-Go2RoughCurriculum-9ee7a560,DT,go2-rough-terrain,medium-expert,72.4709701538086,33.97637176513672,2026-09-21T16:10:28Z,16.21,dgx-H100-02,NVIDIA H100 80GB HBM3,
DT-Go2RoughCurriculum-e6020149,DT,go2-rough-terrain,medium-expert,86.13130900030703,37.05619474917338,2026-09-30T00:20:34Z,3.970833333333333,dgx-H100-02,NVIDIA H100 80GB HBM3,
DT-Go2RoughCurriculum-4c9eed3a,DT,go2-rough-terrain,medium-replay,21.565333872099064,6.752795187365951,2026-09-30T00:27:00Z,7.2380555555555555,dgx-H100-02,NVIDIA H100 80GB HBM3,
DT-Go2RoughCurriculum-93eab48d,DT,go2-rough-terrain,medium-replay,13.089470863342283,3.887068510055542,2026-09-21T19:11:51Z,9.384444444444444,dgx-H100-02,NVIDIA H100 80GB HBM3,
DT-Go2RoughCurriculum-bc2ebb4d,DT,go2-rough-terrain,medium-replay,25.16162017877136,4.5989987230659,2026-09-30T00:25:11Z,6.4688888888888885,dgx-H100-02,NVIDIA H100 80GB HBM3,
DT-H1JoystickGaitTracking-5c8ef8f1,DT,h1-gait-tracking,expert,61.94478278623895,,2026-09-30T04:26:10Z,4.818611111111111,dgx-H100-02,NVIDIA H100 80GB HBM3,
DT-H1JoystickGaitTracking-8f4ba2bd,DT,h1-gait-tracking,expert,62.7528137331572,,2026-09-30T04:25:08Z,4.666111111111111,dgx-H100-02,NVIDIA H100 80GB HBM3,
DT-H1JoystickGaitTracking-94a6a790,DT,h1-gait-tracking,expert,68.41877746582031,,2026-09-22T04:35:17Z,8.97638888888889,dgx-H100-02,NVIDIA H100 80GB HBM3,
DT-H1JoystickGaitTracking-009cb5fc,DT,h1-gait-tracking,medium,87.7740707397461,,2026-09-22T04:52:28Z,22.94388888888889,dgx-H100-02,NVIDIA H100 80GB HBM3,
DT-H1JoystickGaitTracking-5daa024d,DT,h1-gait-tracking,medium,91.25815471457894,,2026-09-30T04:27:53Z,6.361944444444444,dgx-H100-02,NVIDIA H100 80GB HBM3,
DT-H1JoystickGaitTracking-776e08ec,DT,h1-gait-tracking,medium,88.04191147237749,,2026-09-30T04:29:33Z,6.013888888888889,dgx-H100-02,NVIDIA H100 80GB HBM3,
DT-H1JoystickGaitTracking-48a5ea49,DT,h1-gait-tracking,medium-expert,88.12105872453463,,2026-09-30T04:36:41Z,5.092777777777778,dgx-H100-02,NVIDIA H100 80GB HBM3,
DT-H1JoystickGaitTracking-7967f825,DT,h1-gait-tracking,medium-expert,82.74137406109315,,2026-09-30T05:05:08Z,5.378055555555555,dgx-H100-02,NVIDIA H100 80GB HBM3,
DT-H1JoystickGaitTracking-ba1fc842,DT,h1-gait-tracking,medium-expert,88.300537109375,,2026-09-22T06:36:33Z,22.291666666666668,dgx-H100-02,NVIDIA H100 80GB HBM3,
DT-H1JoystickGaitTracking-01991ecd,DT,h1-gait-tracking,medium-replay,5.562535794703734,,2026-09-26T22:33:36Z,21.482222222222223,dgx-H100-02,,
DT-H1JoystickGaitTracking-a498528c,DT,h1-gait-tracking,medium-replay,5.567857893343152,,2026-10-05T02:03:42Z,9.824444444444444,jarbas,NVIDIA GeForce RTX 3090,
DT-H1JoystickGaitTracking-d3aa9d94,DT,h1-gait-tracking,medium-replay,5.155545878259032,,2026-10-04T16:13:58Z,9.825,jarbas,NVIDIA GeForce RTX 3090,
IQL-G1JoystickFlatTerrain-2c11723d,IQL,g1-joystick-direction,expert,69.95359802246094,,2026-07-26T07:25:58Z,3.4897222222222224,jarbas,NVIDIA GeForce RTX 3090,
IQL-G1JoystickFlatTerrain-7d221510,IQL,g1-joystick-direction,expert,68.18193054199219,,2026-09-19T02:34:26Z,19.523888888888887,dgx-H100-02,NVIDIA H100 80GB HBM3,
IQL-G1JoystickFlatTerrain-ddc86f99,IQL,g1-joystick-direction,expert,67.38536071777344,,2026-09-19T03:17:42Z,20.649166666666666,dgx-H100-02,NVIDIA H100 80GB HBM3,
IQL-G1JoystickFlatTerrain-1732401e,IQL,g1-joystick-direction,medium,36.39724349975586,,2026-09-19T03:24:42Z,17.94333333333333,dgx-H100-02,NVIDIA H100 80GB HBM3,
IQL-G1JoystickFlatTerrain-61340479,IQL,g1-joystick-direction,medium,35.34602355957031,,2026-07-26T10:55:35Z,2.7327777777777778,jarbas,NVIDIA GeForce RTX 3090,
IQL-G1JoystickFlatTerrain-a889dd4f,IQL,g1-joystick-direction,medium,33.28337860107422,,2026-09-19T03:03:51Z,16.230555555555554,dgx-H100-02,NVIDIA H100 80GB HBM3,
IQL-G1JoystickFlatTerrain-490a66d9,IQL,g1-joystick-direction,medium-expert,64.02781677246094,,2026-07-26T13:39:46Z,3.781388888888889,jarbas,NVIDIA GeForce RTX 3090,
IQL-G1JoystickFlatTerrain-5c8aeafc,IQL,g1-joystick-direction,medium-expert,61.444766998291016,,2026-09-19T03:28:23Z,20.2625,dgx-H100-02,NVIDIA H100 80GB HBM3,
IQL-G1JoystickFlatTerrain-d305d385,IQL,g1-joystick-direction,medium-expert,62.26314163208008,,2026-09-19T03:27:51Z,20.788055555555555,dgx-H100-02,NVIDIA H100 80GB HBM3,
IQL-G1JoystickFlatTerrain-14b726f8,IQL,g1-joystick-direction,medium-replay,18.36655044555664,,2026-09-19T04:09:10Z,9.710555555555555,dgx-H100-02,NVIDIA H100 80GB HBM3,
IQL-G1JoystickFlatTerrain-947d0c29,IQL,g1-joystick-direction,medium-replay,18.400060653686523,,2026-07-26T17:26:52Z,1.6733333333333333,jarbas,NVIDIA GeForce RTX 3090,
IQL-G1JoystickFlatTerrain-d5b90806,IQL,g1-joystick-direction,medium-replay,21.31670570373535,,2026-09-19T04:52:07Z,10.815,dgx-H100-02,NVIDIA H100 80GB HBM3,
IQL-Go2JoystickFlatTerrain-106a1963,IQL,go2-flat-forward,expert,97.586181640625,,2026-09-18T11:35:18Z,14.980833333333333,dgx-H100-02,NVIDIA H100 80GB HBM3,
IQL-Go2JoystickFlatTerrain-1f174b54,IQL,go2-flat-forward,expert,97.53410339355467,,2026-09-18T12:13:26Z,15.06611111111111,dgx-H100-02,NVIDIA H100 80GB HBM3,
IQL-Go2JoystickFlatTerrain-cb7f324d,IQL,go2-flat-forward,expert,97.5683364868164,,2026-07-25T10:25:33Z,3.7511111111111113,jarbas,NVIDIA GeForce RTX 3090,
IQL-Go2JoystickFlatTerrain-492e9d41,IQL,go2-flat-forward,medium,65.05164337158203,,2026-09-18T12:25:41Z,14.97888888888889,dgx-H100-02,NVIDIA H100 80GB HBM3,
IQL-Go2JoystickFlatTerrain-64af79c1,IQL,go2-flat-forward,medium,65.005615234375,,2026-09-18T12:19:54Z,15.136666666666667,dgx-H100-02,NVIDIA H100 80GB HBM3,
IQL-Go2JoystickFlatTerrain-675034e6,IQL,go2-flat-forward,medium,65.35820007324219,,2026-07-25T14:10:50Z,3.757222222222222,jarbas,NVIDIA GeForce RTX 3090,
IQL-Go2JoystickFlatTerrain-08adb66a,IQL,go2-flat-forward,medium-expert,74.611572265625,,2026-09-18T13:28:23Z,15.390555555555556,dgx-H100-02,NVIDIA H100 80GB HBM3,
IQL-Go2JoystickFlatTerrain-363f56c2,IQL,go2-flat-forward,medium-expert,74.67391204833984,,2026-09-18T13:06:09Z,15.045277777777779,dgx-H100-02,NVIDIA H100 80GB HBM3,
IQL-Go2JoystickFlatTerrain-bc489e9a,IQL,go2-flat-forward,medium-expert,75.998291015625,,2026-07-25T17:56:29Z,3.742777777777778,jarbas,NVIDIA GeForce RTX 3090,
IQL-Go2JoystickFlatTerrain-94ef5c4c,IQL,go2-flat-forward,medium-replay,68.7202377319336,,2026-07-25T21:53:36Z,3.678888888888889,jarbas,NVIDIA GeForce RTX 3090,
IQL-Go2JoystickFlatTerrain-d152794e,IQL,go2-flat-forward,medium-replay,68.94213104248047,,2026-09-18T18:12:38Z,15.785555555555556,dgx-H100-02,NVIDIA H100 80GB HBM3,
IQL-Go2JoystickFlatTerrain-f1461271,IQL,go2-flat-forward,medium-replay,68.40499114990234,,2026-09-18T17:25:44Z,15.636111111111111,dgx-H100-02,NVIDIA H100 80GB HBM3,
IQL-Go2Footstand-6af072f1,IQL,go2-footstand,expert,98.89097595214844,,2026-09-17T22:30:10Z,5.521388888888889,dgx-H100-02,NVIDIA H100 80GB HBM3,
IQL-Go2Footstand-843a5589,IQL,go2-footstand,expert,98.5141372680664,,2026-07-24T18:53:48Z,0.9016666666666666,jarbas,NVIDIA GeForce RTX 3090,
IQL-Go2Footstand-9a842624,IQL,go2-footstand,expert,96.0269546508789,,2026-09-17T21:45:06Z,5.619722222222222,dgx-H100-02,NVIDIA H100 80GB HBM3,
IQL-Go2Footstand-52d8b3f9,IQL,go2-footstand,medium,57.72548294067383,,2026-07-24T19:48:08Z,0.6744444444444444,jarbas,NVIDIA GeForce RTX 3090,
IQL-Go2Footstand-5cb71368,IQL,go2-footstand,medium,50.688751220703125,,2026-09-17T22:49:44Z,3.6491666666666664,dgx-H100-02,NVIDIA H100 80GB HBM3,
IQL-Go2Footstand-cad42771,IQL,go2-footstand,medium,58.19544219970703,,2026-09-17T22:57:31Z,3.4791666666666665,dgx-H100-02,NVIDIA H100 80GB HBM3,
IQL-Go2Footstand-03e6ce92,IQL,go2-footstand,medium-expert,98.53141784667967,,2026-07-24T20:28:49Z,0.9213888888888889,jarbas,NVIDIA GeForce RTX 3090,
IQL-Go2Footstand-ed3768a4,IQL,go2-footstand,medium-expert,98.73516082763672,,2026-09-17T23:54:25Z,5.583611111111111,dgx-H100-02,NVIDIA H100 80GB HBM3,
IQL-Go2Footstand-faf231cf,IQL,go2-footstand,medium-expert,98.59562683105467,,2026-09-17T23:31:20Z,5.542222222222223,dgx-H100-02,NVIDIA H100 80GB HBM3,
IQL-Go2Footstand-0d168a13,IQL,go2-footstand,medium-replay,16.141956329345703,,2026-09-18T02:28:58Z,3.3808333333333334,dgx-H100-02,NVIDIA H100 80GB HBM3,
IQL-Go2Footstand-bb72a483,IQL,go2-footstand,medium-replay,26.588960647583008,,2026-09-18T02:26:34Z,3.115,dgx-H100-02,NVIDIA H100 80GB HBM3,
IQL-Go2Footstand-be8d323f,IQL,go2-footstand,medium-replay,18.770065307617188,,2026-07-24T21:24:17Z,0.5544444444444444,jarbas,NVIDIA GeForce RTX 3090,
IQL-Go2Getup-323f8ad3,IQL,go2-getup,expert,35.46939468383789,,2026-09-17T13:38:59Z,4.148611111111111,dgx-H100-02,NVIDIA H100 80GB HBM3,
IQL-Go2Getup-992ede38,IQL,go2-getup,expert,36.52992630004883,,2026-07-22T18:00:59Z,3.8208333333333333,ovx-l40s-01,NVIDIA L40S,
IQL-Go2Getup-aaa78b0f,IQL,go2-getup,expert,38.99204635620117,,2026-09-17T14:26:49Z,4.159722222222222,dgx-H100-02,NVIDIA H100 80GB HBM3,
IQL-Go2Getup-15f4faab,IQL,go2-getup,medium,55.3861083984375,,2026-09-17T17:25:24Z,3.8405555555555555,dgx-H100-02,NVIDIA H100 80GB HBM3,
IQL-Go2Getup-1e9acec9,IQL,go2-getup,medium,55.13141250610352,,2026-07-22T21:52:20Z,3.6880555555555556,ovx-l40s-01,NVIDIA L40S,
IQL-Go2Getup-d917bacc,IQL,go2-getup,medium,56.17131423950195,,2026-09-17T17:56:52Z,3.8069444444444445,dgx-H100-02,NVIDIA H100 80GB HBM3,
IQL-Go2Getup-2411aaa8,IQL,go2-getup,medium-expert,57.31768035888672,,2026-09-17T18:36:45Z,3.811111111111111,dgx-H100-02,NVIDIA H100 80GB HBM3,
IQL-Go2Getup-56bdb5da,IQL,go2-getup,medium-expert,57.881103515625,,2026-07-23T01:33:59Z,3.7,ovx-l40s-01,NVIDIA L40S,
IQL-Go2Getup-7be30619,IQL,go2-getup,medium-expert,57.8499870300293,,2026-09-17T17:48:12Z,3.8216666666666668,dgx-H100-02,NVIDIA H100 80GB HBM3,
IQL-Go2Getup-4a80c3b9,IQL,go2-getup,medium-replay,42.39118194580078,,2026-07-23T05:16:54Z,3.6644444444444444,ovx-l40s-01,NVIDIA L40S,
IQL-Go2Getup-938d703c,IQL,go2-getup,medium-replay,43.47434997558594,,2026-09-17T20:04:52Z,3.821111111111111,dgx-H100-02,NVIDIA H100 80GB HBM3,
IQL-Go2Getup-f39fc1b4,IQL,go2-getup,medium-replay,44.66482925415039,,2026-09-17T18:55:11Z,3.903611111111111,dgx-H100-02,NVIDIA H100 80GB HBM3,
IQL-Go2GetupWalk-037fe512,IQL,go2-getup-walk,expert,37.83698654174805,,2026-09-17T19:48:55Z,12.705,dgx-H100-02,NVIDIA H100 80GB HBM3,
IQL-Go2GetupWalk-2b5ac8a2,IQL,go2-getup-walk,expert,39.909461975097656,,2026-09-17T21:01:42Z,12.251944444444444,dgx-H100-02,NVIDIA H100 80GB HBM3,
IQL-Go2GetupWalk-e24e1f05,IQL,go2-getup-walk,expert,34.15860366821289,,2026-07-24T11:41:55Z,1.791388888888889,jarbas,NVIDIA GeForce RTX 3090,
IQL-Go2GetupWalk-1e1b913e,IQL,go2-getup-walk,medium,39.438472747802734,,2026-09-17T21:16:07Z,12.220833333333333,dgx-H100-02,NVIDIA H100 80GB HBM3,
IQL-Go2GetupWalk-a6d5400d,IQL,go2-getup-walk,medium,39.42680358886719,,2026-07-24T13:31:10Z,1.7897222222222222,jarbas,NVIDIA GeForce RTX 3090,
IQL-Go2GetupWalk-c34c2495,IQL,go2-getup-walk,medium,40.694461822509766,,2026-09-17T21:31:26Z,12.461944444444445,dgx-H100-02,NVIDIA H100 80GB HBM3,
IQL-Go2GetupWalk-041607aa,IQL,go2-getup-walk,medium-expert,37.7815055847168,,2026-07-24T15:18:46Z,1.7794444444444444,jarbas,NVIDIA GeForce RTX 3090,
IQL-Go2GetupWalk-3001d171,IQL,go2-getup-walk,medium-expert,35.045692443847656,,2026-09-17T21:37:47Z,12.219444444444445,dgx-H100-02,NVIDIA H100 80GB HBM3,
IQL-Go2GetupWalk-f877a91d,IQL,go2-getup-walk,medium-expert,40.07038879394531,,2026-09-17T21:45:35Z,12.078611111111112,dgx-H100-02,NVIDIA H100 80GB HBM3,
IQL-Go2GetupWalk-67840f27,IQL,go2-getup-walk,medium-replay,21.175752639770508,,2026-09-17T21:43:40Z,12.103055555555555,dgx-H100-02,NVIDIA H100 80GB HBM3,
IQL-Go2GetupWalk-785e249a,IQL,go2-getup-walk,medium-replay,21.492591857910156,,2026-07-24T17:07:23Z,1.7702777777777778,jarbas,NVIDIA GeForce RTX 3090,
IQL-Go2GetupWalk-952a9cec,IQL,go2-getup-walk,medium-replay,19.905427932739254,,2026-09-17T22:25:43Z,11.955833333333333,dgx-H100-02,NVIDIA H100 80GB HBM3,
IQL-Go2Handstand-17b7188c,IQL,go2-handstand,expert,93.88939666748048,,2026-07-24T21:57:46Z,0.8530555555555556,jarbas,NVIDIA GeForce RTX 3090,
IQL-Go2Handstand-7824aadb,IQL,go2-handstand,expert,87.91655731201172,,2026-09-18T03:03:58Z,5.383333333333334,dgx-H100-02,NVIDIA H100 80GB HBM3,
IQL-Go2Handstand-eba54c47,IQL,go2-handstand,expert,93.10404205322266,,2026-09-18T02:37:17Z,5.235277777777778,dgx-H100-02,NVIDIA H100 80GB HBM3,
IQL-Go2Handstand-111d6af9,IQL,go2-handstand,medium,42.476768493652344,,2026-07-24T22:49:08Z,0.6125,jarbas,NVIDIA GeForce RTX 3090,
IQL-Go2Handstand-1957be2f,IQL,go2-handstand,medium,45.290958404541016,,2026-09-18T03:22:35Z,3.8044444444444445,dgx-H100-02,NVIDIA H100 80GB HBM3,
IQL-Go2Handstand-fef79af6,IQL,go2-handstand,medium,48.91170501708984,,2026-09-18T04:01:54Z,3.7641666666666667,dgx-H100-02,NVIDIA H100 80GB HBM3,
IQL-Go2Handstand-68426493,IQL,go2-handstand,medium-expert,53.36647033691406,,2026-07-24T23:26:05Z,0.6680555555555555,jarbas,NVIDIA GeForce RTX 3090,
IQL-Go2Handstand-e7759754,IQL,go2-handstand,medium-expert,63.813926696777344,,2026-09-18T05:29:43Z,4.419444444444444,dgx-H100-02,NVIDIA H100 80GB HBM3,
IQL-Go2Handstand-fb679f25,IQL,go2-handstand,medium-expert,57.67646026611328,,2026-09-18T05:04:10Z,4.539166666666667,dgx-H100-02,NVIDIA H100 80GB HBM3,
IQL-Go2Handstand-104fffe3,IQL,go2-handstand,medium-replay,11.738656044006348,,2026-07-25T00:06:23Z,0.43472222222222223,jarbas,NVIDIA GeForce RTX 3090,
IQL-Go2Handstand-1b9634c0,IQL,go2-handstand,medium-replay,9.163534164428713,,2026-09-18T05:52:06Z,2.5530555555555554,dgx-H100-02,NVIDIA H100 80GB HBM3,
IQL-Go2Handstand-2d35f413,IQL,go2-handstand,medium-replay,13.764281272888184,,2026-09-18T05:33:46Z,2.3783333333333334,dgx-H100-02,NVIDIA H100 80GB HBM3,
IQL-Go2JoystickFlatTerrain-36dc2120,IQL,go2-joystick-direction,expert,97.75272369384766,,2026-07-25T03:57:40Z,1.6072222222222223,jarbas,NVIDIA GeForce RTX 3090,
IQL-Go2JoystickFlatTerrain-5724f71c,IQL,go2-joystick-direction,expert,88.32176208496094,,2026-09-18T09:50:37Z,11.144166666666667,dgx-H100-02,NVIDIA H100 80GB HBM3,
IQL-Go2JoystickFlatTerrain-e3f48b0e,IQL,go2-joystick-direction,expert,98.0399932861328,,2026-09-18T09:29:41Z,11.3225,dgx-H100-02,NVIDIA H100 80GB HBM3,
IQL-Go2JoystickFlatTerrain-79fe8a94,IQL,go2-joystick-direction,medium,46.02613830566406,,2026-09-18T09:55:10Z,11.153888888888888,dgx-H100-02,NVIDIA H100 80GB HBM3,
IQL-Go2JoystickFlatTerrain-d5b27f97,IQL,go2-joystick-direction,medium,44.603553771972656,,2026-07-25T05:34:18Z,1.6166666666666667,jarbas,NVIDIA GeForce RTX 3090,
IQL-Go2JoystickFlatTerrain-fd6b894a,IQL,go2-joystick-direction,medium,44.14738082885742,,2026-09-18T09:36:49Z,11.30861111111111,dgx-H100-02,NVIDIA H100 80GB HBM3,
IQL-Go2JoystickFlatTerrain-1ff29ba2,IQL,go2-joystick-direction,medium-expert,53.531272888183594,,2026-09-18T09:59:26Z,11.125277777777777,dgx-H100-02,NVIDIA H100 80GB HBM3,
IQL-Go2JoystickFlatTerrain-6920e9b5,IQL,go2-joystick-direction,medium-expert,51.853668212890625,,2026-07-25T07:11:32Z,1.633888888888889,jarbas,NVIDIA GeForce RTX 3090,
IQL-Go2JoystickFlatTerrain-91eecfcc,IQL,go2-joystick-direction,medium-expert,48.41753387451172,,2026-09-18T09:50:10Z,11.232777777777779,dgx-H100-02,NVIDIA H100 80GB HBM3,
IQL-Go2JoystickFlatTerrain-5abac3a9,IQL,go2-joystick-direction,medium-replay,39.03407287597656,,2026-07-25T08:49:48Z,1.5922222222222222,jarbas,NVIDIA GeForce RTX 3090,
IQL-Go2JoystickFlatTerrain-bb0a8ba6,IQL,go2-joystick-direction,medium-replay,30.58899688720703,,2026-09-18T10:23:21Z,10.834166666666667,dgx-H100-02,NVIDIA H100 80GB HBM3,
IQL-Go2JoystickFlatTerrain-d5685e01,IQL,go2-joystick-direction,medium-replay,32.17490768432617,,2026-09-18T09:51:16Z,11.186944444444444,dgx-H100-02,NVIDIA H100 80GB HBM3,
IQL-Go2PushRecovery-0da664c3,IQL,go2-push-recovery,expert,90.03779602050781,15.649911880493164,2026-07-25T00:32:40Z,1.47,jarbas,NVIDIA GeForce RTX 3090,
IQL-Go2PushRecovery-b8c6f953,IQL,go2-push-recovery,expert,100.8691635131836,16.15550994873047,2026-09-18T07:11:09Z,10.238055555555556,dgx-H100-02,NVIDIA H100 80GB HBM3,
IQL-Go2PushRecovery-e43c3873,IQL,go2-push-recovery,expert,90.98139190673828,18.2376708984375,2026-09-18T07:48:03Z,10.404722222222222,dgx-H100-02,NVIDIA H100 80GB HBM3,
IQL-Go2PushRecovery-1b18cdf5,IQL,go2-push-recovery,medium,32.944374084472656,8.903379440307617,2026-09-18T07:56:46Z,4.477222222222222,dgx-H100-02,NVIDIA H100 80GB HBM3,
IQL-Go2PushRecovery-66ff057a,IQL,go2-push-recovery,medium,32.60891342163086,6.955467700958252,2026-09-18T07:51:42Z,4.465277777777778,dgx-H100-02,NVIDIA H100 80GB HBM3,
IQL-Go2PushRecovery-78d95485,IQL,go2-push-recovery,medium,34.40741729736328,8.934012413024902,2026-07-25T02:01:05Z,0.6922222222222222,jarbas,NVIDIA GeForce RTX 3090,
IQL-Go2PushRecovery-777b565f,IQL,go2-push-recovery,medium-expert,46.23454666137695,8.765470504760742,2026-07-25T02:42:50Z,0.7861111111111111,jarbas,NVIDIA GeForce RTX 3090,
IQL-Go2PushRecovery-dea75e73,IQL,go2-push-recovery,medium-expert,43.86973571777344,9.417912483215332,2026-09-18T08:27:14Z,4.6433333333333335,dgx-H100-02,NVIDIA H100 80GB HBM3,
IQL-Go2PushRecovery-df3cc89c,IQL,go2-push-recovery,medium-expert,49.63224029541016,8.477571487426758,2026-09-18T08:25:34Z,5.041944444444445,dgx-H100-02,NVIDIA H100 80GB HBM3,
IQL-Go2PushRecovery-0372813f,IQL,go2-push-recovery,medium-replay,17.43869400024414,4.820554256439209,2026-07-25T03:30:12Z,0.4538888888888889,jarbas,NVIDIA GeForce RTX 3090,
IQL-Go2PushRecovery-77bf34f4,IQL,go2-push-recovery,medium-replay,16.87665367126465,3.747166633605957,2026-09-18T09:17:08Z,2.933333333333333,dgx-H100-02,NVIDIA H100 80GB HBM3,
IQL-Go2PushRecovery-a0d601f6,IQL,go2-push-recovery,medium-replay,19.43092155456543,5.395994663238525,2026-09-18T08:31:31Z,3.0580555555555557,dgx-H100-02,NVIDIA H100 80GB HBM3,
IQL-Go2RoughCurriculum-45c03089,IQL,go2-rough-terrain,expert,68.79823303222656,28.601131439208984,2026-09-18T20:49:21Z,12.465,dgx-H100-02,NVIDIA H100 80GB HBM3,
IQL-Go2RoughCurriculum-af04999a,IQL,go2-rough-terrain,expert,68.1368637084961,30.727210998535156,2026-09-18T20:59:33Z,11.926666666666666,dgx-H100-02,NVIDIA H100 80GB HBM3,
IQL-Go2RoughCurriculum-c3bab948,IQL,go2-rough-terrain,expert,70.40150451660156,29.95469665527344,2026-07-26T01:34:32Z,1.6791666666666667,jarbas,NVIDIA GeForce RTX 3090,
IQL-Go2RoughCurriculum-52be6a74,IQL,go2-rough-terrain,medium,42.17238998413086,18.454200744628903,2026-09-18T21:04:41Z,10.898333333333333,dgx-H100-02,NVIDIA H100 80GB HBM3,
IQL-Go2RoughCurriculum-caac6091,IQL,go2-rough-terrain,medium,40.00761795043945,16.84746551513672,2026-07-26T03:15:31Z,1.4361111111111111,jarbas,NVIDIA GeForce RTX 3090,
IQL-Go2RoughCurriculum-e24930c3,IQL,go2-rough-terrain,medium,42.66376876831055,18.994781494140625,2026-09-18T20:55:38Z,11.260277777777778,dgx-H100-02,NVIDIA H100 80GB HBM3,
IQL-Go2RoughCurriculum-1febf357,IQL,go2-rough-terrain,medium-expert,54.12380599975586,21.49713134765625,2026-09-18T21:07:16Z,11.002222222222223,dgx-H100-02,NVIDIA H100 80GB HBM3,
IQL-Go2RoughCurriculum-379a841a,IQL,go2-rough-terrain,medium-expert,57.11241912841797,21.610090255737305,2026-09-18T21:02:49Z,11.346111111111112,dgx-H100-02,NVIDIA H100 80GB HBM3,
IQL-Go2RoughCurriculum-9997123b,IQL,go2-rough-terrain,medium-expert,61.56576156616211,25.26777458190918,2026-07-26T04:41:55Z,1.5708333333333333,jarbas,NVIDIA GeForce RTX 3090,
IQL-Go2RoughCurriculum-1c55b821,IQL,go2-rough-terrain,medium-replay,43.960906982421875,17.358461380004883,2026-07-26T06:16:23Z,1.156111111111111,jarbas,NVIDIA GeForce RTX 3090,
IQL-Go2RoughCurriculum-5fb91021,IQL,go2-rough-terrain,medium-replay,28.954931259155273,13.9704008102417,2026-09-18T21:13:43Z,6.23,dgx-H100-02,NVIDIA H100 80GB HBM3,
IQL-Go2RoughCurriculum-d3c94fed,IQL,go2-rough-terrain,medium-replay,37.32435607910156,16.0345401763916,2026-09-18T21:04:27Z,5.985,dgx-H100-02,NVIDIA H100 80GB HBM3,
IQL-H1JoystickGaitTracking-4fc624f0,IQL,h1-gait-tracking,expert,92.0708999633789,,2026-08-03T17:23:46Z,3.0036111111111112,jarbas,NVIDIA GeForce RTX 3090,
IQL-H1JoystickGaitTracking-b142c07e,IQL,h1-gait-tracking,expert,98.82606506347656,,2026-09-19T08:11:39Z,14.768055555555556,dgx-H100-02,NVIDIA H100 80GB HBM3,
IQL-H1JoystickGaitTracking-c8b9389e,IQL,h1-gait-tracking,expert,96.39611053466795,,2026-09-19T07:58:52Z,14.14,dgx-H100-02,NVIDIA H100 80GB HBM3,
IQL-H1JoystickGaitTracking-07d068ae,IQL,h1-gait-tracking,medium,105.33364868164062,,2026-08-03T20:24:17Z,3.973888888888889,jarbas,NVIDIA GeForce RTX 3090,
IQL-H1JoystickGaitTracking-5e3dbb47,IQL,h1-gait-tracking,medium,106.4274444580078,,2026-09-19T08:23:54Z,17.425555555555555,dgx-H100-02,NVIDIA H100 80GB HBM3,
IQL-H1JoystickGaitTracking-d3d8c443,IQL,h1-gait-tracking,medium,106.66505432128906,,2026-09-19T08:07:42Z,17.296944444444446,dgx-H100-02,NVIDIA H100 80GB HBM3,
IQL-H1JoystickGaitTracking-0f5af558,IQL,h1-gait-tracking,medium-expert,105.39125061035156,,2026-09-19T09:04:12Z,16.68166666666667,dgx-H100-02,NVIDIA H100 80GB HBM3,
IQL-H1JoystickGaitTracking-5b36b80b,IQL,h1-gait-tracking,medium-expert,106.49734497070312,,2026-08-04T00:22:57Z,3.928611111111111,jarbas,NVIDIA GeForce RTX 3090,
IQL-H1JoystickGaitTracking-946a3820,IQL,h1-gait-tracking,medium-expert,106.52606201171876,,2026-09-19T08:55:28Z,16.94527777777778,dgx-H100-02,NVIDIA H100 80GB HBM3,
IQL-H1JoystickGaitTracking-1cc8ac37,IQL,h1-gait-tracking,medium-replay,101.15506744384766,,2026-09-19T09:17:34Z,11.773055555555555,dgx-H100-02,NVIDIA H100 80GB HBM3,
IQL-H1JoystickGaitTracking-c002d04a,IQL,h1-gait-tracking,medium-replay,110.17552947998048,,2026-08-04T04:18:56Z,2.6661111111111113,jarbas,NVIDIA GeForce RTX 3090,
IQL-H1JoystickGaitTracking-ff007dd9,IQL,h1-gait-tracking,medium-replay,81.78450775146484,,2026-09-19T10:00:05Z,8.4825,dgx-H100-02,NVIDIA H100 80GB HBM3,
TD3-BC-G1JoystickFlatTerrain-36b3d7fc,TD3-BC,g1-joystick-direction,expert,52.846317291259766,,2026-09-15T23:42:15Z,19.42888888888889,dgx-H100-02,NVIDIA H100 80GB HBM3,
TD3-BC-G1JoystickFlatTerrain-4fc9f7d3,TD3-BC,g1-joystick-direction,expert,55.29900741577149,,2026-07-29T01:49:33Z,3.3255555555555554,jarbas,NVIDIA GeForce RTX 3090,
TD3-BC-G1JoystickFlatTerrain-d982405c,TD3-BC,g1-joystick-direction,expert,47.58553314208984,,2026-09-15T23:51:13Z,19.379166666666666,dgx-H100-02,NVIDIA H100 80GB HBM3,
TD3-BC-G1JoystickFlatTerrain-10fd4b8e,TD3-BC,g1-joystick-direction,medium,-0.027929762378335,,2026-09-15T23:53:47Z,6.733055555555556,dgx-H100-02,NVIDIA H100 80GB HBM3,
TD3-BC-G1JoystickFlatTerrain-714be5c1,TD3-BC,g1-joystick-direction,medium,2.522559881210327,,2026-09-15T23:52:49Z,6.539166666666667,dgx-H100-02,NVIDIA H100 80GB HBM3,
TD3-BC-G1JoystickFlatTerrain-a2b56963,TD3-BC,g1-joystick-direction,medium,2.6427478790283203,,2026-07-29T05:09:18Z,0.9402777777777778,jarbas,NVIDIA GeForce RTX 3090,
TD3-BC-G1JoystickFlatTerrain-2825ac37,TD3-BC,g1-joystick-direction,medium-expert,1.0743045806884766,,2026-09-15T23:54:15Z,6.273055555555556,dgx-H100-02,NVIDIA H100 80GB HBM3,
TD3-BC-G1JoystickFlatTerrain-bbba7353,TD3-BC,g1-joystick-direction,medium-expert,2.229917287826538,,2026-09-16T00:20:01Z,8.8,dgx-H100-02,NVIDIA H100 80GB HBM3,
TD3-BC-G1JoystickFlatTerrain-eba156a5,TD3-BC,g1-joystick-direction,medium-expert,-1.2899532318115234,,2026-07-29T06:05:55Z,1.371388888888889,jarbas,NVIDIA GeForce RTX 3090,
TD3-BC-G1JoystickFlatTerrain-594e6f62,TD3-BC,g1-joystick-direction,medium-replay,0.3865233361721039,,2026-09-16T00:21:57Z,3.5,dgx-H100-02,NVIDIA H100 80GB HBM3,
TD3-BC-G1JoystickFlatTerrain-6df9e4c9,TD3-BC,g1-joystick-direction,medium-replay,-1.8408147096633911,,2026-07-29T07:28:23Z,0.7380555555555556,jarbas,NVIDIA GeForce RTX 3090,
TD3-BC-G1JoystickFlatTerrain-db961232,TD3-BC,g1-joystick-direction,medium-replay,1.107763409614563,,2026-09-16T00:37:53Z,3.7708333333333335,dgx-H100-02,NVIDIA H100 80GB HBM3,
TD3-BC-Go2JoystickFlatTerrain-3b3b3bcf,TD3-BC,go2-flat-forward,expert,60.54080581665039,,2026-09-15T10:19:19Z,13.5775,dgx-H100-02,NVIDIA H100 80GB HBM3,
TD3-BC-Go2JoystickFlatTerrain-5f3d7031,TD3-BC,go2-flat-forward,expert,96.90957641601562,,2026-07-28T06:49:51Z,3.2263888888888888,jarbas,NVIDIA GeForce RTX 3090,
TD3-BC-Go2JoystickFlatTerrain-93ecbba3,TD3-BC,go2-flat-forward,expert,97.19219970703124,,2026-09-15T09:50:48Z,14.72861111111111,dgx-H100-02,NVIDIA H100 80GB HBM3,
TD3-BC-Go2JoystickFlatTerrain-49d17c30,TD3-BC,go2-flat-forward,medium,66.74435424804688,,2026-07-28T10:03:38Z,3.2936111111111113,jarbas,NVIDIA GeForce RTX 3090,
TD3-BC-Go2JoystickFlatTerrain-86a06085,TD3-BC,go2-flat-forward,medium,66.67704010009766,,2026-09-15T10:46:37Z,14.634722222222223,dgx-H100-02,NVIDIA H100 80GB HBM3,
TD3-BC-Go2JoystickFlatTerrain-e87f3b2d,TD3-BC,go2-flat-forward,medium,67.5203628540039,,2026-09-15T10:29:58Z,14.436944444444444,dgx-H100-02,NVIDIA H100 80GB HBM3,
TD3-BC-Go2JoystickFlatTerrain-0a82b536,TD3-BC,go2-flat-forward,medium-expert,95.88794708251952,,2026-09-15T11:14:08Z,14.493333333333334,dgx-H100-02,NVIDIA H100 80GB HBM3,
TD3-BC-Go2JoystickFlatTerrain-b3a5eb1d,TD3-BC,go2-flat-forward,medium-expert,95.24029541015624,,2026-07-28T13:21:28Z,3.213611111111111,jarbas,NVIDIA GeForce RTX 3090,
TD3-BC-Go2JoystickFlatTerrain-ee07ae31,TD3-BC,go2-flat-forward,medium-expert,95.0947723388672,,2026-09-15T10:54:50Z,14.457222222222223,dgx-H100-02,NVIDIA H100 80GB HBM3,
TD3-BC-Go2JoystickFlatTerrain-034369cb,TD3-BC,go2-flat-forward,medium-replay,98.15052032470705,,2026-09-15T12:39:07Z,14.711944444444445,dgx-H100-02,NVIDIA H100 80GB HBM3,
TD3-BC-Go2JoystickFlatTerrain-19bdb52d,TD3-BC,go2-flat-forward,medium-replay,97.25650787353516,,2026-07-28T16:34:28Z,3.2325,jarbas,NVIDIA GeForce RTX 3090,
TD3-BC-Go2JoystickFlatTerrain-d60fa6d5,TD3-BC,go2-flat-forward,medium-replay,97.68359375,,2026-09-15T13:09:41Z,15.193888888888889,dgx-H100-02,NVIDIA H100 80GB HBM3,
TD3-BC-Go2Footstand-4ae21454,TD3-BC,go2-footstand,expert,94.42570495605467,,2026-09-14T22:39:40Z,3.653888888888889,dgx-H100-02,NVIDIA H100 80GB HBM3,
TD3-BC-Go2Footstand-ac4189d8,TD3-BC,go2-footstand,expert,94.32811737060548,,2026-09-15T01:25:53Z,3.658333333333333,dgx-H100-02,NVIDIA H100 80GB HBM3,
TD3-BC-Go2Footstand-e7e59f31,TD3-BC,go2-footstand,expert,93.40010833740234,,2026-07-27T17:57:14Z,0.7755555555555556,jarbas,NVIDIA GeForce RTX 3090,
TD3-BC-Go2Footstand-1b67a518,TD3-BC,go2-footstand,medium,31.91046714782715,,2026-07-27T18:43:57Z,0.4041666666666667,jarbas,NVIDIA GeForce RTX 3090,
TD3-BC-Go2Footstand-530e4ed4,TD3-BC,go2-footstand,medium,28.677919387817383,,2026-09-15T01:17:07Z,1.7233333333333334,dgx-H100-02,NVIDIA H100 80GB HBM3,
TD3-BC-Go2Footstand-6987be63,TD3-BC,go2-footstand,medium,43.56265640258789,,2026-09-15T01:32:04Z,1.7566666666666666,dgx-H100-02,NVIDIA H100 80GB HBM3,
TD3-BC-Go2Footstand-1b9daf2f,TD3-BC,go2-footstand,medium-expert,74.64031219482422,,2026-09-15T01:26:04Z,3.504722222222222,dgx-H100-02,NVIDIA H100 80GB HBM3,
TD3-BC-Go2Footstand-4392fb80,TD3-BC,go2-footstand,medium-expert,95.59273529052734,,2026-07-27T19:08:24Z,0.7786111111111111,jarbas,NVIDIA GeForce RTX 3090,
TD3-BC-Go2Footstand-e36f2818,TD3-BC,go2-footstand,medium-expert,14.867178916931152,,2026-09-15T01:37:24Z,2.6605555555555553,dgx-H100-02,NVIDIA H100 80GB HBM3,
TD3-BC-Go2Footstand-0da9332a,TD3-BC,go2-footstand,medium-replay,-0.4782948493957519,,2026-09-12T16:08:54Z,1.5297222222222222,dgx-H100-02,NVIDIA H100 80GB HBM3,
TD3-BC-Go2Footstand-1177abd0,TD3-BC,go2-footstand,medium-replay,0.05215650424361229,,2026-09-15T01:26:09Z,1.5375,dgx-H100-02,NVIDIA H100 80GB HBM3,
TD3-BC-Go2Footstand-e1f10f2d,TD3-BC,go2-footstand,medium-replay,0.08210205286741257,,2026-07-27T19:55:19Z,0.2916666666666667,jarbas,NVIDIA GeForce RTX 3090,
TD3-BC-Go2Getup-0bb9fe95,TD3-BC,go2-getup,expert,-10.131054878234863,,2026-09-14T14:44:51Z,2.6525,dgx-H100-02,NVIDIA H100 80GB HBM3,
TD3-BC-Go2Getup-1d1ff327,TD3-BC,go2-getup,expert,-0.050009194761514664,,2026-07-22T18:00:47Z,2.318611111111111,ovx-l40s-01,NVIDIA L40S,
TD3-BC-Go2Getup-43cf713b,TD3-BC,go2-getup,expert,-13.084539413452148,,2026-09-14T14:38:35Z,2.6705555555555556,dgx-H100-02,NVIDIA H100 80GB HBM3,
TD3-BC-Go2Getup-82db12c0,TD3-BC,go2-getup,medium,1.344856858253479,,2026-09-14T14:38:35Z,2.673888888888889,dgx-H100-02,NVIDIA H100 80GB HBM3,
TD3-BC-Go2Getup-e0068e31,TD3-BC,go2-getup,medium,28.82719612121582,,2026-07-22T20:20:15Z,2.363611111111111,ovx-l40s-01,NVIDIA L40S,
TD3-BC-Go2Getup-e62aa402,TD3-BC,go2-getup,medium,54.77249526977539,,2026-09-14T14:44:51Z,2.648888888888889,dgx-H100-02,NVIDIA H100 80GB HBM3,
TD3-BC-Go2Getup-389786b0,TD3-BC,go2-getup,medium-expert,39.264015197753906,,2026-09-14T14:44:51Z,2.671666666666667,dgx-H100-02,NVIDIA H100 80GB HBM3,
TD3-BC-Go2Getup-a992e2f0,TD3-BC,go2-getup,medium-expert,24.52159118652344,,2026-07-22T22:43:08Z,2.3216666666666668,ovx-l40s-01,NVIDIA L40S,
TD3-BC-Go2Getup-e3c0c22a,TD3-BC,go2-getup,medium-expert,40.85563278198242,,2026-09-11T12:38:02Z,2.8069444444444445,dgx-H100-02,NVIDIA H100 80GB HBM3,
TD3-BC-Go2Getup-56364a13,TD3-BC,go2-getup,medium-replay,45.0121955871582,,2026-09-14T14:44:51Z,2.674722222222222,dgx-H100-02,NVIDIA H100 80GB HBM3,
TD3-BC-Go2Getup-9f887b46,TD3-BC,go2-getup,medium-replay,50.864952087402344,,2026-09-14T14:38:35Z,2.6616666666666666,dgx-H100-02,NVIDIA H100 80GB HBM3,
TD3-BC-Go2Getup-ccdea30e,TD3-BC,go2-getup,medium-replay,41.33179473876953,,2026-07-23T01:03:54Z,2.3266666666666667,ovx-l40s-01,NVIDIA L40S,
TD3-BC-Go2GetupWalk-3f1c22de,TD3-BC,go2-getup-walk,expert,3.5275864601135254,,2026-09-14T14:38:35Z,8.014166666666666,dgx-H100-02,NVIDIA H100 80GB HBM3,
TD3-BC-Go2GetupWalk-b55d30bd,TD3-BC,go2-getup-walk,expert,14.857099533081056,,2026-07-27T10:33:08Z,1.6116666666666666,jarbas,NVIDIA GeForce RTX 3090,
TD3-BC-Go2GetupWalk-bdbf7063,TD3-BC,go2-getup-walk,expert,10.986854553222656,,2026-09-14T17:24:01Z,8.243611111111111,dgx-H100-02,NVIDIA H100 80GB HBM3,
TD3-BC-Go2GetupWalk-0b334e13,TD3-BC,go2-getup-walk,medium,20.498865127563477,,2026-09-14T17:18:31Z,7.973055555555556,dgx-H100-02,NVIDIA H100 80GB HBM3,
TD3-BC-Go2GetupWalk-a07cad99,TD3-BC,go2-getup-walk,medium,27.68930435180664,,2026-07-27T12:10:35Z,1.6147222222222222,jarbas,NVIDIA GeForce RTX 3090,
TD3-BC-Go2GetupWalk-af711692,TD3-BC,go2-getup-walk,medium,30.92862319946289,,2026-09-14T17:24:14Z,8.02361111111111,dgx-H100-02,NVIDIA H100 80GB HBM3,
TD3-BC-Go2GetupWalk-2470506d,TD3-BC,go2-getup-walk,medium-expert,11.760995864868164,,2026-09-14T17:25:24Z,8.107222222222223,dgx-H100-02,NVIDIA H100 80GB HBM3,
TD3-BC-Go2GetupWalk-32c2349b,TD3-BC,go2-getup-walk,medium-expert,13.701498031616213,,2026-09-14T17:19:03Z,8.113055555555556,dgx-H100-02,NVIDIA H100 80GB HBM3,
TD3-BC-Go2GetupWalk-ac884622,TD3-BC,go2-getup-walk,medium-expert,7.804903984069824,,2026-07-27T14:46:50Z,1.5866666666666667,jarbas,NVIDIA GeForce RTX 3090,
TD3-BC-Go2GetupWalk-1f68af1c,TD3-BC,go2-getup-walk,medium-replay,20.064939498901367,,2026-09-14T17:19:15Z,8.111666666666666,dgx-H100-02,NVIDIA H100 80GB HBM3,
TD3-BC-Go2GetupWalk-29e4c5c9,TD3-BC,go2-getup-walk,medium-replay,13.136717796325684,,2026-09-14T17:25:34Z,8.193055555555556,dgx-H100-02,NVIDIA H100 80GB HBM3,
TD3-BC-Go2GetupWalk-ed92249b,TD3-BC,go2-getup-walk,medium-replay,15.131293296813965,,2026-07-27T16:22:14Z,1.58,jarbas,NVIDIA GeForce RTX 3090,
TD3-BC-Go2Handstand-63e7c888,TD3-BC,go2-handstand,expert,-0.0025959096383303404,,2026-09-15T02:19:08Z,1.5666666666666667,dgx-H100-02,NVIDIA H100 80GB HBM3,
TD3-BC-Go2Handstand-bd077214,TD3-BC,go2-handstand,expert,87.51704406738281,,2026-09-15T01:38:52Z,3.506666666666667,dgx-H100-02,NVIDIA H100 80GB HBM3,
TD3-BC-Go2Handstand-fc4a6b3e,TD3-BC,go2-handstand,expert,27.296436309814453,,2026-07-27T20:12:59Z,0.35194444444444445,jarbas,NVIDIA GeForce RTX 3090,
TD3-BC-Go2Handstand-0ea2e203,TD3-BC,go2-handstand,medium,34.78037643432617,,2026-09-15T03:17:42Z,2.243333333333333,dgx-H100-02,NVIDIA H100 80GB HBM3,
TD3-BC-Go2Handstand-5ea3d7ec,TD3-BC,go2-handstand,medium,24.66433906555176,,2026-09-15T02:58:39Z,2.1275,dgx-H100-02,NVIDIA H100 80GB HBM3,
TD3-BC-Go2Handstand-9f7541fa,TD3-BC,go2-handstand,medium,29.558670043945312,,2026-07-27T20:34:17Z,0.45694444444444443,jarbas,NVIDIA GeForce RTX 3090,
TD3-BC-Go2Handstand-1d9d15a6,TD3-BC,go2-handstand,medium-expert,39.514549255371094,,2026-07-27T21:01:54Z,0.4752777777777778,jarbas,NVIDIA GeForce RTX 3090,
TD3-BC-Go2Handstand-2cca282d,TD3-BC,go2-handstand,medium-expert,44.669918060302734,,2026-09-15T04:10:18Z,2.495833333333333,dgx-H100-02,NVIDIA H100 80GB HBM3,
TD3-BC-Go2Handstand-f6c5790d,TD3-BC,go2-handstand,medium-expert,48.53710174560547,,2026-09-15T03:00:45Z,2.2716666666666665,dgx-H100-02,NVIDIA H100 80GB HBM3,
TD3-BC-Go2Handstand-6a8de901,TD3-BC,go2-handstand,medium-replay,0.15784378349781036,,2026-09-15T03:53:23Z,1.5444444444444445,dgx-H100-02,NVIDIA H100 80GB HBM3,
TD3-BC-Go2Handstand-6c83ffdd,TD3-BC,go2-handstand,medium-replay,0.40429994463920593,,2026-09-15T04:17:16Z,1.095,dgx-H100-02,NVIDIA H100 80GB HBM3,
TD3-BC-Go2Handstand-bcf0dd1a,TD3-BC,go2-handstand,medium-replay,0.6141787767410278,,2026-07-27T21:30:36Z,0.23305555555555554,jarbas,NVIDIA GeForce RTX 3090,
TD3-BC-Go2JoystickFlatTerrain-005175dc,TD3-BC,go2-joystick-direction,expert,71.45585632324219,,2026-07-28T01:37:05Z,1.371388888888889,jarbas,NVIDIA GeForce RTX 3090,
TD3-BC-Go2JoystickFlatTerrain-57ce21e1,TD3-BC,go2-joystick-direction,expert,78.79143524169922,,2026-09-15T05:26:17Z,8.2325,dgx-H100-02,NVIDIA H100 80GB HBM3,
TD3-BC-Go2JoystickFlatTerrain-79a3913a,TD3-BC,go2-joystick-direction,expert,78.23600769042969,,2026-09-15T05:36:58Z,8.24388888888889,dgx-H100-02,NVIDIA H100 80GB HBM3,
TD3-BC-Go2JoystickFlatTerrain-13e7dff6,TD3-BC,go2-joystick-direction,medium,43.91928482055664,,2026-09-15T06:50:00Z,8.052777777777777,dgx-H100-02,NVIDIA H100 80GB HBM3,
TD3-BC-Go2JoystickFlatTerrain-97cf9be8,TD3-BC,go2-joystick-direction,medium,24.963029861450195,,2026-07-28T02:59:33Z,1.3144444444444445,jarbas,NVIDIA GeForce RTX 3090,
TD3-BC-Go2JoystickFlatTerrain-9fb3a12c,TD3-BC,go2-joystick-direction,medium,42.23663330078125,,2026-09-15T06:40:18Z,8.090277777777779,dgx-H100-02,NVIDIA H100 80GB HBM3,
TD3-BC-Go2JoystickFlatTerrain-0b781bf1,TD3-BC,go2-joystick-direction,medium-expert,23.59986114501953,,2026-09-15T07:51:42Z,6.6594444444444445,dgx-H100-02,NVIDIA H100 80GB HBM3,
TD3-BC-Go2JoystickFlatTerrain-d87bec62,TD3-BC,go2-joystick-direction,medium-expert,40.260799407958984,,2026-07-28T04:18:37Z,1.1833333333333333,jarbas,NVIDIA GeForce RTX 3090,
TD3-BC-Go2JoystickFlatTerrain-f33a4081,TD3-BC,go2-joystick-direction,medium-expert,20.96174430847168,,2026-09-15T07:24:43Z,6.053333333333334,dgx-H100-02,NVIDIA H100 80GB HBM3,
TD3-BC-Go2JoystickFlatTerrain-434f5cb0,TD3-BC,go2-joystick-direction,medium-replay,52.916015625,,2026-09-15T07:51:51Z,7.7811111111111115,dgx-H100-02,NVIDIA H100 80GB HBM3,
TD3-BC-Go2JoystickFlatTerrain-6a3e7abe,TD3-BC,go2-joystick-direction,medium-replay,64.45689392089844,,2026-07-28T05:29:49Z,1.3305555555555555,jarbas,NVIDIA GeForce RTX 3090,
TD3-BC-Go2JoystickFlatTerrain-b92a9272,TD3-BC,go2-joystick-direction,medium-replay,47.15044403076172,,2026-09-15T07:49:23Z,7.715,dgx-H100-02,NVIDIA H100 80GB HBM3,
TD3-BC-Go2PushRecovery-5d33529d,TD3-BC,go2-push-recovery,expert,86.9782485961914,13.862238883972168,2026-07-27T21:44:53Z,1.301388888888889,jarbas,NVIDIA GeForce RTX 3090,
TD3-BC-Go2PushRecovery-8ffd55f9,TD3-BC,go2-push-recovery,expert,83.88117218017578,16.74614143371582,2026-09-15T04:39:13Z,7.994166666666667,dgx-H100-02,NVIDIA H100 80GB HBM3,
TD3-BC-Go2PushRecovery-a91d08bf,TD3-BC,go2-push-recovery,expert,89.60939025878906,11.904918670654297,2026-09-15T05:05:37Z,8.063333333333333,dgx-H100-02,NVIDIA H100 80GB HBM3,
TD3-BC-Go2PushRecovery-70e0f4e8,TD3-BC,go2-push-recovery,medium,54.323272705078125,8.353975296020508,2026-07-27T23:03:09Z,0.9227777777777778,jarbas,NVIDIA GeForce RTX 3090,
TD3-BC-Go2PushRecovery-88ae02e3,TD3-BC,go2-push-recovery,medium,46.72957229614258,9.986384391784668,2026-09-15T04:56:35Z,5.552222222222222,dgx-H100-02,NVIDIA H100 80GB HBM3,
TD3-BC-Go2PushRecovery-8c7d1c2e,TD3-BC,go2-push-recovery,medium,47.798370361328125,8.95128059387207,2026-09-15T05:09:31Z,5.614166666666667,dgx-H100-02,NVIDIA H100 80GB HBM3,
TD3-BC-Go2PushRecovery-455d98e2,TD3-BC,go2-push-recovery,medium-expert,48.80973052978515,7.528295516967773,2026-09-15T05:23:12Z,5.844444444444444,dgx-H100-02,NVIDIA H100 80GB HBM3,
TD3-BC-Go2PushRecovery-941a6926,TD3-BC,go2-push-recovery,medium-expert,42.19399642944336,8.271774291992188,2026-09-15T05:06:32Z,5.800833333333333,dgx-H100-02,NVIDIA H100 80GB HBM3,
TD3-BC-Go2PushRecovery-9bff9ba1,TD3-BC,go2-push-recovery,medium-expert,45.99040222167969,6.5856032371521,2026-07-27T23:58:44Z,0.9927777777777778,jarbas,NVIDIA GeForce RTX 3090,
TD3-BC-Go2PushRecovery-7f3b0c93,TD3-BC,go2-push-recovery,medium-replay,28.82672882080078,6.760142803192139,2026-07-28T00:58:30Z,0.6397222222222222,jarbas,NVIDIA GeForce RTX 3090,
TD3-BC-Go2PushRecovery-8a6035ab,TD3-BC,go2-push-recovery,medium-replay,35.132999420166016,8.884320259094238,2026-09-15T05:32:32Z,4.775277777777778,dgx-H100-02,NVIDIA H100 80GB HBM3,
TD3-BC-Go2PushRecovery-922d64d0,TD3-BC,go2-push-recovery,medium-replay,33.08077621459961,7.254470825195312,2026-09-15T05:17:17Z,4.554444444444444,dgx-H100-02,NVIDIA H100 80GB HBM3,
TD3-BC-Go2RoughCurriculum-7a29d6a4,TD3-BC,go2-rough-terrain,expert,58.27927017211914,20.25199317932129,2026-09-15T13:51:51Z,10.028055555555556,dgx-H100-02,NVIDIA H100 80GB HBM3,
TD3-BC-Go2RoughCurriculum-bd8c34e5,TD3-BC,go2-rough-terrain,expert,58.22754669189453,20.368135452270508,2026-07-28T19:48:46Z,1.5733333333333333,jarbas,NVIDIA GeForce RTX 3090,
TD3-BC-Go2RoughCurriculum-dd85804d,TD3-BC,go2-rough-terrain,expert,55.53333282470703,15.109333038330078,2026-09-15T13:28:10Z,10.230277777777777,dgx-H100-02,NVIDIA H100 80GB HBM3,
TD3-BC-Go2RoughCurriculum-67948cd1,TD3-BC,go2-rough-terrain,medium,53.79192733764648,27.865262985229492,2026-09-15T14:31:32Z,10.332222222222223,dgx-H100-02,NVIDIA H100 80GB HBM3,
TD3-BC-Go2RoughCurriculum-6cf3cb80,TD3-BC,go2-rough-terrain,medium,54.493682861328125,30.754228591918945,2026-09-15T13:40:29Z,10.654166666666667,dgx-H100-02,NVIDIA H100 80GB HBM3,
TD3-BC-Go2RoughCurriculum-a1bc7972,TD3-BC,go2-rough-terrain,medium,56.138526916503906,25.656232833862305,2026-07-28T21:24:35Z,1.6083333333333334,jarbas,NVIDIA GeForce RTX 3090,
TD3-BC-Go2RoughCurriculum-c2141932,TD3-BC,go2-rough-terrain,medium-expert,58.021705627441406,23.629316329956055,2026-09-15T14:45:58Z,9.0825,dgx-H100-02,NVIDIA H100 80GB HBM3,
TD3-BC-Go2RoughCurriculum-daedf78b,TD3-BC,go2-rough-terrain,medium-expert,52.10709381103515,17.967618942260742,2026-09-15T14:53:25Z,8.984444444444444,dgx-H100-02,NVIDIA H100 80GB HBM3,
TD3-BC-Go2RoughCurriculum-db22f4cf,TD3-BC,go2-rough-terrain,medium-expert,56.69804382324219,24.077898025512695,2026-07-28T23:01:22Z,1.2977777777777777,jarbas,NVIDIA GeForce RTX 3090,
TD3-BC-Go2RoughCurriculum-2f198241,TD3-BC,go2-rough-terrain,medium-replay,63.231712341308594,26.817121505737305,2026-07-29T00:19:25Z,1.498888888888889,jarbas,NVIDIA GeForce RTX 3090,
TD3-BC-Go2RoughCurriculum-341f0c17,TD3-BC,go2-rough-terrain,medium-replay,54.916805267333984,25.90386199951172,2026-09-15T15:38:58Z,8.977222222222222,dgx-H100-02,NVIDIA H100 80GB HBM3,
TD3-BC-Go2RoughCurriculum-aefc0896,TD3-BC,go2-rough-terrain,medium-replay,58.92599105834961,25.243532180786133,2026-09-15T15:32:32Z,8.819166666666666,dgx-H100-02,NVIDIA H100 80GB HBM3,
TD3-BC-H1JoystickGaitTracking-8a8d86bb,TD3-BC,h1-gait-tracking,expert,-0.0420508049428463,,2026-09-16T00:51:43Z,4.579722222222222,dgx-H100-02,NVIDIA H100 80GB HBM3,
TD3-BC-H1JoystickGaitTracking-cf4477b7,TD3-BC,h1-gait-tracking,expert,2.6590399742126465,,2026-08-04T06:59:12Z,1.5538888888888889,jarbas,NVIDIA GeForce RTX 3090,
TD3-BC-H1JoystickGaitTracking-d2f7cfae,TD3-BC,h1-gait-tracking,expert,45.40303421020508,,2026-09-16T00:34:45Z,10.642222222222221,dgx-H100-02,NVIDIA H100 80GB HBM3,
TD3-BC-H1JoystickGaitTracking-28dfbe71,TD3-BC,h1-gait-tracking,medium,104.89431762695312,,2026-08-04T08:32:38Z,2.910277777777778,jarbas,NVIDIA GeForce RTX 3090,
TD3-BC-H1JoystickGaitTracking-c335801f,TD3-BC,h1-gait-tracking,medium,95.51795959472656,,2026-09-16T00:56:25Z,16.075,dgx-H100-02,NVIDIA H100 80GB HBM3,
TD3-BC-H1JoystickGaitTracking-d74a9487,TD3-BC,h1-gait-tracking,medium,100.06417846679688,,2026-09-16T01:24:57Z,16.299444444444443,dgx-H100-02,NVIDIA H100 80GB HBM3,
TD3-BC-H1JoystickGaitTracking-0e82c9e6,TD3-BC,h1-gait-tracking,medium-expert,103.91315460205078,,2026-09-16T01:22:31Z,15.552222222222222,dgx-H100-02,NVIDIA H100 80GB HBM3,
TD3-BC-H1JoystickGaitTracking-5154f89d,TD3-BC,h1-gait-tracking,medium-expert,92.0487823486328,,2026-09-16T01:43:59Z,15.557777777777778,dgx-H100-02,NVIDIA H100 80GB HBM3,
TD3-BC-H1JoystickGaitTracking-df4d040e,TD3-BC,h1-gait-tracking,medium-expert,88.07205200195312,,2026-08-04T11:27:28Z,2.8044444444444445,jarbas,NVIDIA GeForce RTX 3090,
TD3-BC-H1JoystickGaitTracking-232b0294,TD3-BC,h1-gait-tracking,medium-replay,26.99248504638672,,2026-09-16T04:21:34Z,8.039722222222222,dgx-H100-02,NVIDIA H100 80GB HBM3,
TD3-BC-H1JoystickGaitTracking-d9f9fea2,TD3-BC,h1-gait-tracking,medium-replay,45.53693389892578,,2026-09-16T03:22:06Z,7.833333333333333,dgx-H100-02,NVIDIA H100 80GB HBM3,
TD3-BC-H1JoystickGaitTracking-e48c24c6,TD3-BC,h1-gait-tracking,medium-replay,0.008749833330512047,,2026-08-04T14:15:55Z,1.4641666666666666,jarbas,NVIDIA GeForce RTX 3090,
