algorithm,env,task,dataset,train_seed,checkpoint,checkpoint_step,suite,n_episodes,nominal_score,ratio_valid,precision,source,score,score_std,score_median,srr,gap,delta_mean,p5_delta,p5_retention,critical_rate_10,critical_rate_50,srr_ci_low,srr_ci_high
AWAC,G1JoystickFlatTerrain,g1-joystick-direction,expert,0,AWAC-G1JoystickFlatTerrain-39ab80d3,,default,100.0,0.7643332132697105,True,full,json,0.7643332132697105,0.2581940079725349,0.8847766220569611,1.0,0.0,,,,,,,
BC,G1JoystickFlatTerrain,g1-joystick-direction,expert,0,BC-G1JoystickFlatTerrain-0060081b,,default,100.0,0.6921086758375168,True,full,json,0.6921086758375168,0.2724777051129212,0.7597197890281677,1.0,0.0,,,,,,,
CQL,G1JoystickFlatTerrain,g1-joystick-direction,expert,0,CQL-G1JoystickFlatTerrain-08cd4b9a,,default,100.0,-0.0374475265247747,False,full,json,-0.0374475265247747,0.0562744612689263,-0.0220433110371232,1.0,0.0,,,,,,,
IQL,G1JoystickFlatTerrain,g1-joystick-direction,expert,0,IQL-G1JoystickFlatTerrain-2c11723d,,default,100.0,0.6988205467909574,True,full,json,0.6988205467909574,0.2879526762385999,0.805739164352417,1.0,0.0,,,,,,,
TD3-BC,G1JoystickFlatTerrain,g1-joystick-direction,expert,0,TD3-BC-G1JoystickFlatTerrain-4fc9f7d3,,default,100.0,0.48012359348475,True,full,json,0.48012359348475,0.3132974179229106,0.4234226942062378,1.0,0.0,,,,,,,
DT,G1JoystickFlatTerrain,g1-joystick-direction,expert,0,DT-G1JoystickFlatTerrain-77277f5f,,default,100.0,0.8031050381064415,True,full,json,0.8031050381064415,0.2210691935761581,0.8968663513660431,1.0,0.0,,,,,,,
AWAC,G1JoystickFlatTerrain,g1-joystick-direction,expert,0,AWAC-G1JoystickFlatTerrain-39ab80d3,,humanoid_gym_relative,100.0,0.7643332132697105,True,full,json,0.4287451569456607,0.3283414068719514,0.3618558049201965,0.5609401102845564,0.3355880563240497,-0.3355880563240498,-0.8951424559578299,-0.1711416440069846,64.0,49.0,0.4778756720126035,0.6444750819914153
BC,G1JoystickFlatTerrain,g1-joystick-direction,expert,0,BC-G1JoystickFlatTerrain-0060081b,,humanoid_gym_relative,100.0,0.6921086758375168,True,full,json,0.3475463542342186,0.2943826086894278,0.2915236502885818,0.5021557543887956,0.3445623216032982,-0.3445623216032982,-0.8931323319673539,-0.290450998734526,70.0,50.0,0.4212484594218146,0.5775966208960654
CQL,G1JoystickFlatTerrain,g1-joystick-direction,expert,0,CQL-G1JoystickFlatTerrain-08cd4b9a,,humanoid_gym_relative,100.0,-0.0374475265247747,False,full,json,-0.0321103909920202,0.0464221097225054,-0.0208180919289588,0.8574769543397345,-0.0053371355327544,0.0053371355327544,-0.0350534685887396,1.9360689968548064,32.0,20.0,0.6968325351623972,1.013232411282055
IQL,G1JoystickFlatTerrain,g1-joystick-direction,expert,0,IQL-G1JoystickFlatTerrain-2c11723d,,humanoid_gym_relative,100.0,0.6988205467909574,True,full,json,0.3900467242859304,0.3188555353058806,0.2996444851160049,0.5581500516506815,0.308773822505027,-0.308773822505027,-0.8689648103900254,-0.2434734702355057,68.0,49.0,0.4740912330964988,0.6386965406473835
TD3-BC,G1JoystickFlatTerrain,g1-joystick-direction,expert,0,TD3-BC-G1JoystickFlatTerrain-4fc9f7d3,,humanoid_gym_relative,100.0,0.48012359348475,True,full,json,0.237592389913043,0.2758775094352377,0.1756423413753509,0.4948567267619386,0.242531203571707,-0.242531203571707,-0.8829592779278755,-0.8390249717147479,71.0,55.00000000000001,0.3758269186153328,0.6018232473059721
DT,G1JoystickFlatTerrain,g1-joystick-direction,expert,0,DT-G1JoystickFlatTerrain-77277f5f,,humanoid_gym_relative,100.0,0.8031050381064415,True,full,json,0.4990091136051341,0.3185418757168475,0.4720032811164856,0.6213497486975007,0.3040959245013073,-0.3040959245013073,-0.8450542164966464,-0.0522337383029155,61.0,41.0,0.5465896846012778,0.6952519287490008
BC,G1JoystickFlatTerrain,g1-joystick-direction,expert,1,BC-G1JoystickFlatTerrain-e1bc66b5,,default,100.0,0.7472989543154835,True,full,json,0.7472989543154835,0.2570861697096183,0.8475147485733032,1.0,0.0,,,,,,,
AWAC,G1JoystickFlatTerrain,g1-joystick-direction,expert,1,AWAC-G1JoystickFlatTerrain-fbb04059,,default,100.0,0.790761466100812,True,full,json,0.790761466100812,0.2392553195585108,0.883650541305542,1.0,0.0,,,,,,,
CQL,G1JoystickFlatTerrain,g1-joystick-direction,expert,1,CQL-G1JoystickFlatTerrain-d36d62f2,,default,100.0,-0.033176370220026,False,full,json,-0.033176370220026,0.0592380933727508,-0.0213462505489587,1.0,0.0,,,,,,,
DT,G1JoystickFlatTerrain,g1-joystick-direction,expert,1,DT-G1JoystickFlatTerrain-78ebc084,,default,100.0,0.7838251499831677,True,full,json,0.7838251499831677,0.231241656762768,0.8781091570854187,1.0,0.0,,,,,,,
IQL,G1JoystickFlatTerrain,g1-joystick-direction,expert,1,IQL-G1JoystickFlatTerrain-ddc86f99,,default,100.0,0.6555893342662603,True,full,json,0.6555893342662603,0.3300256436682641,0.8060676753520966,1.0,0.0,,,,,,,
TD3-BC,G1JoystickFlatTerrain,g1-joystick-direction,expert,1,TD3-BC-G1JoystickFlatTerrain-36b3d7fc,,default,100.0,0.5111145510477946,True,full,json,0.5111145510477946,0.2907026434413928,0.4973483979701996,1.0,0.0,,,,,,,
BC,G1JoystickFlatTerrain,g1-joystick-direction,expert,1,BC-G1JoystickFlatTerrain-e1bc66b5,,humanoid_gym_relative,100.0,0.7472989543154835,True,full,json,0.4162224194966256,0.326826576707547,0.3027191460132599,0.5569690912760344,0.3310765348188579,-0.3310765348188579,-0.8478621106594801,-0.1345688439188452,67.0,51.0,0.4782747394669667,0.6300713087984393
AWAC,G1JoystickFlatTerrain,g1-joystick-direction,expert,1,AWAC-G1JoystickFlatTerrain-fbb04059,,humanoid_gym_relative,100.0,0.790761466100812,True,full,json,0.4379002303117886,0.3280107699057405,0.3478613197803497,0.5537703202345496,0.3528612357890234,-0.3528612357890233,-0.8807061376981438,-0.1137443786188046,67.0,48.0,0.4806603476631632,0.6262889500161593
CQL,G1JoystickFlatTerrain,g1-joystick-direction,expert,1,CQL-G1JoystickFlatTerrain-d36d62f2,,humanoid_gym_relative,100.0,-0.033176370220026,False,full,json,-0.0328509300624864,0.053228949847558,-0.0215251203626394,0.9901906038731412,-0.0003254401575395,0.0003254401575395,-0.0480134725570678,2.4472189765981653,41.0,25.0,0.722089928847675,1.2050456990502554
DT,G1JoystickFlatTerrain,g1-joystick-direction,expert,1,DT-G1JoystickFlatTerrain-78ebc084,,humanoid_gym_relative,100.0,0.7838251499831677,True,full,json,0.4737414350139443,0.3231277400754377,0.4189042299985885,0.6043968288388267,0.3100837149692234,-0.3100837149692234,-0.86703469036147,-0.1061582935685199,64.0,45.0,0.5323055493372854,0.6833460929626666
IQL,G1JoystickFlatTerrain,g1-joystick-direction,expert,1,IQL-G1JoystickFlatTerrain-ddc86f99,,humanoid_gym_relative,100.0,0.6555893342662603,True,full,json,0.3630029804082733,0.3230658722403392,0.2967095077037811,0.5537048292808919,0.292586353857987,-0.292586353857987,-0.9085215681232512,-0.3858089517885068,65.0,50.0,0.4691317429292375,0.6354354069271937
TD3-BC,G1JoystickFlatTerrain,g1-joystick-direction,expert,1,TD3-BC-G1JoystickFlatTerrain-36b3d7fc,,humanoid_gym_relative,100.0,0.5111145510477946,True,full,json,0.231676110094304,0.2740265630434123,0.1663803234696388,0.4532762951462907,0.2794384409534906,-0.2794384409534905,-0.8074421394616366,-0.5797674666204763,79.0,57.99999999999999,0.349454313992952,0.547666781736688
AWAC,G1JoystickFlatTerrain,g1-joystick-direction,expert,2,AWAC-G1JoystickFlatTerrain-3a6dd793,,default,100.0,0.7598109599202871,True,full,json,0.7598109599202871,0.2720037558482525,0.8793240785598755,1.0,0.0,,,,,,,
BC,G1JoystickFlatTerrain,g1-joystick-direction,expert,2,BC-G1JoystickFlatTerrain-2d7a4b34,,default,100.0,0.7468263594806195,True,full,json,0.7468263594806195,0.2620118202668517,0.8642285168170929,1.0,0.0,,,,,,,
CQL,G1JoystickFlatTerrain,g1-joystick-direction,expert,2,CQL-G1JoystickFlatTerrain-ccd7dedd,,default,100.0,-0.0290824537727166,False,full,json,-0.0290824537727166,0.051606667333868,-0.0185211477801203,1.0,0.0,,,,,,,
DT,G1JoystickFlatTerrain,g1-joystick-direction,expert,2,DT-G1JoystickFlatTerrain-02d2381c,,default,100.0,0.8235987938940525,True,full,json,0.8235987938940525,0.2056133817130921,0.8941536843776703,1.0,0.0,,,,,,,
IQL,G1JoystickFlatTerrain,g1-joystick-direction,expert,2,IQL-G1JoystickFlatTerrain-7d221510,,default,100.0,0.6596375661157071,True,full,json,0.6596375661157071,0.3207464901429232,0.7536460757255554,1.0,0.0,,,,,,,
TD3-BC,G1JoystickFlatTerrain,g1-joystick-direction,expert,2,TD3-BC-G1JoystickFlatTerrain-d982405c,,default,100.0,0.4547373834531754,True,full,json,0.4547373834531754,0.2833669429242714,0.4049348682165146,1.0,0.0,,,,,,,
AWAC,G1JoystickFlatTerrain,g1-joystick-direction,expert,2,AWAC-G1JoystickFlatTerrain-3a6dd793,,humanoid_gym_relative,100.0,0.7598109599202871,True,full,json,0.4216434687376022,0.3399178598296437,0.3464869558811188,0.5549320699214939,0.3381674911826849,-0.3381674911826849,-0.8390357103198767,-0.1042690281907767,65.0,51.0,0.4719388070215385,0.6403886620711885
BC,G1JoystickFlatTerrain,g1-joystick-direction,expert,2,BC-G1JoystickFlatTerrain-2d7a4b34,,humanoid_gym_relative,100.0,0.7468263594806195,True,full,json,0.4243714790977537,0.3116817607417404,0.3396455943584442,0.568233129040709,0.3224548803828657,-0.3224548803828657,-0.7983152236789465,-0.0689435550107456,67.0,50.0,0.4930990513761475,0.6424166897918822
CQL,G1JoystickFlatTerrain,g1-joystick-direction,expert,2,CQL-G1JoystickFlatTerrain-ccd7dedd,,humanoid_gym_relative,100.0,-0.0290824537727166,False,full,json,-0.0305714693852314,0.0483185110592819,-0.0176930883899331,1.0511997929800434,0.0014890156125147,-0.0014890156125147,-0.047221212927252,2.623701125644081,43.0,23.0,0.8248251496139531,1.2146346511032131
DT,G1JoystickFlatTerrain,g1-joystick-direction,expert,2,DT-G1JoystickFlatTerrain-02d2381c,,humanoid_gym_relative,100.0,0.8235987938940525,True,full,json,0.4789451173483394,0.3399910750354308,0.4545455276966095,0.5815272204125529,0.3446536765457131,-0.3446536765457131,-0.8812396728433669,-0.0699865995150173,62.0,45.0,0.5077274566269899,0.6524261194272046
IQL,G1JoystickFlatTerrain,g1-joystick-direction,expert,2,IQL-G1JoystickFlatTerrain-7d221510,,humanoid_gym_relative,100.0,0.6596375661157071,True,full,json,0.3672418545163236,0.3225023370815752,0.3337820321321487,0.5567327777871063,0.2923957115993835,-0.2923957115993835,-0.8689051102846861,-0.3172462499388206,66.0,51.0,0.4653495289230361,0.6445440977465469
TD3-BC,G1JoystickFlatTerrain,g1-joystick-direction,expert,2,TD3-BC-G1JoystickFlatTerrain-d982405c,,humanoid_gym_relative,100.0,0.4547373834531754,True,full,json,0.2161980101396329,0.2700297098150729,0.1600594371557235,0.4754348729762944,0.2385393733135424,-0.2385393733135424,-0.7562997204251587,-0.663157127487486,73.0,50.0,0.369617373678671,0.5764617071027863
AWAC,G1JoystickFlatTerrain,g1-joystick-direction,medium,0,AWAC-G1JoystickFlatTerrain-e4d227ee,,default,100.0,0.3559319090470672,True,full,json,0.3559319090470672,0.1923655568194441,0.311371773481369,1.0,0.0,,,,,,,
BC,G1JoystickFlatTerrain,g1-joystick-direction,medium,0,BC-G1JoystickFlatTerrain-e92520bb,,default,100.0,0.2446352365612983,True,full,json,0.2446352365612983,0.1599972816800182,0.2288482636213302,1.0,0.0,,,,,,,
CQL,G1JoystickFlatTerrain,g1-joystick-direction,medium,0,CQL-G1JoystickFlatTerrain-c55c7a97,,default,100.0,0.2737212440138682,True,full,json,0.2737212440138682,0.1819004240688384,0.2480808570981025,1.0,0.0,,,,,,,
IQL,G1JoystickFlatTerrain,g1-joystick-direction,medium,0,IQL-G1JoystickFlatTerrain-61340479,,default,100.0,0.3567800393141806,True,full,json,0.3567800393141806,0.1968526501360873,0.3128046244382858,1.0,0.0,,,,,,,
TD3-BC,G1JoystickFlatTerrain,g1-joystick-direction,medium,0,TD3-BC-G1JoystickFlatTerrain-a2b56963,,default,100.0,0.0248126430116826,False,full,json,0.0248126430116826,0.0725250988615527,0.0075370292179286,1.0,0.0,,,,,,,
DT,G1JoystickFlatTerrain,g1-joystick-direction,medium,0,DT-G1JoystickFlatTerrain-b0b0d4ab,,default,100.0,0.336461185682565,True,full,json,0.336461185682565,0.1946064619978335,0.3030731528997421,1.0,0.0,,,,,,,
AWAC,G1JoystickFlatTerrain,g1-joystick-direction,medium,0,AWAC-G1JoystickFlatTerrain-e4d227ee,,humanoid_gym_relative,100.0,0.3559319090470672,True,full,json,0.2725598085299134,0.1891309230459495,0.2399145290255546,0.7657639048424598,0.0833721005171537,-0.0833721005171537,-0.3634983923286199,-0.0212582325136581,61.0,25.0,0.6900904033878896,0.8356243835990362
BC,G1JoystickFlatTerrain,g1-joystick-direction,medium,0,BC-G1JoystickFlatTerrain-e92520bb,,humanoid_gym_relative,100.0,0.2446352365612983,True,full,json,0.1897898505534976,0.1454839826775248,0.1879941001534462,0.7758074969953968,0.0548453860078007,-0.0548453860078007,-0.3054896876215934,-0.2487558698235474,56.00000000000001,22.0,0.678680915646706,0.8607405563447775
CQL,G1JoystickFlatTerrain,g1-joystick-direction,medium,0,CQL-G1JoystickFlatTerrain-c55c7a97,,humanoid_gym_relative,100.0,0.2737212440138682,True,full,json,0.0938635493977926,0.2046313726177162,0.0589097179472446,0.3429165673126818,0.1798576946160756,-0.1798576946160756,-0.5813262581825256,-1.1237893327456612,79.0,63.0,0.2037947256101661,0.4815461692977329
IQL,G1JoystickFlatTerrain,g1-joystick-direction,medium,0,IQL-G1JoystickFlatTerrain-61340479,,humanoid_gym_relative,100.0,0.3567800393141806,True,full,json,0.2689814170077443,0.1832451154685708,0.2419375032186508,0.7539138611139599,0.0877986223064363,-0.0877986223064363,-0.3806278746575117,-0.066841842915799,59.0,21.0,0.6850242236872741,0.8232507339590667
TD3-BC,G1JoystickFlatTerrain,g1-joystick-direction,medium,0,TD3-BC-G1JoystickFlatTerrain-a2b56963,,humanoid_gym_relative,100.0,0.0248126430116826,False,full,json,0.0047760324663249,0.0589384243486929,0.0011319431359879,0.1924838262524573,0.0200366105453576,-0.0200366105453576,-0.1520649712794693,-5.128527751270664,61.0,44.0,-0.1700876384434546,0.8710256379851644
DT,G1JoystickFlatTerrain,g1-joystick-direction,medium,0,DT-G1JoystickFlatTerrain-b0b0d4ab,,humanoid_gym_relative,100.0,0.336461185682565,True,full,json,0.2409168194461381,0.181577391442253,0.208875760436058,0.7160315355763847,0.0955443662364269,-0.0955443662364268,-0.4737003801390528,-0.407890123129883,60.0,33.0,0.6116192938009456,0.8146495746393018
BC,G1JoystickFlatTerrain,g1-joystick-direction,medium,1,BC-G1JoystickFlatTerrain-183326c0,,default,100.0,0.2244293631892651,True,full,json,0.2244293631892651,0.1441910213635872,0.2246740385890007,1.0,0.0,,,,,,,
AWAC,G1JoystickFlatTerrain,g1-joystick-direction,medium,1,AWAC-G1JoystickFlatTerrain-169a81e8,,default,100.0,0.3501352967508137,True,full,json,0.3501352967508137,0.1864794861749319,0.3059590458869934,1.0,0.0,,,,,,,
CQL,G1JoystickFlatTerrain,g1-joystick-direction,medium,1,CQL-G1JoystickFlatTerrain-594ee536,,default,100.0,0.3008155580726452,True,full,json,0.3008155580726452,0.1715646517435381,0.2869148850440979,1.0,0.0,,,,,,,
DT,G1JoystickFlatTerrain,g1-joystick-direction,medium,1,DT-G1JoystickFlatTerrain-aba2facc,,default,100.0,0.3167753474973142,True,full,json,0.3167753474973142,0.1770934035387631,0.2797638177871704,1.0,0.0,,,,,,,
IQL,G1JoystickFlatTerrain,g1-joystick-direction,medium,1,IQL-G1JoystickFlatTerrain-1732401e,,default,100.0,0.3549688911251724,True,full,json,0.3549688911251724,0.1925874831135017,0.3016207814216614,1.0,0.0,,,,,,,
TD3-BC,G1JoystickFlatTerrain,g1-joystick-direction,medium,1,TD3-BC-G1JoystickFlatTerrain-714be5c1,,default,100.0,0.0087330702930921,False,full,json,0.0087330702930921,0.0659453455612643,0.0113103291951119,1.0,0.0,,,,,,,
BC,G1JoystickFlatTerrain,g1-joystick-direction,medium,1,BC-G1JoystickFlatTerrain-183326c0,,humanoid_gym_relative,100.0,0.2244293631892651,True,full,json,0.1753166470490396,0.1569159662480011,0.1622416675090789,0.7811662634411705,0.0491127161402255,-0.0491127161402255,-0.3076495416462421,-0.3708078892813861,56.00000000000001,27.0,0.6539948297484854,0.8902274604419044
AWAC,G1JoystickFlatTerrain,g1-joystick-direction,medium,1,AWAC-G1JoystickFlatTerrain-169a81e8,,humanoid_gym_relative,100.0,0.3501352967508137,True,full,json,0.251741586200369,0.1784261422885085,0.2256055995821952,0.7189837429601676,0.0983937105504446,-0.0983937105504446,-0.4064972728490829,-0.160971991745183,65.0,30.0,0.6183708479189665,0.8057437412928612
CQL,G1JoystickFlatTerrain,g1-joystick-direction,medium,1,CQL-G1JoystickFlatTerrain-594ee536,,humanoid_gym_relative,100.0,0.3008155580726452,True,full,json,0.1396491246880032,0.2339743476353399,0.0953325405716896,0.46423504682653,0.1611664333846419,-0.161166433384642,-0.5535121198743582,-0.8400382062043754,70.0,56.00000000000001,0.324962822006308,0.6100033323923691
DT,G1JoystickFlatTerrain,g1-joystick-direction,medium,1,DT-G1JoystickFlatTerrain-aba2facc,,humanoid_gym_relative,100.0,0.3167753474973142,True,full,json,0.253377769025974,0.1866110053925216,0.2208451926708221,0.7998658071967618,0.0633975784713402,-0.0633975784713402,-0.4258412342052907,-0.3443004247952128,61.0,24.0,0.6769144125425871,0.9150337569490682
IQL,G1JoystickFlatTerrain,g1-joystick-direction,medium,1,IQL-G1JoystickFlatTerrain-1732401e,,humanoid_gym_relative,100.0,0.3549688911251724,True,full,json,0.2573589572915807,0.1908576019599723,0.2165276259183883,0.7250183430886299,0.0976099338335916,-0.0976099338335916,-0.4419618673622608,-0.2450721131120535,62.0,33.0,0.6288408893568839,0.8224353072707536
TD3-BC,G1JoystickFlatTerrain,g1-joystick-direction,medium,1,TD3-BC-G1JoystickFlatTerrain-714be5c1,,humanoid_gym_relative,100.0,0.0087330702930921,False,full,json,0.0029191383483703,0.0594831191918126,0.0060228439979255,0.334262550328875,0.0058139319447218,-0.0058139319447218,-0.0714713653549552,-7.183990619139848,50.0,30.0,-4.093977070762668,3.909215555631716
AWAC,G1JoystickFlatTerrain,g1-joystick-direction,medium,2,AWAC-G1JoystickFlatTerrain-eb8f6445,,default,100.0,0.3838580891117453,True,full,json,0.3838580891117453,0.198695307896119,0.3324854522943496,1.0,0.0,,,,,,,
BC,G1JoystickFlatTerrain,g1-joystick-direction,medium,2,BC-G1JoystickFlatTerrain-21344791,,default,100.0,0.3128848616406322,True,full,json,0.3128848616406322,0.1813774331958412,0.289327010512352,1.0,0.0,,,,,,,
CQL,G1JoystickFlatTerrain,g1-joystick-direction,medium,2,CQL-G1JoystickFlatTerrain-5a766896,,default,100.0,0.2974985046091024,True,full,json,0.2974985046091024,0.1872847467866483,0.2558131366968155,1.0,0.0,,,,,,,
DT,G1JoystickFlatTerrain,g1-joystick-direction,medium,2,DT-G1JoystickFlatTerrain-9bc05cbb,,default,100.0,0.3154993885941803,True,full,json,0.3154993885941803,0.1889703871996094,0.2677579969167709,1.0,0.0,,,,,,,
IQL,G1JoystickFlatTerrain,g1-joystick-direction,medium,2,IQL-G1JoystickFlatTerrain-a889dd4f,,default,100.0,0.3503597696311772,True,full,json,0.3503597696311772,0.1993217587987786,0.3036215454339981,1.0,0.0,,,,,,,
TD3-BC,G1JoystickFlatTerrain,g1-joystick-direction,medium,2,TD3-BC-G1JoystickFlatTerrain-10fd4b8e,,default,100.0,-0.0094324412482092,False,full,json,-0.0094324412482092,0.0532498034912898,0.0020423994283191,1.0,0.0,,,,,,,
AWAC,G1JoystickFlatTerrain,g1-joystick-direction,medium,2,AWAC-G1JoystickFlatTerrain-eb8f6445,,humanoid_gym_relative,100.0,0.3838580891117453,True,full,json,0.2611087653320282,0.1794035128358871,0.2281621322035789,0.6802221256721168,0.122749323779717,-0.122749323779717,-0.5073988743126392,-0.3218397337588208,59.0,30.0,0.6007740059177398,0.7630678036465786
BC,G1JoystickFlatTerrain,g1-joystick-direction,medium,2,BC-G1JoystickFlatTerrain-21344791,,humanoid_gym_relative,100.0,0.3128848616406322,True,full,json,0.2134325584862381,0.1630539168935369,0.2025346383452415,0.682144087659245,0.099452303154394,-0.099452303154394,-0.3880133155733347,-0.2401153368007693,70.0,32.0,0.6041451963720785,0.7525821685754195
CQL,G1JoystickFlatTerrain,g1-joystick-direction,medium,2,CQL-G1JoystickFlatTerrain-5a766896,,humanoid_gym_relative,100.0,0.2974985046091024,True,full,json,0.1242693945160135,0.2158114185626255,0.0993762575089931,0.4177143501252119,0.1732291100930888,-0.1732291100930888,-0.5626294478774071,-0.8912009276035624,75.0,56.00000000000001,0.2962797969807902,0.549288787283885
DT,G1JoystickFlatTerrain,g1-joystick-direction,medium,2,DT-G1JoystickFlatTerrain-9bc05cbb,,humanoid_gym_relative,100.0,0.3154993885941803,True,full,json,0.2503532984433695,0.1854884062070848,0.2272568121552467,0.7935143695805803,0.0651460901508108,-0.0651460901508107,-0.4001019015908241,-0.2681542850958296,56.00000000000001,23.0,0.6857936893117161,0.8931864614045281
IQL,G1JoystickFlatTerrain,g1-joystick-direction,medium,2,IQL-G1JoystickFlatTerrain-a889dd4f,,humanoid_gym_relative,100.0,0.3503597696311772,True,full,json,0.2567246689926833,0.1756315667098859,0.2327996045351028,0.7327458551047019,0.0936351006384939,-0.0936351006384939,-0.4667675564065575,-0.3322521501196399,63.0,27.0,0.6382869649029189,0.8206163626694235
TD3-BC,G1JoystickFlatTerrain,g1-joystick-direction,medium,2,TD3-BC-G1JoystickFlatTerrain-10fd4b8e,,humanoid_gym_relative,100.0,-0.0094324412482092,False,full,json,-0.0045145122583926,0.0437962314434698,0.0029019046342,0.4786154654554291,-0.0049179289898165,0.0049179289898165,-0.0316689911065623,4.357454371907675,45.0,25.0,-1.2075211164234991,2.5973907006072148
AWAC,G1JoystickFlatTerrain,g1-joystick-direction,medium-expert,0,AWAC-G1JoystickFlatTerrain-a20f5675,,default,100.0,0.6641811044700444,True,full,json,0.6641811044700444,0.2817949979589637,0.6862857341766357,1.0,0.0,,,,,,,
BC,G1JoystickFlatTerrain,g1-joystick-direction,medium-expert,0,BC-G1JoystickFlatTerrain-a2e9a32d,,default,100.0,0.5624932952597738,True,full,json,0.5624932952597738,0.2947272481222258,0.5020236372947693,1.0,0.0,,,,,,,
CQL,G1JoystickFlatTerrain,g1-joystick-direction,medium-expert,0,CQL-G1JoystickFlatTerrain-b84ad58f,,default,100.0,-0.0375207713188137,False,full,json,-0.0375207713188137,0.0830835061978343,-0.0157098495401442,1.0,0.0,,,,,,,
IQL,G1JoystickFlatTerrain,g1-joystick-direction,medium-expert,0,IQL-G1JoystickFlatTerrain-490a66d9,,default,100.0,0.5898496557469479,True,full,json,0.5898496557469479,0.2997080039022939,0.5486178994178772,1.0,0.0,,,,,,,
TD3-BC,G1JoystickFlatTerrain,g1-joystick-direction,medium-expert,0,TD3-BC-G1JoystickFlatTerrain-eba156a5,,default,100.0,-0.0353028115804772,False,full,json,-0.0353028115804772,0.0634665515326436,-0.033057739958167,1.0,0.0,,,,,,,
DT,G1JoystickFlatTerrain,g1-joystick-direction,medium-expert,0,DT-G1JoystickFlatTerrain-f15c1f08,,default,100.0,0.5472823754692218,True,full,json,0.5472823754692218,0.3026899738087824,0.5202154517173767,1.0,0.0,,,,,,,
AWAC,G1JoystickFlatTerrain,g1-joystick-direction,medium-expert,0,AWAC-G1JoystickFlatTerrain-a20f5675,,humanoid_gym_relative,100.0,0.6641811044700444,True,full,json,0.3935366613510996,0.3051754586643848,0.3544627726078033,0.5925140879536249,0.2706444431189448,-0.2706444431189447,-0.8103622741997242,-0.2200923343736478,67.0,45.0,0.5199742198854292,0.6702346333725567
BC,G1JoystickFlatTerrain,g1-joystick-direction,medium-expert,0,BC-G1JoystickFlatTerrain-a2e9a32d,,humanoid_gym_relative,100.0,0.5624932952597738,True,full,json,0.3395277573534986,0.2981559330765044,0.29782135784626,0.6036120967392082,0.2229655379062751,-0.2229655379062751,-0.8086290299892426,-0.4375798552688473,69.0,43.0,0.508720093666323,0.6893079164923742
CQL,G1JoystickFlatTerrain,g1-joystick-direction,medium-expert,0,CQL-G1JoystickFlatTerrain-b84ad58f,,humanoid_gym_relative,100.0,-0.0375207713188137,False,full,json,-0.0353569649078417,0.0883263809923175,0.0030097935232333,0.9423304389830854,-0.002163806410972,0.002163806410972,-0.03669248460792,1.977924581990712,19.0,7.000000000000001,0.5695767160952654,1.202192157510635
IQL,G1JoystickFlatTerrain,g1-joystick-direction,medium-expert,0,IQL-G1JoystickFlatTerrain-490a66d9,,humanoid_gym_relative,100.0,0.5898496557469479,True,full,json,0.3231526625494007,0.3022226214388993,0.2756150513887405,0.5478559822844702,0.2666969931975472,-0.2666969931975472,-0.8295836027711629,-0.4064322911583821,69.0,50.0,0.457368055170778,0.6408432098861545
TD3-BC,G1JoystickFlatTerrain,g1-joystick-direction,medium-expert,0,TD3-BC-G1JoystickFlatTerrain-eba156a5,,humanoid_gym_relative,100.0,-0.0353028115804772,False,full,json,-0.0235135976341553,0.0567824388644912,-0.0221935138106346,0.6660545316781086,-0.0117892139463219,0.0117892139463219,-0.0660482790321111,2.8709070489058823,30.0,20.0,0.4369297064993087,0.9151671770612804
DT,G1JoystickFlatTerrain,g1-joystick-direction,medium-expert,0,DT-G1JoystickFlatTerrain-f15c1f08,,humanoid_gym_relative,100.0,0.5472823754692218,True,full,json,0.2813166395016014,0.2933819246885365,0.1675406023859977,0.5140246646174379,0.2659657359676203,-0.2659657359676203,-0.8544521195814013,-0.5612637239575318,67.0,52.0,0.4100311604652222,0.6068600966735549
BC,G1JoystickFlatTerrain,g1-joystick-direction,medium-expert,1,BC-G1JoystickFlatTerrain-7e3aa627,,default,100.0,0.5905576374250814,True,full,json,0.5905576374250814,0.2891597360382776,0.5571939051151276,1.0,0.0,,,,,,,
AWAC,G1JoystickFlatTerrain,g1-joystick-direction,medium-expert,1,AWAC-G1JoystickFlatTerrain-cc3fece6,,default,100.0,0.077311607201118,True,full,json,0.077311607201118,0.1098690524355102,0.0488417781889438,1.0,0.0,,,,,,,
CQL,G1JoystickFlatTerrain,g1-joystick-direction,medium-expert,1,CQL-G1JoystickFlatTerrain-bc81bb0a,,default,100.0,-0.089946274831891,False,full,json,-0.089946274831891,0.0868878641352654,-0.0569919347763061,1.0,0.0,,,,,,,
DT,G1JoystickFlatTerrain,g1-joystick-direction,medium-expert,1,DT-G1JoystickFlatTerrain-8052afa3,,default,100.0,0.478008550228551,True,full,json,0.478008550228551,0.3102143822216333,0.4437276273965835,1.0,0.0,,,,,,,
IQL,G1JoystickFlatTerrain,g1-joystick-direction,medium-expert,1,IQL-G1JoystickFlatTerrain-d305d385,,default,100.0,0.6155889933276921,True,full,json,0.6155889933276921,0.2872346795904053,0.6030101478099823,1.0,0.0,,,,,,,
TD3-BC,G1JoystickFlatTerrain,g1-joystick-direction,medium-expert,1,TD3-BC-G1JoystickFlatTerrain-bbba7353,,default,100.0,0.0155934728286229,False,full,json,0.0155934728286229,0.0843517133861992,0.0147098288871347,1.0,0.0,,,,,,,
BC,G1JoystickFlatTerrain,g1-joystick-direction,medium-expert,1,BC-G1JoystickFlatTerrain-7e3aa627,,humanoid_gym_relative,100.0,0.5905576374250814,True,full,json,0.3271286420105025,0.2907832730953325,0.2726866006851196,0.5539317778309188,0.2634289954145788,-0.2634289954145788,-0.8399952841922641,-0.4223764641411933,69.0,49.0,0.4743285373667812,0.6313625090445762
AWAC,G1JoystickFlatTerrain,g1-joystick-direction,medium-expert,1,AWAC-G1JoystickFlatTerrain-cc3fece6,,humanoid_gym_relative,100.0,0.077311607201118,True,full,json,0.0517042526986915,0.0760350722896427,0.036294525489211,0.6687773617768467,0.0256073545024264,-0.0256073545024264,-0.1845972924493253,-1.3877047591199971,59.0,32.0,0.4575847311329486,0.8299588831792545
CQL,G1JoystickFlatTerrain,g1-joystick-direction,medium-expert,1,CQL-G1JoystickFlatTerrain-bc81bb0a,,humanoid_gym_relative,100.0,-0.089946274831891,False,full,json,-0.0940634550154209,0.0818033610084152,-0.0649239458143711,1.045773770967445,0.0041171801835298,-0.0041171801835298,-0.0327944826334714,1.3646007874674535,42.0,13.0,0.9889629326054376,1.100378852012911
DT,G1JoystickFlatTerrain,g1-joystick-direction,medium-expert,1,DT-G1JoystickFlatTerrain-8052afa3,,humanoid_gym_relative,100.0,0.478008550228551,True,full,json,0.2455019920651102,0.2577109723217659,0.1408322155475616,0.5135933069559696,0.2325065581634408,-0.2325065581634408,-0.8334021468646824,-0.7434879490465315,69.0,52.0,0.4099017446183375,0.6050313228106861
IQL,G1JoystickFlatTerrain,g1-joystick-direction,medium-expert,1,IQL-G1JoystickFlatTerrain-d305d385,,humanoid_gym_relative,100.0,0.6155889933276921,True,full,json,0.3256096714921295,0.2777842148550298,0.2959138303995132,0.528940047696402,0.2899793218355626,-0.2899793218355626,-0.8206044040620327,-0.333039435331824,70.0,50.0,0.4559702194377711,0.6039745919733023
TD3-BC,G1JoystickFlatTerrain,g1-joystick-direction,medium-expert,1,TD3-BC-G1JoystickFlatTerrain-bbba7353,,humanoid_gym_relative,100.0,0.0155934728286229,False,full,json,-0.0026682938604358,0.0586496193609346,0.0048555692192167,-0.1711160746397675,0.0182617666890587,-0.0182617666890587,-0.1248220213223248,-7.004760882592192,61.0,38.0,-1.7940923976226637,4.081780189132266
AWAC,G1JoystickFlatTerrain,g1-joystick-direction,medium-expert,2,AWAC-G1JoystickFlatTerrain-9d141a95,,default,100.0,0.6164494006149471,True,full,json,0.6164494006149471,0.2792809521943082,0.5882011950016022,1.0,0.0,,,,,,,
BC,G1JoystickFlatTerrain,g1-joystick-direction,medium-expert,2,BC-G1JoystickFlatTerrain-005a8d1d,,default,100.0,0.5513308582268656,True,full,json,0.5513308582268656,0.2827432335269287,0.4848814755678177,1.0,0.0,,,,,,,
CQL,G1JoystickFlatTerrain,g1-joystick-direction,medium-expert,2,CQL-G1JoystickFlatTerrain-49cd07cb,,default,100.0,-0.0256277164367202,False,full,json,-0.0256277164367202,0.0490303151266949,-0.0082416180521249,1.0,0.0,,,,,,,
DT,G1JoystickFlatTerrain,g1-joystick-direction,medium-expert,2,DT-G1JoystickFlatTerrain-11fcd40a,,default,100.0,0.5291070320899598,True,full,json,0.5291070320899598,0.2854407829964028,0.4605161249637604,1.0,0.0,,,,,,,
IQL,G1JoystickFlatTerrain,g1-joystick-direction,medium-expert,2,IQL-G1JoystickFlatTerrain-5c8aeafc,,default,100.0,0.6116611235495657,True,full,json,0.6116611235495657,0.2838391342849473,0.5966365337371826,1.0,0.0,,,,,,,
TD3-BC,G1JoystickFlatTerrain,g1-joystick-direction,medium-expert,2,TD3-BC-G1JoystickFlatTerrain-2825ac37,,default,100.0,-0.0073176658235024,False,full,json,-0.0073176658235024,0.064779183391136,0.0015577029553242,1.0,0.0,,,,,,,
AWAC,G1JoystickFlatTerrain,g1-joystick-direction,medium-expert,2,AWAC-G1JoystickFlatTerrain-9d141a95,,humanoid_gym_relative,100.0,0.6164494006149471,True,full,json,0.3496556814573705,0.293859741273227,0.282782569527626,0.5672090541552428,0.2667937191575766,-0.2667937191575765,-0.8398748639971018,-0.3624392580466031,70.0,47.0,0.4863279813730305,0.6407170871648686
BC,G1JoystickFlatTerrain,g1-joystick-direction,medium-expert,2,BC-G1JoystickFlatTerrain-005a8d1d,,humanoid_gym_relative,100.0,0.5513308582268656,True,full,json,0.2819703038060106,0.2731710164132862,0.2347896471619606,0.5114357369962113,0.2693605544208549,-0.2693605544208549,-0.8061581522226333,-0.4622039383308191,72.0,50.0,0.4256675664032996,0.5953281608116927
CQL,G1JoystickFlatTerrain,g1-joystick-direction,medium-expert,2,CQL-G1JoystickFlatTerrain-49cd07cb,,humanoid_gym_relative,100.0,-0.0256277164367202,False,full,json,-0.0270185711202793,0.0473910731766121,-0.0103948363102972,1.0542715027690213,0.0013908546835591,-0.0013908546835591,-0.0147346484940499,1.5749497240783272,46.0,34.0,0.9053695156906816,1.1585170365915882
DT,G1JoystickFlatTerrain,g1-joystick-direction,medium-expert,2,DT-G1JoystickFlatTerrain-11fcd40a,,humanoid_gym_relative,100.0,0.5291070320899598,True,full,json,0.2715456588545384,0.2640383765214065,0.2376324757933616,0.5132149874892794,0.2575613732354213,-0.2575613732354213,-0.776536419428885,-0.4676357945226794,72.0,57.99999999999999,0.4275954977091954,0.6014216535187327
IQL,G1JoystickFlatTerrain,g1-joystick-direction,medium-expert,2,IQL-G1JoystickFlatTerrain-5c8aeafc,,humanoid_gym_relative,100.0,0.6116611235495657,True,full,json,0.3038139410433359,0.2756967995936016,0.2603946030139923,0.4967030424955829,0.3078471825062298,-0.3078471825062297,-0.8469860971905291,-0.3847309638960468,76.0,52.0,0.410146359764405,0.5736273795973852
TD3-BC,G1JoystickFlatTerrain,g1-joystick-direction,medium-expert,2,TD3-BC-G1JoystickFlatTerrain-2825ac37,,humanoid_gym_relative,100.0,-0.0073176658235024,False,full,json,-0.0052447064049192,0.059284398536745,-0.0015155733563005,0.716718490761715,-0.0020729594185831,0.0020729594185831,-0.0475360078358789,7.496061583354288,42.0,26.0,-2.572725150839899,2.6209443155792727
AWAC,G1JoystickFlatTerrain,g1-joystick-direction,medium-replay,0,AWAC-G1JoystickFlatTerrain-fccca621,,default,100.0,0.1864456064067781,True,full,json,0.1864456064067781,0.1386029570612228,0.1841056644916534,1.0,0.0,,,,,,,
BC,G1JoystickFlatTerrain,g1-joystick-direction,medium-replay,0,BC-G1JoystickFlatTerrain-defc385d,,default,100.0,0.0543912095250561,True,full,json,0.0543912095250561,0.0377978786848004,0.0445418879389762,1.0,0.0,,,,,,,
CQL,G1JoystickFlatTerrain,g1-joystick-direction,medium-replay,0,CQL-G1JoystickFlatTerrain-3bb8bb64,,default,100.0,0.0343611345304816,False,full,json,0.0343611345304816,0.0813427087215454,0.0492374598979949,1.0,0.0,,,,,,,
IQL,G1JoystickFlatTerrain,g1-joystick-direction,medium-replay,0,IQL-G1JoystickFlatTerrain-947d0c29,,default,100.0,0.152699475439731,True,full,json,0.152699475439731,0.0967682176315435,0.1449934914708137,1.0,0.0,,,,,,,
TD3-BC,G1JoystickFlatTerrain,g1-joystick-direction,medium-replay,0,TD3-BC-G1JoystickFlatTerrain-6df9e4c9,,default,100.0,-0.0237857599297422,False,full,json,-0.0237857599297422,0.0390151417963506,-0.0174278300255537,1.0,0.0,,,,,,,
DT,G1JoystickFlatTerrain,g1-joystick-direction,medium-replay,0,DT-G1JoystickFlatTerrain-ca86ec81,,default,100.0,0.073843991679314,True,full,json,0.073843991679314,0.0616795916267174,0.0598921366035938,1.0,0.0,,,,,,,
AWAC,G1JoystickFlatTerrain,g1-joystick-direction,medium-replay,0,AWAC-G1JoystickFlatTerrain-fccca621,,humanoid_gym_relative,100.0,0.1864456064067781,True,full,json,0.1195831116731278,0.1117958265802156,0.0889551751315593,0.6413833716855046,0.0668624947336502,-0.0668624947336502,-0.3332353461533784,-0.7873059739811811,56.99999999999999,32.0,0.5257057151078989,0.7429593863308317
BC,G1JoystickFlatTerrain,g1-joystick-direction,medium-replay,0,BC-G1JoystickFlatTerrain-defc385d,,humanoid_gym_relative,100.0,0.0543912095250561,True,full,json,0.0465602243324974,0.047875069261177,0.0414709821343421,0.856024801416647,0.0078309851925587,-0.0078309851925587,-0.0570296448655426,-0.048508488109113,39.0,18.0,0.747857969926052,0.9842250676037748
CQL,G1JoystickFlatTerrain,g1-joystick-direction,medium-replay,0,CQL-G1JoystickFlatTerrain-3bb8bb64,,humanoid_gym_relative,100.0,0.0343611345304816,False,full,json,0.0150776701781433,0.0783848932543999,0.0250295083969831,0.4388001264849959,0.0192834643523383,-0.0192834643523383,-0.1383506203070283,-3.0263693908097804,59.0,40.0,0.1228798648981804,0.8923995727688961
IQL,G1JoystickFlatTerrain,g1-joystick-direction,medium-replay,0,IQL-G1JoystickFlatTerrain-947d0c29,,humanoid_gym_relative,100.0,0.152699475439731,True,full,json,0.1131300486513646,0.1051745354922509,0.0891531035304069,0.740867303738813,0.0395694267883664,-0.0395694267883664,-0.2131181124597788,-0.3956702329596044,55.00000000000001,26.0,0.6258600752950473,0.8521539963191951
TD3-BC,G1JoystickFlatTerrain,g1-joystick-direction,medium-replay,0,TD3-BC-G1JoystickFlatTerrain-6df9e4c9,,humanoid_gym_relative,100.0,-0.0237857599297422,False,full,json,-0.0268880831444403,0.0395177028038797,-0.0210809810087084,1.130427752733639,0.0031023232146981,-0.0031023232146981,-0.0231421427743043,1.9729410724173235,44.0,25.0,0.9850838211213082,1.2367758581294133
DT,G1JoystickFlatTerrain,g1-joystick-direction,medium-replay,0,DT-G1JoystickFlatTerrain-ca86ec81,,humanoid_gym_relative,100.0,0.073843991679314,True,full,json,0.0485684399376623,0.0690236910287663,0.0457046180963516,0.657716881673771,0.0252755517416517,-0.0252755517416517,-0.1486774817109108,-1.0133998491926035,56.00000000000001,30.0,0.5017329624947539,0.814871164826726
BC,G1JoystickFlatTerrain,g1-joystick-direction,medium-replay,1,BC-G1JoystickFlatTerrain-da0a4f53,,default,100.0,0.0470258490971173,False,full,json,0.0470258490971173,0.0352606947548635,0.0426608864217996,1.0,0.0,,,,,,,
AWAC,G1JoystickFlatTerrain,g1-joystick-direction,medium-replay,1,AWAC-G1JoystickFlatTerrain-5c2eea7b,,default,100.0,0.1772967078839428,True,full,json,0.1772967078839428,0.1363254566467847,0.1516147032380104,1.0,0.0,,,,,,,
CQL,G1JoystickFlatTerrain,g1-joystick-direction,medium-replay,1,CQL-G1JoystickFlatTerrain-c648ed0f,,default,100.0,0.033821688753087,False,full,json,0.033821688753087,0.0954254913629212,0.0396452397108078,1.0,0.0,,,,,,,
DT,G1JoystickFlatTerrain,g1-joystick-direction,medium-replay,1,DT-G1JoystickFlatTerrain-9b2834a5,,default,100.0,0.0645514989440562,True,full,json,0.0645514989440562,0.0477229523761429,0.0552290882915258,1.0,0.0,,,,,,,
IQL,G1JoystickFlatTerrain,g1-joystick-direction,medium-replay,1,IQL-G1JoystickFlatTerrain-14b726f8,,default,100.0,0.1430037948966492,True,full,json,0.1430037948966492,0.1102313090059977,0.1251527294516563,1.0,0.0,,,,,,,
TD3-BC,G1JoystickFlatTerrain,g1-joystick-direction,medium-replay,1,TD3-BC-G1JoystickFlatTerrain-594e6f62,,default,100.0,-0.0074435059765528,False,full,json,-0.0074435059765528,0.0596525110347223,0.0021769651211798,1.0,0.0,,,,,,,
BC,G1JoystickFlatTerrain,g1-joystick-direction,medium-replay,1,BC-G1JoystickFlatTerrain-da0a4f53,,humanoid_gym_relative,100.0,0.0470258490971173,False,full,json,0.040575250231559,0.0318480790820538,0.0381954573094844,0.8628286572298447,0.0064505988655582,-0.0064505988655582,-0.0433101733215153,0.0790134755021311,40.0,17.0,0.7797469723676916,0.9414569465230488
AWAC,G1JoystickFlatTerrain,g1-joystick-direction,medium-replay,1,AWAC-G1JoystickFlatTerrain-5c2eea7b,,humanoid_gym_relative,100.0,0.1772967078839428,True,full,json,0.1194598580896854,0.1139950931950474,0.088980171829462,0.6737849761309894,0.0578368497942574,-0.0578368497942574,-0.2873829713091254,-0.6209154402192524,62.0,29.0,0.5578373682448213,0.7697879407630139
CQL,G1JoystickFlatTerrain,g1-joystick-direction,medium-replay,1,CQL-G1JoystickFlatTerrain-c648ed0f,,humanoid_gym_relative,100.0,0.033821688753087,False,full,json,0.0102609744726214,0.086615845173602,0.0262949038296937,0.3033844509519024,0.0235607142804656,-0.0235607142804656,-0.1645737785845994,-3.86592434180502,61.0,42.0,-0.1187752163150485,0.8700187212154562
DT,G1JoystickFlatTerrain,g1-joystick-direction,medium-replay,1,DT-G1JoystickFlatTerrain-9b2834a5,,humanoid_gym_relative,100.0,0.0645514989440562,True,full,json,0.0453178023570217,0.0454061558950648,0.0468454342335462,0.7020410540163684,0.0192336965870345,-0.0192336965870345,-0.0969990704208612,-0.5026617817957383,57.99999999999999,26.0,0.579611937962953,0.8288990656746779
IQL,G1JoystickFlatTerrain,g1-joystick-direction,medium-replay,1,IQL-G1JoystickFlatTerrain-14b726f8,,humanoid_gym_relative,100.0,0.1430037948966492,True,full,json,0.107731824927032,0.1032431662835209,0.0763061121106147,0.7533494128941911,0.0352719699696171,-0.0352719699696172,-0.2269844643771648,-0.5872618243537499,54.0,24.0,0.6198755073510233,0.8715093131812601
TD3-BC,G1JoystickFlatTerrain,g1-joystick-direction,medium-replay,1,TD3-BC-G1JoystickFlatTerrain-594e6f62,,humanoid_gym_relative,100.0,-0.0074435059765528,False,full,json,-0.0143599197878211,0.0663580110719411,-0.001904351345729,1.929187648005536,0.0069164138112682,-0.0069164138112682,-0.0546683366876095,8.344433773522269,56.00000000000001,34.0,-8.119574789647107,11.93315477008274
AWAC,G1JoystickFlatTerrain,g1-joystick-direction,medium-replay,2,AWAC-G1JoystickFlatTerrain-38988b75,,default,100.0,0.1772175370110199,True,full,json,0.1772175370110199,0.132486212430323,0.1677875071763992,1.0,0.0,,,,,,,
BC,G1JoystickFlatTerrain,g1-joystick-direction,medium-replay,2,BC-G1JoystickFlatTerrain-3f032e42,,default,100.0,0.0546972887984156,True,full,json,0.0546972887984156,0.0380136779057736,0.0447735283523798,1.0,0.0,,,,,,,
CQL,G1JoystickFlatTerrain,g1-joystick-direction,medium-replay,2,CQL-G1JoystickFlatTerrain-c9aa74be,,default,100.0,0.0329537220363272,False,full,json,0.0329537220363272,0.0910587297525932,0.04673339612782,1.0,0.0,,,,,,,
IQL,G1JoystickFlatTerrain,g1-joystick-direction,medium-replay,2,IQL-G1JoystickFlatTerrain-d5b90806,,default,100.0,0.1538198344316333,True,full,json,0.1538198344316333,0.1187213234717222,0.1343863531947136,1.0,0.0,,,,,,,
TD3-BC,G1JoystickFlatTerrain,g1-joystick-direction,medium-replay,2,TD3-BC-G1JoystickFlatTerrain-db961232,,default,100.0,0.0099343949150352,False,full,json,0.0099343949150352,0.0531750135110156,0.0079514940734952,1.0,0.0,,,,,,,
DT,G1JoystickFlatTerrain,g1-joystick-direction,medium-replay,2,DT-G1JoystickFlatTerrain-a7a309f8,,default,100.0,0.07685964227188379,True,full,json,0.07685964227188379,0.054571582003816455,0.06664087250828743,1.0,0.0,,,,,,,
AWAC,G1JoystickFlatTerrain,g1-joystick-direction,medium-replay,2,AWAC-G1JoystickFlatTerrain-38988b75,,humanoid_gym_relative,100.0,0.1772175370110199,True,full,json,0.135107667397242,0.1214246382394379,0.1168193183839321,0.7623831685960101,0.0421098696137778,-0.0421098696137778,-0.1915401991456747,-0.0808196659101757,56.99999999999999,21.0,0.672688710746413,0.8573587133911987
BC,G1JoystickFlatTerrain,g1-joystick-direction,medium-replay,2,BC-G1JoystickFlatTerrain-3f032e42,,humanoid_gym_relative,100.0,0.0546972887984156,True,full,json,0.0478998105810023,0.0390464064450647,0.0427382290363311,0.8757254999883982,0.0067974782174132,-0.0067974782174133,-0.0743936004117131,-0.3600966710779264,45.0,18.0,0.7789334197839636,0.9696338631406496
CQL,G1JoystickFlatTerrain,g1-joystick-direction,medium-replay,2,CQL-G1JoystickFlatTerrain-c9aa74be,,humanoid_gym_relative,100.0,0.0329537220363272,False,full,json,0.0033044820302166,0.0909293081208737,0.017201985232532,0.1002764430243672,0.0296492400061106,-0.0296492400061106,-0.1388603664003312,-3.213799165000408,67.0,51.0,-0.3330619767771486,1.1898781915307366
IQL,G1JoystickFlatTerrain,g1-joystick-direction,medium-replay,2,IQL-G1JoystickFlatTerrain-d5b90806,,humanoid_gym_relative,100.0,0.1538198344316333,True,full,json,0.1067573197220917,0.0976571186917774,0.0817101038992405,0.6940413121400222,0.0470625147095415,-0.0470625147095415,-0.2304681804031133,-0.4982994959960581,59.0,31.0,0.5791225306899201,0.795808421031112
TD3-BC,G1JoystickFlatTerrain,g1-joystick-direction,medium-replay,2,TD3-BC-G1JoystickFlatTerrain-db961232,,humanoid_gym_relative,100.0,0.0099343949150352,False,full,json,0.0023246311167167,0.0524356745192103,0.0001559528936923,0.2339982592395794,0.0076097637983184,-0.0076097637983184,-0.0777641186024993,-6.827765985506286,55.00000000000001,29.0,-1.417004760326877,2.7326208904235423
DT,G1JoystickFlatTerrain,g1-joystick-direction,medium-replay,2,DT-G1JoystickFlatTerrain-a7a309f8,,humanoid_gym_relative,100.0,0.07685964227188379,True,full,json,0.0457481050840579,0.05611239039164257,0.04697198048233986,0.5952162114185786,0.03111153718782589,-0.03111153718782589,-0.1237661441671662,-0.6102877987560111,62.0,22.0,0.4792547468150796,0.7239944689024866
AWAC,Go2Footstand,go2-footstand,expert,0,AWAC-Go2Footstand-6dd6e98b,,default,100.0,0.9889672094583511,True,full,json,0.9889672094583511,0.0008430482720009,0.9889806509017944,1.0,0.0,,,,,,,
BC,Go2Footstand,go2-footstand,expert,0,BC-Go2Footstand-6430b8ff,,default,100.0,0.9584188620746136,True,full,json,0.9584188620746136,0.1253835617624983,0.9880018532276154,1.0,0.0,,,,,,,
CQL,Go2Footstand,go2-footstand,expert,0,CQL-Go2Footstand-57c16b1e,,default,100.0,0.000884578519981,False,full,json,0.000884578519981,0.0013915421208358,0.000591652787989,1.0,0.0,,,,,,,
IQL,Go2Footstand,go2-footstand,expert,0,IQL-Go2Footstand-843a5589,,default,100.0,0.9719317889213562,True,full,json,0.9719317889213562,0.1153929465507789,0.9891176521778108,1.0,0.0,,,,,,,
TD3-BC,Go2Footstand,go2-footstand,expert,0,TD3-BC-Go2Footstand-e7e59f31,,default,100.0,0.9833174413442612,True,full,json,0.9833174413442612,0.0553996873573488,0.9899947047233582,1.0,0.0,,,,,,,
DT,Go2Footstand,go2-footstand,expert,0,DT-Go2Footstand-674a5871,,default,100.0,0.9577417093515396,True,full,json,0.9577417093515396,0.1516267712771781,0.9892607927322388,1.0,0.0,,,,,,,
AWAC,Go2Footstand,go2-footstand,expert,0,AWAC-Go2Footstand-6dd6e98b,,humanoid_gym_relative,100.0,0.9889672094583511,True,full,json,0.4331662542070262,0.4668363044435565,0.1480316370725631,0.4379986010297224,0.555800955251325,-0.5558009552513249,-0.9940700199920685,-0.0051597368294061,60.0,59.0,0.3434733446779179,0.5294824673135449
BC,Go2Footstand,go2-footstand,expert,0,BC-Go2Footstand-6430b8ff,,humanoid_gym_relative,100.0,0.9584188620746136,True,full,json,0.4052364510389452,0.4460314153390688,0.1126357465982437,0.4228176917989301,0.5531824110356683,-0.5531824110356683,-0.9927600387483836,-0.0358310734822499,69.0,57.99999999999999,0.3319946447814054,0.5167485567616271
CQL,Go2Footstand,go2-footstand,expert,0,CQL-Go2Footstand-57c16b1e,,humanoid_gym_relative,100.0,0.000884578519981,False,full,json,0.0020208813245412,0.0019915510165719,0.0017261204775422,2.2845697458091303,-0.0011363028045602,0.0011363028045602,-0.0011278536432655,-0.27501812195233,26.0,17.0,1.3393067793382345,2.817428607252641
IQL,Go2Footstand,go2-footstand,expert,0,IQL-Go2Footstand-843a5589,,humanoid_gym_relative,100.0,0.9719317889213562,True,full,json,0.4584341611899435,0.472671692555699,0.1390606835484504,0.4716731836693096,0.5134976277314127,-0.5134976277314126,-0.9935809925431386,-0.0222744063611794,59.0,55.00000000000001,0.3713980662585653,0.5719562327509531
TD3-BC,Go2Footstand,go2-footstand,expert,0,TD3-BC-Go2Footstand-e7e59f31,,humanoid_gym_relative,100.0,0.9833174413442612,True,full,json,0.4291754485340789,0.4680190430958302,0.1140348426997661,0.4364566624053441,0.5541419928101823,-0.5541419928101823,-0.99474095038604,-0.0116173155905402,60.0,57.99999999999999,0.3443940387972165,0.529124475749706
DT,Go2Footstand,go2-footstand,expert,0,DT-Go2Footstand-674a5871,,humanoid_gym_relative,100.0,0.9577417093515396,True,full,json,0.4311875352542847,0.4562341793877352,0.1558141335844993,0.4502127567841124,0.5265541740972548,-0.5265541740972549,-0.9940270941704512,-0.0378863992918085,61.0,56.99999999999999,0.3545540731784745,0.5437119006956048
BC,Go2Footstand,go2-footstand,expert,1,BC-Go2Footstand-d2c68bcb,,default,100.0,0.9822192770242693,True,full,json,0.9822192770242693,0.0638019448370008,0.988684058189392,1.0,0.0,,,,,,,
AWAC,Go2Footstand,go2-footstand,expert,1,AWAC-Go2Footstand-1da1d3fb,,default,100.0,0.9694837401807308,True,full,json,0.9694837401807308,0.1131676390788318,0.9888537228107452,1.0,0.0,,,,,,,
CQL,Go2Footstand,go2-footstand,expert,1,CQL-Go2Footstand-25ecbd73,,default,100.0,0.0019814119486909,False,full,json,0.0019814119486909,0.0027845287920804,0.0012943717883899,1.0,0.0,,,,,,,
DT,Go2Footstand,go2-footstand,expert,1,DT-Go2Footstand-59ff0d62,,default,100.0,0.9634344182536004,True,full,json,0.9634344182536004,0.1302913726837157,0.9890994131565094,1.0,0.0,,,,,,,
IQL,Go2Footstand,go2-footstand,expert,1,IQL-Go2Footstand-6af072f1,,default,100.0,0.9782389920949937,True,full,json,0.9782389920949937,0.0838885925035923,0.98903888463974,1.0,0.0,,,,,,,
TD3-BC,Go2Footstand,go2-footstand,expert,1,TD3-BC-Go2Footstand-4ae21454,,default,100.0,0.9236616764962672,True,full,json,0.9236616764962672,0.1919875858193225,0.9886938333511353,1.0,0.0,,,,,,,
BC,Go2Footstand,go2-footstand,expert,1,BC-Go2Footstand-d2c68bcb,,humanoid_gym_relative,100.0,0.9822192770242693,True,full,json,0.3932322561903856,0.4512071324736983,0.0797449648380279,0.4003507825479885,0.5889870208338834,-0.5889870208338834,-0.9933355196146294,-0.0113174754867752,65.0,62.0,0.3059771001365772,0.4850571032854814
AWAC,Go2Footstand,go2-footstand,expert,1,AWAC-Go2Footstand-1da1d3fb,,humanoid_gym_relative,100.0,0.9694837401807308,True,full,json,0.4187286993768066,0.4641809689411464,0.1235432140529155,0.4319089449594558,0.5507550408039241,-0.5507550408039242,-0.9935395881184376,-0.0248130494001089,62.0,59.0,0.3404818562454846,0.5233139703377748
CQL,Go2Footstand,go2-footstand,expert,1,CQL-Go2Footstand-25ecbd73,,humanoid_gym_relative,100.0,0.0019814119486909,False,full,json,0.003575270409201,0.0034555786277869,0.0029707752401009,1.8044053946293703,-0.00159385846051,0.00159385846051,-0.0024509629558451,-0.236977983030959,20.0,10.0,1.2020775147659082,2.1817733899622
DT,Go2Footstand,go2-footstand,expert,1,DT-Go2Footstand-59ff0d62,,humanoid_gym_relative,100.0,0.9634344182536004,True,full,json,0.4393224442601786,0.4606940756761348,0.1768748685717582,0.4559962109891508,0.5241119739934219,-0.524111973993422,-0.9939984107390046,-0.031723998962801,61.0,57.99999999999999,0.3558648158278518,0.5493295527712896
IQL,Go2Footstand,go2-footstand,expert,1,IQL-Go2Footstand-6af072f1,,humanoid_gym_relative,100.0,0.9782389920949937,True,full,json,0.4253967728459975,0.4656591250436845,0.112759742885828,0.4348597595102696,0.5528422192489961,-0.5528422192489961,-0.9936295304447412,-0.015732902157976,62.0,57.99999999999999,0.3416363074770699,0.5235170927790136
TD3-BC,Go2Footstand,go2-footstand,expert,1,TD3-BC-Go2Footstand-4ae21454,,humanoid_gym_relative,100.0,0.9236616764962672,True,full,json,0.3796421992755495,0.4317583567185954,0.1256268434226513,0.4110186759243374,0.5440194772207179,-0.5440194772207179,-0.9935539642581716,-0.0756687102435897,70.0,62.0,0.3198377531147218,0.5038935541060638
AWAC,Go2Footstand,go2-footstand,expert,2,AWAC-Go2Footstand-899358ce,,default,100.0,0.9764210495352744,True,full,json,0.9764210495352744,0.0768198900806316,0.9886240065097808,1.0,0.0,,,,,,,
BC,Go2Footstand,go2-footstand,expert,2,BC-Go2Footstand-f87f4fa7,,default,100.0,0.9627557149529458,True,full,json,0.9627557149529458,0.1294702955116403,0.9889533817768096,1.0,0.0,,,,,,,
CQL,Go2Footstand,go2-footstand,expert,2,CQL-Go2Footstand-bf605063,,default,100.0,0.0043255544975545,False,full,json,0.0043255544975545,0.0051408129631708,0.0021103704348206,1.0,0.0,,,,,,,
DT,Go2Footstand,go2-footstand,expert,2,DT-Go2Footstand-9c480354,,default,100.0,0.9731531682610512,True,full,json,0.9731531682610512,0.1110213724222468,0.9890850484371184,1.0,0.0,,,,,,,
IQL,Go2Footstand,go2-footstand,expert,2,IQL-Go2Footstand-9a842624,,default,100.0,0.9887781703472136,True,full,json,0.9887781703472136,0.0007680809034104,0.9889298677444458,1.0,0.0,,,,,,,
TD3-BC,Go2Footstand,go2-footstand,expert,2,TD3-BC-Go2Footstand-ac4189d8,,default,100.0,0.9591952885687351,True,full,json,0.9591952885687351,0.13532424904717,0.9895786941051484,1.0,0.0,,,,,,,
AWAC,Go2Footstand,go2-footstand,expert,2,AWAC-Go2Footstand-899358ce,,humanoid_gym_relative,100.0,0.9764210495352744,True,full,json,0.4092264828330371,0.4525425822180032,0.1372515484690666,0.4191086243253437,0.5671945667022373,-0.5671945667022373,-0.993348761543166,-0.0173364882044974,64.0,61.0,0.3286111488495216,0.5088154514243699
BC,Go2Footstand,go2-footstand,expert,2,BC-Go2Footstand-f87f4fa7,,humanoid_gym_relative,100.0,0.9627557149529458,True,full,json,0.4491495985805522,0.4748820456183208,0.0935248434543609,0.4665249882235228,0.5136061163723935,-0.5136061163723934,-0.9934479609597474,-0.0318795781007664,59.0,55.00000000000001,0.3684155611464692,0.5634484303235823
CQL,Go2Footstand,go2-footstand,expert,2,CQL-Go2Footstand-bf605063,,humanoid_gym_relative,100.0,0.0043255544975545,False,full,json,0.0057878738524595,0.0055045072648025,0.0043190428987145,1.3380651788647606,-0.001462319354905,0.001462319354905,-0.0079948477359721,-0.8482827439793044,32.0,23.0,0.980177718457634,1.60381217879973
DT,Go2Footstand,go2-footstand,expert,2,DT-Go2Footstand-9c480354,,humanoid_gym_relative,100.0,0.9731531682610512,True,full,json,0.4333320537908002,0.461495622227984,0.1518556103110313,0.4452865878915349,0.5398211144702509,-0.5398211144702509,-0.9934922840329818,-0.0209002204743114,59.0,56.99999999999999,0.3461083742577737,0.5360140944564741
IQL,Go2Footstand,go2-footstand,expert,2,IQL-Go2Footstand-9a842624,,humanoid_gym_relative,100.0,0.9887781703472136,True,full,json,0.416473363507539,0.4606576334547431,0.0978630855679512,0.4211999981363794,0.5723048068396747,-0.5723048068396747,-0.993545072840061,-0.0048210029668973,62.0,61.0,0.3348961827985237,0.5084489859943012
TD3-BC,Go2Footstand,go2-footstand,expert,2,TD3-BC-Go2Footstand-ac4189d8,,humanoid_gym_relative,100.0,0.9591952885687351,True,full,json,0.3764634603366721,0.4321839089606969,0.1111764460802078,0.3924784293909666,0.582731828232063,-0.5827318282320629,-0.9943071475368924,-0.0366055373567873,71.0,63.0,0.2990680224765738,0.4821046238891169
AWAC,Go2Footstand,go2-footstand,medium,0,AWAC-Go2Footstand-1f5ed968,,default,100.0,0.4855790451541543,True,full,json,0.4855790451541543,0.3007534298850468,0.3922371715307235,1.0,0.0,,,,,,,
BC,Go2Footstand,go2-footstand,medium,0,BC-Go2Footstand-1b47b6d0,,default,100.0,0.3920036520808935,True,full,json,0.3920036520808935,0.2451924992638965,0.3468021899461746,1.0,0.0,,,,,,,
CQL,Go2Footstand,go2-footstand,medium,0,CQL-Go2Footstand-47a89292,,default,100.0,0.5055150616914034,True,full,json,0.5055150616914034,0.2459912369500972,0.5392046570777893,1.0,0.0,,,,,,,
IQL,Go2Footstand,go2-footstand,medium,0,IQL-Go2Footstand-52d8b3f9,,default,100.0,0.5490571738034487,True,full,json,0.5490571738034487,0.2711133184588772,0.6641845405101776,1.0,0.0,,,,,,,
TD3-BC,Go2Footstand,go2-footstand,medium,0,TD3-BC-Go2Footstand-1b67a518,,default,100.0,0.2968666462600231,True,full,json,0.2968666462600231,0.22822733627241,0.2192910462617874,1.0,0.0,,,,,,,
DT,Go2Footstand,go2-footstand,medium,0,DT-Go2Footstand-b6f4202f,,default,100.0,0.3710569204390049,True,full,json,0.3710569204390049,0.267847943250522,0.2052429616451263,1.0,0.0,,,,,,,
AWAC,Go2Footstand,go2-footstand,medium,0,AWAC-Go2Footstand-1f5ed968,,humanoid_gym_relative,100.0,0.4855790451541543,True,full,json,0.396744127801503,0.288876390470992,0.3372859209775924,0.8170536429873136,0.0888349173526512,-0.0888349173526512,-0.7966710987500847,-0.6406620234140655,56.00000000000001,33.0,0.6333796936053353,0.9652795731569602
BC,Go2Footstand,go2-footstand,medium,0,BC-Go2Footstand-1b47b6d0,,humanoid_gym_relative,100.0,0.3920036520808935,True,full,json,0.2767930317879654,0.2887039629133847,0.1544664204120636,0.7060980945423608,0.115210620292928,-0.115210620292928,-0.7147111977916211,-0.823225865365494,57.99999999999999,46.0,0.5029369623680326,0.8692857929099268
CQL,Go2Footstand,go2-footstand,medium,0,CQL-Go2Footstand-47a89292,,humanoid_gym_relative,100.0,0.5055150616914034,True,full,json,0.3526704570429865,0.3208467480216757,0.268835112452507,0.697645794890831,0.1528446046484168,-0.1528446046484168,-0.7747360198525712,-0.5325676296575244,56.00000000000001,45.0,0.5495321830298809,0.8270139053366192
IQL,Go2Footstand,go2-footstand,medium,0,IQL-Go2Footstand-52d8b3f9,,humanoid_gym_relative,100.0,0.5490571738034487,True,full,json,0.4252630826097447,0.3190409887618565,0.4360535740852356,0.7745333325923911,0.1237940911937038,-0.1237940911937039,-0.8308508918620646,-0.5132320120809357,55.00000000000001,37.0,0.603448392223296,0.917830163778661
TD3-BC,Go2Footstand,go2-footstand,medium,0,TD3-BC-Go2Footstand-1b67a518,,humanoid_gym_relative,100.0,0.2968666462600231,True,full,json,0.1726101549342274,0.1997852469218475,0.1182312667369842,0.5814400408695277,0.1242564913257956,-0.1242564913257956,-0.6900472871959209,-1.3244352165837925,63.0,52.0,0.4143713934858896,0.717927905956984
DT,Go2Footstand,go2-footstand,medium,0,DT-Go2Footstand-b6f4202f,,humanoid_gym_relative,100.0,0.3710569204390049,True,full,json,0.3336073486122768,0.2726193041614756,0.2044751867651939,0.899073242503008,0.037449571826728,-0.037449571826728,-0.6833243250846863,-0.8415620015285837,44.0,33.0,0.6919067039728917,1.074638570659927
BC,Go2Footstand,go2-footstand,medium,1,BC-Go2Footstand-dbb93db8,,default,100.0,0.4167126307636499,True,full,json,0.4167126307636499,0.2585586184538807,0.3747415393590927,1.0,0.0,,,,,,,
AWAC,Go2Footstand,go2-footstand,medium,1,AWAC-Go2Footstand-7dc309f5,,default,100.0,0.1825562769174575,True,full,json,0.1825562769174575,0.1605087561092267,0.1370944306254387,1.0,0.0,,,,,,,
CQL,Go2Footstand,go2-footstand,medium,1,CQL-Go2Footstand-55f52197,,default,100.0,0.6934021266549826,True,full,json,0.6934021266549826,0.1637872044679759,0.7568568289279938,1.0,0.0,,,,,,,
DT,Go2Footstand,go2-footstand,medium,1,DT-Go2Footstand-37a65d4b,,default,100.0,0.4485162934660912,True,full,json,0.4485162934660912,0.2751040306665281,0.4075141102075577,1.0,0.0,,,,,,,
IQL,Go2Footstand,go2-footstand,medium,1,IQL-Go2Footstand-cad42771,,default,100.0,0.5272219225019217,True,full,json,0.5272219225019217,0.2977813335681936,0.6050231456756592,1.0,0.0,,,,,,,
TD3-BC,Go2Footstand,go2-footstand,medium,1,TD3-BC-Go2Footstand-530e4ed4,,default,100.0,0.2777874748781323,True,full,json,0.2777874748781323,0.1811457758930076,0.2538565993309021,1.0,0.0,,,,,,,
BC,Go2Footstand,go2-footstand,medium,1,BC-Go2Footstand-dbb93db8,,humanoid_gym_relative,100.0,0.4167126307636499,True,full,json,0.4048566477687563,0.2966844236734403,0.4168020486831665,0.9715487793754491,0.0118559829948935,-0.0118559829948935,-0.653328601422254,-0.567815691655402,45.0,32.0,0.7710312548067964,1.1295132224130793
AWAC,Go2Footstand,go2-footstand,medium,1,AWAC-Go2Footstand-7dc309f5,,humanoid_gym_relative,100.0,0.1825562769174575,True,full,json,0.12314624149265,0.1561252592220234,0.0735413245856762,0.674565912342364,0.0594100354248075,-0.0594100354248075,-0.595102196931839,-2.2598287332563927,67.0,46.0,0.4396508378192294,0.8514877150205344
CQL,Go2Footstand,go2-footstand,medium,1,CQL-Go2Footstand-55f52197,,humanoid_gym_relative,100.0,0.6934021266549826,True,full,json,0.4085478270100429,0.3305496860006759,0.4927882254123688,0.5891932131516592,0.2848542996449396,-0.2848542996449396,-0.795187784708105,-0.1467916727399484,61.0,45.0,0.4925057708946653,0.6892788672149872
DT,Go2Footstand,go2-footstand,medium,1,DT-Go2Footstand-37a65d4b,,humanoid_gym_relative,100.0,0.4485162934660912,True,full,json,0.3185226136550773,0.2875459195225786,0.1978097558021545,0.7101695485654822,0.1299936798110139,-0.1299936798110138,-0.7422530066221953,-0.6549075639730606,56.00000000000001,41.0,0.5634763776059187,0.8374006723564291
IQL,Go2Footstand,go2-footstand,medium,1,IQL-Go2Footstand-cad42771,,humanoid_gym_relative,100.0,0.5272219225019217,True,full,json,0.436457655718259,0.3262496025564421,0.4950146079063415,0.8278442854710166,0.0907642667836626,-0.0907642667836626,-0.8182424568061833,-0.5519886823431568,48.0,36.0,0.6832365050103261,0.956425756153331
TD3-BC,Go2Footstand,go2-footstand,medium,1,TD3-BC-Go2Footstand-530e4ed4,,humanoid_gym_relative,100.0,0.2777874748781323,True,full,json,0.2369300498999655,0.2251947957351063,0.1761582121253013,0.8529184046325656,0.0408574249781668,-0.0408574249781668,-0.5032758781919255,-0.8117299147944552,56.00000000000001,36.0,0.6327307647730398,1.0455435817917793
AWAC,Go2Footstand,go2-footstand,medium,2,AWAC-Go2Footstand-9e6586b0,,default,100.0,0.2474516285291974,True,full,json,0.2474516285291974,0.2447247073579982,0.1564406454563141,1.0,0.0,,,,,,,
BC,Go2Footstand,go2-footstand,medium,2,BC-Go2Footstand-4d605bba,,default,100.0,0.3736113332211971,True,full,json,0.3736113332211971,0.2216484876477199,0.328814148902893,1.0,0.0,,,,,,,
CQL,Go2Footstand,go2-footstand,medium,2,CQL-Go2Footstand-6c0cc32b,,default,100.0,0.6250933157652616,True,full,json,0.6250933157652616,0.2157018776042218,0.7252698540687561,1.0,0.0,,,,,,,
DT,Go2Footstand,go2-footstand,medium,2,DT-Go2Footstand-19999c7a,,default,100.0,0.4711654702574014,True,full,json,0.4711654702574014,0.2582515569180137,0.4414943754673004,1.0,0.0,,,,,,,
IQL,Go2Footstand,go2-footstand,medium,2,IQL-Go2Footstand-5cb71368,,default,100.0,0.4878344561159611,True,full,json,0.4878344561159611,0.2561626970605953,0.4492485821247101,1.0,0.0,,,,,,,
TD3-BC,Go2Footstand,go2-footstand,medium,2,TD3-BC-Go2Footstand-6987be63,,default,100.0,0.4892423724010586,True,full,json,0.4892423724010586,0.2983855784294612,0.5123660862445831,1.0,0.0,,,,,,,
AWAC,Go2Footstand,go2-footstand,medium,2,AWAC-Go2Footstand-9e6586b0,,humanoid_gym_relative,100.0,0.2474516285291974,True,full,json,0.1152192318898232,0.1939404787295747,0.0005559479886869,0.4656232516013862,0.1322323966393742,-0.1322323966393742,-0.6542146094958298,-1.643808058101494,72.0,64.0,0.2943033489345341,0.6026408834939249
BC,Go2Footstand,go2-footstand,medium,2,BC-Go2Footstand-4d605bba,,humanoid_gym_relative,100.0,0.3736113332211971,True,full,json,0.327753949558537,0.2760054897843848,0.199566550552845,0.8772591204145561,0.0458573836626601,-0.0458573836626601,-0.5848084710538387,-0.5652856834179654,52.0,38.0,0.6976743804619514,1.0507039541550292
CQL,Go2Footstand,go2-footstand,medium,2,CQL-Go2Footstand-6c0cc32b,,humanoid_gym_relative,100.0,0.6250933157652616,True,full,json,0.3570883005007635,0.3209043192202366,0.2736826241016388,0.5712559892975392,0.268005015264498,-0.268005015264498,-0.7954847723478451,-0.2725856320731636,61.0,51.0,0.4552425453795369,0.6773158394405505
DT,Go2Footstand,go2-footstand,medium,2,DT-Go2Footstand-19999c7a,,humanoid_gym_relative,100.0,0.4711654702574014,True,full,json,0.3948807049705647,0.2797338513510384,0.3588331043720245,0.838093472246254,0.0762847652868367,-0.0762847652868367,-0.6857420790474862,-0.4554166685280646,51.0,32.0,0.6942459699436333,0.9723152954886568
IQL,Go2Footstand,go2-footstand,medium,2,IQL-Go2Footstand-5cb71368,,humanoid_gym_relative,100.0,0.4878344561159611,True,full,json,0.4003133104462176,0.3006504245497984,0.3818260878324508,0.8205925297557515,0.0875211456697434,-0.0875211456697434,-0.746820590714924,-0.5308893854299631,55.00000000000001,37.0,0.6602851757066959,0.9643460006349366
TD3-BC,Go2Footstand,go2-footstand,medium,2,TD3-BC-Go2Footstand-6987be63,,humanoid_gym_relative,100.0,0.4892423724010586,True,full,json,0.3682207710680086,0.3002382325747929,0.3175899386405945,0.752634669112752,0.12102160133305,-0.12102160133305,-0.818872087734053,-0.6737554511381914,56.99999999999999,39.0,0.600980866117851,0.8828828568361222
AWAC,Go2Footstand,go2-footstand,medium-expert,0,AWAC-Go2Footstand-a1323aaa,,default,100.0,0.6417056948691606,True,full,json,0.6417056948691606,0.2060037653247572,0.7226517200469971,1.0,0.0,,,,,,,
BC,Go2Footstand,go2-footstand,medium-expert,0,BC-Go2Footstand-1c714f23,,default,100.0,0.9713491547107695,True,full,json,0.9713491547107695,0.0807032386443206,0.9872595965862274,1.0,0.0,,,,,,,
CQL,Go2Footstand,go2-footstand,medium-expert,0,CQL-Go2Footstand-f29cd9c1,,default,100.0,0.0387718538986519,False,full,json,0.0387718538986519,0.0201965990221779,0.0376031249761581,1.0,0.0,,,,,,,
IQL,Go2Footstand,go2-footstand,medium-expert,0,IQL-Go2Footstand-03e6ce92,,default,100.0,0.9616889794170856,True,full,json,0.9616889794170856,0.1315748816579044,0.9882428646087646,1.0,0.0,,,,,,,
TD3-BC,Go2Footstand,go2-footstand,medium-expert,0,TD3-BC-Go2Footstand-4392fb80,,default,100.0,0.9354815848730504,True,full,json,0.9354815848730504,0.1819878497133736,0.9875741302967072,1.0,0.0,,,,,,,
DT,Go2Footstand,go2-footstand,medium-expert,0,DT-Go2Footstand-9a5dc5ca,,default,100.0,0.9746947926282884,True,full,json,0.9746947926282884,0.0480930782968483,0.9872864186763765,1.0,0.0,,,,,,,
AWAC,Go2Footstand,go2-footstand,medium-expert,0,AWAC-Go2Footstand-a1323aaa,,humanoid_gym_relative,100.0,0.6417056948691606,True,full,json,0.3375508156174328,0.3463027838213985,0.152088962495327,0.526021224864238,0.3041548792517278,-0.3041548792517278,-0.7417759816395119,-0.155944208646543,56.00000000000001,55.00000000000001,0.4199220061643232,0.6352093854330854
BC,Go2Footstand,go2-footstand,medium-expert,0,BC-Go2Footstand-1c714f23,,humanoid_gym_relative,100.0,0.9713491547107695,True,full,json,0.5640640559431631,0.4146840876611616,0.7628328204154968,0.5807016490492748,0.4072850987676065,-0.4072850987676065,-0.9919648338574916,-0.0212237577463692,59.0,42.0,0.4965374014117066,0.6660910233986346
CQL,Go2Footstand,go2-footstand,medium-expert,0,CQL-Go2Footstand-f29cd9c1,,humanoid_gym_relative,100.0,0.0387718538986519,False,full,json,0.0310736747074406,0.0206229589266649,0.0349681656807661,0.8014492881528447,0.0076981791912112,-0.0076981791912112,-0.0497792006586678,-0.2839004497641176,45.0,22.0,0.6703146718689218,0.9298806992915422
IQL,Go2Footstand,go2-footstand,medium-expert,0,IQL-Go2Footstand-03e6ce92,,humanoid_gym_relative,100.0,0.9616889794170856,True,full,json,0.5412939878506586,0.4446982980896541,0.7338847219944,0.5628576384214743,0.420394991566427,-0.420394991566427,-0.992987776780501,-0.0325456546069464,55.00000000000001,44.0,0.4755465708294415,0.6523902240178103
TD3-BC,Go2Footstand,go2-footstand,medium-expert,0,TD3-BC-Go2Footstand-4392fb80,,humanoid_gym_relative,100.0,0.9354815848730504,True,full,json,0.4814861628116341,0.4616642585420287,0.634163498878479,0.5146933628597021,0.4539954220614163,-0.4539954220614163,-0.992806605657097,-0.0612786202433112,56.00000000000001,48.0,0.4156908012279587,0.6104814610935432
DT,Go2Footstand,go2-footstand,medium-expert,0,DT-Go2Footstand-9a5dc5ca,,humanoid_gym_relative,100.0,0.9746947926282884,True,full,json,0.6289712704948761,0.3782771303035098,0.7304786145687103,0.6453007395256927,0.3457235221334122,-0.3457235221334122,-0.9908417459693736,-0.0165661635449438,56.99999999999999,32.0,0.5716887743453803,0.7222397173613161
BC,Go2Footstand,go2-footstand,medium-expert,1,BC-Go2Footstand-2366d633,,default,100.0,0.9721982538700104,True,full,json,0.9721982538700104,0.0569107726947825,0.9884150624275208,1.0,0.0,,,,,,,
AWAC,Go2Footstand,go2-footstand,medium-expert,1,AWAC-Go2Footstand-20eea8dd,,default,100.0,0.6076362970471382,True,full,json,0.6076362970471382,0.1875500781977759,0.6734262406826019,1.0,0.0,,,,,,,
CQL,Go2Footstand,go2-footstand,medium-expert,1,CQL-Go2Footstand-a470a0ab,,default,100.0,0.0370851318724453,False,full,json,0.0370851318724453,0.0123827933021862,0.0355228204280138,1.0,0.0,,,,,,,
DT,Go2Footstand,go2-footstand,medium-expert,1,DT-Go2Footstand-b16e8682,,default,100.0,0.98358096241951,True,full,json,0.98358096241951,0.0275186938915584,0.9881092011928558,1.0,0.0,,,,,,,
IQL,Go2Footstand,go2-footstand,medium-expert,1,IQL-Go2Footstand-ed3768a4,,default,100.0,0.9824918657541276,True,full,json,0.9824918657541276,0.0259311081778191,0.987893521785736,1.0,0.0,,,,,,,
TD3-BC,Go2Footstand,go2-footstand,medium-expert,1,TD3-BC-Go2Footstand-1b9daf2f,,default,100.0,0.8119962394802133,True,full,json,0.8119962394802133,0.3423946689052041,0.988205224275589,1.0,0.0,,,,,,,
BC,Go2Footstand,go2-footstand,medium-expert,1,BC-Go2Footstand-2366d633,,humanoid_gym_relative,100.0,0.9721982538700104,True,full,json,0.5651212985531311,0.4213807878705255,0.6984930336475372,0.5812819518072203,0.4070769553168792,-0.4070769553168793,-0.9926933409180492,-0.0210811806814653,60.0,39.0,0.5011058495583414,0.6688312555067996
AWAC,Go2Footstand,go2-footstand,medium-expert,1,AWAC-Go2Footstand-20eea8dd,,humanoid_gym_relative,100.0,0.6076362970471382,True,full,json,0.4531302481051534,0.2893321230684995,0.6576291620731354,0.7457261034391455,0.1545060489419847,-0.1545060489419847,-0.6760918391664745,-0.1126587441402069,36.0,33.0,0.6386526489138563,0.8398399454703478
CQL,Go2Footstand,go2-footstand,medium-expert,1,CQL-Go2Footstand-a470a0ab,,humanoid_gym_relative,100.0,0.0370851318724453,False,full,json,0.0292165569495409,0.0212332004433933,0.0341109056025743,0.7878240004655124,0.0078685749229043,-0.0078685749229043,-0.0510858211666345,-0.3775283674962977,41.0,24.0,0.663679243047917,0.9186381114302912
DT,Go2Footstand,go2-footstand,medium-expert,1,DT-Go2Footstand-b16e8682,,humanoid_gym_relative,100.0,0.98358096241951,True,full,json,0.6346193779194437,0.3877862500328837,0.7850466668605804,0.645213156991514,0.3489615845000662,-0.3489615845000662,-0.9919021746725776,-0.0084601192692855,56.99999999999999,31.0,0.5698189930453064,0.7180510074914843
IQL,Go2Footstand,go2-footstand,medium-expert,1,IQL-Go2Footstand-ed3768a4,,humanoid_gym_relative,100.0,0.9824918657541276,True,full,json,0.5710049756150692,0.4324888703569515,0.7711970508098602,0.5811803593679477,0.4114868901390582,-0.4114868901390582,-0.993070280062966,-0.0107669230428884,56.99999999999999,38.0,0.5012325272341192,0.6723790243054691
TD3-BC,Go2Footstand,go2-footstand,medium-expert,1,TD3-BC-Go2Footstand-1b9daf2f,,humanoid_gym_relative,100.0,0.8119962394802133,True,full,json,0.3644031243014615,0.4397414616725589,-0.0013954855967313,0.4487743989242222,0.4475931151787518,-0.4475931151787518,-0.9933388928184286,-0.2233294250898242,66.0,55.00000000000001,0.3483586780679827,0.548737692564921
AWAC,Go2Footstand,go2-footstand,medium-expert,2,AWAC-Go2Footstand-36714fbb,,default,100.0,0.3757150280103087,True,full,json,0.3757150280103087,0.2895172920306396,0.1631680652499199,1.0,0.0,,,,,,,
BC,Go2Footstand,go2-footstand,medium-expert,2,BC-Go2Footstand-1f3331a4,,default,100.0,0.9672723116725684,True,full,json,0.9672723116725684,0.0970230894668963,0.9878738820552826,1.0,0.0,,,,,,,
CQL,Go2Footstand,go2-footstand,medium-expert,2,CQL-Go2Footstand-40990660,,default,100.0,0.0562319373525679,True,full,json,0.0562319373525679,0.0677092704178119,0.0429548434913158,1.0,0.0,,,,,,,
DT,Go2Footstand,go2-footstand,medium-expert,2,DT-Go2Footstand-42b3c1ed,,default,100.0,0.981022663116455,True,full,json,0.981022663116455,0.0310669645907833,0.9866614639759064,1.0,0.0,,,,,,,
IQL,Go2Footstand,go2-footstand,medium-expert,2,IQL-Go2Footstand-faf231cf,,default,100.0,0.979063321352005,True,full,json,0.979063321352005,0.0313926500325283,0.9884118735790252,1.0,0.0,,,,,,,
TD3-BC,Go2Footstand,go2-footstand,medium-expert,2,TD3-BC-Go2Footstand-e36f2818,,default,100.0,0.1480648890137672,True,full,json,0.1480648890137672,0.081798905386005,0.1233026310801506,1.0,0.0,,,,,,,
AWAC,Go2Footstand,go2-footstand,medium-expert,2,AWAC-Go2Footstand-36714fbb,,humanoid_gym_relative,100.0,0.3757150280103087,True,full,json,0.201674923201208,0.2830814080815755,0.0551638919860124,0.5367763016273985,0.1740401048091007,-0.1740401048091007,-0.6771149127511308,-0.8022034315128653,68.0,57.99999999999999,0.3796369804419804,0.6705494564025508
BC,Go2Footstand,go2-footstand,medium-expert,2,BC-Go2Footstand-1f3331a4,,humanoid_gym_relative,100.0,0.9672723116725684,True,full,json,0.5510187335731461,0.4493144356628846,0.7872586846351624,0.5696624693209161,0.4162535780994222,-0.4162535780994221,-0.9926624287618324,-0.0262491924795826,56.00000000000001,40.0,0.4780108298410099,0.6564549098972312
CQL,Go2Footstand,go2-footstand,medium-expert,2,CQL-Go2Footstand-40990660,,humanoid_gym_relative,100.0,0.0562319373525679,True,full,json,0.0254427079111337,0.0281369839241297,0.0278380289673805,0.4524600984598994,0.0307892294414341,-0.0307892294414341,-0.0868785073980689,-0.5450029198416276,68.0,44.0,0.3061743879723877,0.5747179275401577
DT,Go2Footstand,go2-footstand,medium-expert,2,DT-Go2Footstand-42b3c1ed,,humanoid_gym_relative,100.0,0.981022663116455,True,full,json,0.5703387043357361,0.4303004967405622,0.7560006976127625,0.5813715888315135,0.4106839587807189,-0.4106839587807189,-0.9912859202129768,-0.010461794087323,57.99999999999999,36.0,0.4938727566604481,0.6710189687431629
IQL,Go2Footstand,go2-footstand,medium-expert,2,IQL-Go2Footstand-faf231cf,,humanoid_gym_relative,100.0,0.979063321352005,True,full,json,0.5335409309249372,0.4423788824354177,0.7421297132968903,0.5449503819509462,0.4455223904270678,-0.4455223904270678,-0.9935330332489684,-0.0147791379591076,59.0,45.0,0.4571643277838717,0.6306411190281564
TD3-BC,Go2Footstand,go2-footstand,medium-expert,2,TD3-BC-Go2Footstand-e36f2818,,humanoid_gym_relative,100.0,0.1480648890137672,True,full,json,0.0787359145237132,0.0910578598314814,0.0724611803889274,0.5317662752335047,0.0693289744900539,-0.0693289744900539,-0.2742391651030629,-0.8521552741485112,71.0,53.0,0.3943824393622713,0.6573830550575365
AWAC,Go2Footstand,go2-footstand,medium-replay,0,AWAC-Go2Footstand-cac96917,,default,100.0,0.0125114117806515,False,full,json,0.0125114117806515,0.0529836068044712,0.0058523891493678,1.0,0.0,,,,,,,
BC,Go2Footstand,go2-footstand,medium-replay,0,BC-Go2Footstand-d32f9de1,,default,100.0,0.0100840133736346,False,full,json,0.0100840133736346,0.012391178541499,0.0092531205154955,1.0,0.0,,,,,,,
CQL,Go2Footstand,go2-footstand,medium-replay,0,CQL-Go2Footstand-5c541d14,,default,100.0,0.6273162848502397,True,full,json,0.6273162848502397,0.2443910403543606,0.7460969686508179,1.0,0.0,,,,,,,
IQL,Go2Footstand,go2-footstand,medium-replay,0,IQL-Go2Footstand-be8d323f,,default,100.0,0.1613975086604477,True,full,json,0.1613975086604477,0.2574442999199123,0.01677131280303,1.0,0.0,,,,,,,
TD3-BC,Go2Footstand,go2-footstand,medium-replay,0,TD3-BC-Go2Footstand-e1f10f2d,,default,100.0,0.0007074695085793,False,full,json,0.0007074695085793,0.0019816035017306,0.0003829510096693,1.0,0.0,,,,,,,
DT,Go2Footstand,go2-footstand,medium-replay,0,DT-Go2Footstand-82d871d3,,default,100.0,0.6888026604801416,True,full,json,0.6888026604801416,0.2079710003536051,0.7789762318134308,1.0,0.0,,,,,,,
AWAC,Go2Footstand,go2-footstand,medium-replay,0,AWAC-Go2Footstand-cac96917,,humanoid_gym_relative,100.0,0.0125114117806515,False,full,json,0.0147653187320247,0.0562811034027328,0.0045068091712892,1.1801480912696678,-0.0022539069513732,0.0022539069513732,-0.0099903593887574,0.201500233234491,49.0,21.0,-0.8459194075095571,1.945871449562517
BC,Go2Footstand,go2-footstand,medium-replay,0,BC-Go2Footstand-d32f9de1,,humanoid_gym_relative,100.0,0.0100840133736346,False,full,json,0.0096464737597852,0.0058338667004432,0.0098740109242498,0.9566105678723767,0.0004375396138493,-0.0004375396138493,-0.005897393048508,0.4151740155435307,31.0,12.0,0.7683218716475511,1.152714348345495
CQL,Go2Footstand,go2-footstand,medium-replay,0,CQL-Go2Footstand-5c541d14,,humanoid_gym_relative,100.0,0.6273162848502397,True,full,json,0.306954604741768,0.3512407086285133,0.0754721350967884,0.4893139428303663,0.3203616801084717,-0.3203616801084717,-0.820490735117346,-0.3079378854531461,68.0,57.99999999999999,0.3789757032005969,0.5978833987191416
IQL,Go2Footstand,go2-footstand,medium-replay,0,IQL-Go2Footstand-be8d323f,,humanoid_gym_relative,100.0,0.1613975086604477,True,full,json,0.1140551608074747,0.2220987273365161,0.0174675742164254,0.7066723752683626,0.047342347852973,-0.047342347852973,-0.5792475387454032,-2.588949690444349,52.0,38.0,0.3632845289798301,0.9427014762405173
TD3-BC,Go2Footstand,go2-footstand,medium-replay,0,TD3-BC-Go2Footstand-e1f10f2d,,humanoid_gym_relative,100.0,0.0007074695085793,False,full,json,0.0029360279760544,0.0044681003396897,0.0016175237251445,4.150041719748577,-0.002228558467475,0.002228558467475,-0.0019567687377275,-1.7658700678942276,23.0,11.0,0.2338520518863571,5.703273224058385
DT,Go2Footstand,go2-footstand,medium-replay,0,DT-Go2Footstand-82d871d3,,humanoid_gym_relative,100.0,0.6888026604801416,True,full,json,0.5142277657613158,0.2733204858954972,0.6774547100067139,0.7465531062305488,0.1745748947188258,-0.1745748947188258,-0.6976533334702253,-0.0128493594724418,51.0,30.0,0.6586834672498417,0.8257269358636221
BC,Go2Footstand,go2-footstand,medium-replay,1,BC-Go2Footstand-a93eafc2,,default,100.0,0.013740537110134,False,full,json,0.013740537110134,0.0755327851571119,0.0044198015239089,1.0,0.0,,,,,,,
AWAC,Go2Footstand,go2-footstand,medium-replay,1,AWAC-Go2Footstand-4c8b313d,,default,100.0,0.0704460647769155,True,full,json,0.0704460647769155,0.1939744142367606,0.0042523592710494,1.0,0.0,,,,,,,
CQL,Go2Footstand,go2-footstand,medium-replay,1,CQL-Go2Footstand-4d400322,,default,100.0,0.5342692798748613,True,full,json,0.5342692798748613,0.2895364364859655,0.7246712148189545,1.0,0.0,,,,,,,
DT,Go2Footstand,go2-footstand,medium-replay,1,DT-Go2Footstand-0ba44d48,,default,100.0,0.3223936434835195,True,full,json,0.3223936434835195,0.2702584992170315,0.2135079354047775,1.0,0.0,,,,,,,
IQL,Go2Footstand,go2-footstand,medium-replay,1,IQL-Go2Footstand-bb72a483,,default,100.0,0.1708652853457897,True,full,json,0.1708652853457897,0.2390214337126244,0.0222250390797853,1.0,0.0,,,,,,,
TD3-BC,Go2Footstand,go2-footstand,medium-replay,1,TD3-BC-Go2Footstand-1177abd0,,default,100.0,0.0011629835406347,False,full,json,0.0011629835406347,0.0046221113191671,0.0019118241616524,1.0,0.0,,,,,,,
BC,Go2Footstand,go2-footstand,medium-replay,1,BC-Go2Footstand-a93eafc2,,humanoid_gym_relative,100.0,0.013740537110134,False,full,json,0.0105658100795699,0.0347732668720998,0.00481563876383,0.7689517516587725,0.003174727030564,-0.003174727030564,-0.0063840321963652,0.5353869979611717,28.000000000000004,8.0,-0.8318835805838489,1.2728052503217735
AWAC,Go2Footstand,go2-footstand,medium-replay,1,AWAC-Go2Footstand-4c8b313d,,humanoid_gym_relative,100.0,0.0704460647769155,True,full,json,0.0429252236081629,0.1540992299978027,0.0048732061404734,0.6093345844667969,0.0275208411687526,-0.0275208411687526,-0.5491022214991972,-6.794647199074376,44.0,22.0,-0.0682436208026151,0.9654449035411082
CQL,Go2Footstand,go2-footstand,medium-replay,1,CQL-Go2Footstand-4d400322,,humanoid_gym_relative,100.0,0.5342692798748613,True,full,json,0.2798635932081379,0.334205479717387,0.0811711959540844,0.523824976936141,0.2544056866667233,-0.2544056866667233,-0.7940385916852393,-0.4862142024546539,65.0,57.99999999999999,0.3968381469461298,0.6452763587492083
DT,Go2Footstand,go2-footstand,medium-replay,1,DT-Go2Footstand-0ba44d48,,humanoid_gym_relative,100.0,0.3223936434835195,True,full,json,0.233904315046966,0.2075977714059125,0.1507752984762191,0.7255239666625841,0.0884893284365535,-0.0884893284365534,-0.6308419412001968,-0.9567443525990138,50.0,36.0,0.5408876703860479,0.87312739214173
IQL,Go2Footstand,go2-footstand,medium-replay,1,IQL-Go2Footstand-bb72a483,,humanoid_gym_relative,100.0,0.1708652853457897,True,full,json,0.1157635083710192,0.2067554961774903,0.0182234905660152,0.6775133295024915,0.0551017769747704,-0.0551017769747704,-0.737935048341751,-3.31881202110979,49.0,35.0,0.3475406417007363,0.9161328698463508
TD3-BC,Go2Footstand,go2-footstand,medium-replay,1,TD3-BC-Go2Footstand-1177abd0,,humanoid_gym_relative,100.0,0.0011629835406347,False,full,json,0.0001345883790781,0.0047340165360223,0.0002634391275933,0.1157268133001597,0.0010283951615565,-0.0010283951615565,-0.0114489479223266,-8.844462558840634,48.0,44.0,-0.99021944223528,1.1712661406141402
AWAC,Go2Footstand,go2-footstand,medium-replay,2,AWAC-Go2Footstand-f5d1d5ba,,default,100.0,0.0112254559867869,False,full,json,0.0112254559867869,0.0582576060301192,0.0033393244957551,1.0,0.0,,,,,,,
BC,Go2Footstand,go2-footstand,medium-replay,2,BC-Go2Footstand-ae989e17,,default,100.0,0.0067837815783423,False,full,json,0.0067837815783423,0.0049143754429609,0.0056539981160312,1.0,0.0,,,,,,,
CQL,Go2Footstand,go2-footstand,medium-replay,2,CQL-Go2Footstand-8a89ead4,,default,100.0,0.5422087236493826,True,full,json,0.5422087236493826,0.2671282476099046,0.6458626687526703,1.0,0.0,,,,,,,
DT,Go2Footstand,go2-footstand,medium-replay,2,DT-Go2Footstand-8a7a9fe0,,default,100.0,0.2825152377039194,True,full,json,0.2825152377039194,0.2259772252953399,0.2067102119326591,1.0,0.0,,,,,,,
IQL,Go2Footstand,go2-footstand,medium-replay,2,IQL-Go2Footstand-0d168a13,,default,100.0,0.2518046194844646,True,full,json,0.2518046194844646,0.3321220887640504,0.0218127714470028,1.0,0.0,,,,,,,
TD3-BC,Go2Footstand,go2-footstand,medium-replay,2,TD3-BC-Go2Footstand-0da9332a,,default,100.0,-0.0047136599337682,False,full,json,-0.0047136599337682,0.0005487928298703,-0.0048873568885028,1.0,0.0,,,,,,,
AWAC,Go2Footstand,go2-footstand,medium-replay,2,AWAC-Go2Footstand-f5d1d5ba,,humanoid_gym_relative,100.0,0.0112254559867869,False,full,json,0.0131049281823652,0.0610488705814403,0.0042158323340117,1.1674294743830915,-0.0018794721955782,0.0018794721955782,-0.0057673016679473,0.4862300761113158,32.0,17.0,-2.0976071591405487,2.0273982468911447
BC,Go2Footstand,go2-footstand,medium-replay,2,BC-Go2Footstand-ae989e17,,humanoid_gym_relative,100.0,0.0067837815783423,False,full,json,0.0067440723274194,0.0044073146039088,0.0056249776389449,0.9941464431800588,3.97092509228968e-05,-3.97092509228969e-05,-0.0070379921933636,-0.0374732900942562,37.0,12.0,0.8903041041721313,1.089263713387671
CQL,Go2Footstand,go2-footstand,medium-replay,2,CQL-Go2Footstand-8a89ead4,,humanoid_gym_relative,100.0,0.5422087236493826,True,full,json,0.25259268728405,0.3156709548042753,0.0763179957866668,0.4658587666829725,0.2896160363653325,-0.2896160363653325,-0.819678794045467,-0.511740328574111,71.0,61.0,0.335995382407283,0.5749627243223414
DT,Go2Footstand,go2-footstand,medium-replay,2,DT-Go2Footstand-8a7a9fe0,,humanoid_gym_relative,100.0,0.2825152377039194,True,full,json,0.2193832612596452,0.2074474737332061,0.13928934186697,0.7765360305611638,0.0631319764442741,-0.0631319764442742,-0.6520756229758262,-1.308107797212737,55.00000000000001,41.0,0.5553419412637013,0.9522682825118016
IQL,Go2Footstand,go2-footstand,medium-replay,2,IQL-Go2Footstand-0d168a13,,humanoid_gym_relative,100.0,0.2518046194844646,True,full,json,0.1323372783024388,0.2357042592020949,0.0172549579292535,0.5255554031271594,0.1194673411820258,-0.1194673411820258,-0.7979410153115168,-2.168889502286302,52.0,38.0,0.3073764026543304,0.703169802958721
TD3-BC,Go2Footstand,go2-footstand,medium-replay,2,TD3-BC-Go2Footstand-0da9332a,,humanoid_gym_relative,100.0,-0.0047136599337682,False,full,json,-0.0038743526907637,0.0012034499475382,-0.0040323685389012,0.8219414945503972,-0.0008393072430044,0.0008393072430044,-0.0004049726063385,1.0859146845612209,5.0,0.0,0.7852313566537795,0.8652942993275814
AWAC,Go2Getup,go2-getup,expert,0,AWAC-Go2Getup-3430e32b,,default,100.0,0.3954586892358202,True,full,json,0.3954586892358202,0.5593343920053324,0.0536844953894615,1.0,0.0,,,,,,,
BC,Go2Getup,go2-getup,expert,0,BC-Go2Getup-7c2df4bb,,default,100.0,0.2172057650983333,True,full,json,0.2172057650983333,0.5829773876412978,-0.1741488799452781,1.0,0.0,,,,,,,
CQL,Go2Getup,go2-getup,expert,0,CQL-Go2Getup-0cf0af51,,default,100.0,-0.22314586491324,False,full,json,-0.22314586491324,0.0330210179065217,-0.2303431704640388,1.0,0.0,,,,,,,
IQL,Go2Getup,go2-getup,expert,0,IQL-Go2Getup-992ede38,,default,100.0,0.3540094058588147,True,full,json,0.3540094058588147,0.5662803662199825,0.0963508151471614,1.0,0.0,,,,,,,
TD3-BC,Go2Getup,go2-getup,expert,0,TD3-BC-Go2Getup-1d1ff327,,default,100.0,-0.0239555604057386,False,full,json,-0.0239555604057386,0.1458123720418576,0.0362938344478607,1.0,0.0,,,,,,,
DT,Go2Getup,go2-getup,expert,0,DT-Go2Getup-4757e4c0,,default,100.0,0.4034449624968693,True,full,json,0.4034449624968693,0.5537030599528387,0.1484540998935699,1.0,0.0,,,,,,,
AWAC,Go2Getup,go2-getup,expert,0,AWAC-Go2Getup-3430e32b,,humanoid_gym_relative,100.0,0.3954586892358202,True,full,json,0.3582705539278686,0.5555917537765379,-0.0145159368403255,0.905962022531826,0.0371881353079516,-0.0371881353079516,-0.2029521152377128,0.4867931322235069,32.0,19.0,0.8512208809526272,0.9791920951268714
BC,Go2Getup,go2-getup,expert,0,BC-Go2Getup-7c2df4bb,,humanoid_gym_relative,100.0,0.2172057650983333,True,full,json,0.1431778437970206,0.5364807846123453,-0.1960071995854377,0.6591806793535206,0.0740279213013127,-0.0740279213013127,-0.9628149032592772,-3.4327318053615747,25.0,12.0,0.3710683193610644,1.0089985993444817
CQL,Go2Getup,go2-getup,expert,0,CQL-Go2Getup-0cf0af51,,humanoid_gym_relative,100.0,-0.22314586491324,False,full,json,-0.2145433095097541,0.0239679594879834,-0.2271833717823028,0.9614487348585616,-0.0086025554034858,0.0086025554034858,-0.0376103699207305,1.1685461208763768,7.000000000000001,2.0,0.9286743197443572,0.9872219018529672
IQL,Go2Getup,go2-getup,expert,0,IQL-Go2Getup-992ede38,,humanoid_gym_relative,100.0,0.3540094058588147,True,full,json,0.2544545795628801,0.5327102471831766,0.0536042898893356,0.7187791492307442,0.0995548262959346,-0.0995548262959346,-0.8670928463339805,-1.449349740384561,29.0,18.0,0.590075981127421,0.8986308148585294
TD3-BC,Go2Getup,go2-getup,expert,0,TD3-BC-Go2Getup-1d1ff327,,humanoid_gym_relative,100.0,-0.0239555604057386,False,full,json,-0.0547729981038719,0.1416243388921561,-0.0375772919505834,2.286441944006906,0.0308174376981332,-0.0308174376981332,-0.2220659455284476,10.269912361359362,41.0,27.0,-9.696395799930832,10.132758969985073
DT,Go2Getup,go2-getup,expert,0,DT-Go2Getup-4757e4c0,,humanoid_gym_relative,100.0,0.4034449624968693,True,full,json,0.336095536518842,0.5373577789092437,0.09053211286664,0.833064154373845,0.0673494259780272,-0.0673494259780272,-0.7052275091409683,-0.7480141647485333,20.0,12.0,0.7250216440761625,0.9543657059664896
BC,Go2Getup,go2-getup,expert,1,BC-Go2Getup-1ef43f4f,,default,100.0,0.3259138231885663,True,full,json,0.3259138231885663,0.5670759709765414,0.1081042364239692,1.0,0.0,,,,,,,
AWAC,Go2Getup,go2-getup,expert,1,AWAC-Go2Getup-a6dd7011,,default,100.0,0.366639225394465,True,full,json,0.366639225394465,0.5725165327281985,0.105615422129631,1.0,0.0,,,,,,,
CQL,Go2Getup,go2-getup,expert,1,CQL-Go2Getup-e1d5277b,,default,100.0,-0.0089988273661583,False,full,json,-0.0089988273661583,0.1236582743666583,0.0655440688133239,1.0,0.0,,,,,,,
DT,Go2Getup,go2-getup,expert,1,DT-Go2Getup-ffc425e9,,default,100.0,0.4091798468376509,True,full,json,0.4091798468376509,0.5347808914157226,0.1693738475441932,1.0,0.0,,,,,,,
IQL,Go2Getup,go2-getup,expert,1,IQL-Go2Getup-aaa78b0f,,default,100.0,0.3605488929490093,True,full,json,0.3605488929490093,0.5937189611760325,0.0068209760938771,1.0,0.0,,,,,,,
TD3-BC,Go2Getup,go2-getup,expert,1,TD3-BC-Go2Getup-43cf713b,,default,100.0,-0.1431565143866464,False,full,json,-0.1431565143866464,0.073567500911249,-0.1215603090822696,1.0,0.0,,,,,,,
BC,Go2Getup,go2-getup,expert,1,BC-Go2Getup-1ef43f4f,,humanoid_gym_relative,100.0,0.3259138231885663,True,full,json,0.2188613240327686,0.5444670722718962,-0.0913554988801479,0.6715312713389896,0.1070524991557977,-0.1070524991557977,-1.001442169584334,-2.0727207572442308,35.0,23.0,0.4717579112021611,0.8945300227552198
AWAC,Go2Getup,go2-getup,expert,1,AWAC-Go2Getup-a6dd7011,,humanoid_gym_relative,100.0,0.366639225394465,True,full,json,0.3194808197201928,0.5551366061907499,0.1035228408873081,0.8713765401846059,0.0471584056742722,-0.0471584056742722,-0.3399561077356338,0.0727775857319221,20.0,14.000000000000002,0.7544134848631446,1.0014460759821724
CQL,Go2Getup,go2-getup,expert,1,CQL-Go2Getup-e1d5277b,,humanoid_gym_relative,100.0,-0.0089988273661583,False,full,json,-0.015655829492025,0.1248179232507929,0.0642100684344768,1.7397632885926346,0.0066570021258667,-0.0066570021258667,-0.0183614979498088,3.040432292196247,15.0,4.0,-6.300865627605382,9.6511000071968
DT,Go2Getup,go2-getup,expert,1,DT-Go2Getup-ffc425e9,,humanoid_gym_relative,100.0,0.4091798468376509,True,full,json,0.3921547772642225,0.5320247597629585,0.1735090017318725,0.958392208939402,0.0170250695734284,-0.0170250695734284,-0.2000856949016451,0.5110079432112584,13.0,9.0,0.8677085593525429,1.0668102058335642
IQL,Go2Getup,go2-getup,expert,1,IQL-Go2Getup-aaa78b0f,,humanoid_gym_relative,100.0,0.3605488929490093,True,full,json,0.290190372238867,0.5676218844672019,-0.0242327214218676,0.8048571994364915,0.0703585207101423,-0.0703585207101423,-0.7376426540315151,-1.0458880014806655,18.0,15.0,0.6910498927282483,0.9446900842654004
TD3-BC,Go2Getup,go2-getup,expert,1,TD3-BC-Go2Getup-43cf713b,,humanoid_gym_relative,100.0,-0.1431565143866464,False,full,json,-0.1617241429910063,0.0709249829776529,-0.1734088733792305,1.1297015974712217,0.0185676286043599,-0.0185676286043599,-0.1532693780958652,2.070642008521564,41.0,25.0,1.0150848201452538,1.2200331070931385
AWAC,Go2Getup,go2-getup,expert,2,AWAC-Go2Getup-c7fbec8c,,default,100.0,0.3980603477405384,True,full,json,0.3980603477405384,0.5417840639623442,0.125316496938467,1.0,0.0,,,,,,,
BC,Go2Getup,go2-getup,expert,2,BC-Go2Getup-e4f6a0ea,,default,100.0,0.3199298824742436,True,full,json,0.3199298824742436,0.6091589756170257,-0.1631247401237487,1.0,0.0,,,,,,,
CQL,Go2Getup,go2-getup,expert,2,CQL-Go2Getup-c70a3f96,,default,100.0,-0.0569239607360214,False,full,json,-0.0569239607360214,0.1596287617566761,-0.0843163505196571,1.0,0.0,,,,,,,
DT,Go2Getup,go2-getup,expert,2,DT-Go2Getup-04f583ef,,default,100.0,0.3616136065404862,True,full,json,0.3616136065404862,0.5566347465012007,0.1018397137522697,1.0,0.0,,,,,,,
IQL,Go2Getup,go2-getup,expert,2,IQL-Go2Getup-323f8ad3,,default,100.0,0.3133843610435724,True,full,json,0.3133843610435724,0.5641268732007173,0.1518681645393371,1.0,0.0,,,,,,,
TD3-BC,Go2Getup,go2-getup,expert,2,TD3-BC-Go2Getup-0bb9fe95,,default,100.0,-0.1021352066705003,False,full,json,-0.1021352066705003,0.123609845764949,-0.1155966408550739,1.0,0.0,,,,,,,
AWAC,Go2Getup,go2-getup,expert,2,AWAC-Go2Getup-c7fbec8c,,humanoid_gym_relative,100.0,0.3980603477405384,True,full,json,0.3698035787092522,0.5331777598467827,0.1391372345387935,0.929013856336918,0.0282567690312862,-0.0282567690312862,-0.3797101080417633,0.0460991399995864,21.0,14.000000000000002,0.8247650407407876,1.0214201029924934
BC,Go2Getup,go2-getup,expert,2,BC-Go2Getup-e4f6a0ea,,humanoid_gym_relative,100.0,0.3199298824742436,True,full,json,0.1805214366689324,0.5548095788683067,-0.1983971148729324,0.5642531271940987,0.1394084458053112,-0.1394084458053112,-1.1781394012272357,-2.682492526536915,22.0,15.0,0.3715788998899849,0.7988874998908135
CQL,Go2Getup,go2-getup,expert,2,CQL-Go2Getup-c70a3f96,,humanoid_gym_relative,100.0,-0.0569239607360214,False,full,json,-0.0196054790669586,0.2057598744258965,-0.0491563901305198,0.3444152306596673,-0.0373184816690627,0.0373184816690627,-0.2478878579102456,5.354719079717561,22.0,16.0,-0.1647494545900083,1.4145329450962043
DT,Go2Getup,go2-getup,expert,2,DT-Go2Getup-04f583ef,,humanoid_gym_relative,100.0,0.3616136065404862,True,full,json,0.3221262485207989,0.550212013781467,0.0715691968798637,0.8908023445316174,0.0394873580196872,-0.0394873580196872,-0.3364777710288762,0.0695102038667226,19.0,12.0,0.7528428497007904,1.0319260932469496
IQL,Go2Getup,go2-getup,expert,2,IQL-Go2Getup-323f8ad3,,humanoid_gym_relative,100.0,0.3133843610435724,True,full,json,0.3196031887084246,0.5638873360341999,0.1380213126540184,1.019844090637272,-0.0062188276648521,0.0062188276648521,-0.3922653354704379,-0.2517067991656995,15.0,8.0,0.7625845029468687,1.2171418714088738
TD3-BC,Go2Getup,go2-getup,expert,2,TD3-BC-Go2Getup-0bb9fe95,,humanoid_gym_relative,100.0,-0.1021352066705003,False,full,json,-0.1179724609665572,0.1118299947694541,-0.1357391253113746,1.1550616561353784,0.0158372542960569,-0.0158372542960569,-0.198100477643311,2.939590510473097,40.0,30.0,0.8784502049751335,1.364978780941469
AWAC,Go2Getup,go2-getup,medium,0,AWAC-Go2Getup-649d07a2,,default,100.0,0.5730585817247629,True,full,json,0.5730585817247629,0.4303907638670554,0.7772099673748016,1.0,0.0,,,,,,,
BC,Go2Getup,go2-getup,medium,0,BC-Go2Getup-b63cfa32,,default,100.0,0.5576908408850432,True,full,json,0.5576908408850432,0.4398110941960065,0.7771579325199127,1.0,0.0,,,,,,,
CQL,Go2Getup,go2-getup,medium,0,CQL-Go2Getup-f96ef9ea,,default,100.0,0.6225927522033453,True,full,json,0.6225927522033453,0.4358282481333605,0.8236500322818756,1.0,0.0,,,,,,,
IQL,Go2Getup,go2-getup,medium,0,IQL-Go2Getup-1e9acec9,,default,100.0,0.5845475406944751,True,full,json,0.5845475406944751,0.4428050115469841,0.8030971586704254,1.0,0.0,,,,,,,
TD3-BC,Go2Getup,go2-getup,medium,0,TD3-BC-Go2Getup-e0068e31,,default,100.0,0.3002259489148855,True,full,json,0.3002259489148855,0.2891115491065198,0.4338065385818481,1.0,0.0,,,,,,,
DT,Go2Getup,go2-getup,medium,0,DT-Go2Getup-788c1bd4,,default,100.0,0.57594227604568,True,full,json,0.57594227604568,0.4508767705572493,0.7966785132884979,1.0,0.0,,,,,,,
AWAC,Go2Getup,go2-getup,medium,0,AWAC-Go2Getup-649d07a2,,humanoid_gym_relative,100.0,0.5730585817247629,True,full,json,0.545264402627945,0.4371247426081109,0.7733109295368195,0.9514985378751952,0.0277941790968179,-0.0277941790968179,-0.1016109719872474,0.8226865887228774,9.0,4.0,0.89011322156891,1.0226437364698742
BC,Go2Getup,go2-getup,medium,0,BC-Go2Getup-b63cfa32,,humanoid_gym_relative,100.0,0.5576908408850432,True,full,json,0.5436733391880989,0.4438444701112161,0.7886247634887695,0.9748651032627704,0.0140175016969442,-0.0140175016969442,-0.0956029653549194,0.8285735422815989,8.0,2.0,0.9393361079519416,1.01718780089359
CQL,Go2Getup,go2-getup,medium,0,CQL-Go2Getup-f96ef9ea,,humanoid_gym_relative,100.0,0.6225927522033453,True,full,json,0.5542657041549682,0.4486551073115289,0.793274462223053,0.8902540259157069,0.068327048048377,-0.068327048048377,-0.3992816179990768,0.3586793026645011,16.0,6.0,0.8392049496809078,0.9561443894767911
IQL,Go2Getup,go2-getup,medium,0,IQL-Go2Getup-1e9acec9,,humanoid_gym_relative,100.0,0.5845475406944751,True,full,json,0.5676623818278312,0.4460714053775493,0.7939318418502808,0.9711141392424928,0.0168851588666438,-0.0168851588666439,-0.0982205122709273,0.8319717295290715,7.000000000000001,4.0,0.9036848441752,1.0376277814036112
TD3-BC,Go2Getup,go2-getup,medium,0,TD3-BC-Go2Getup-e0068e31,,humanoid_gym_relative,100.0,0.3002259489148855,True,full,json,0.2533429498970508,0.2751400401623843,0.3497228622436523,0.8438409498336666,0.0468829990178346,-0.0468829990178346,-0.1981114953756332,0.3401253419577062,44.0,4.0,0.7729264172681831,0.9179992582022772
DT,Go2Getup,go2-getup,medium,0,DT-Go2Getup-788c1bd4,,humanoid_gym_relative,100.0,0.57594227604568,True,full,json,0.5697448276728392,0.4410973765868031,0.7921403646469116,0.9892394626499872,0.0061974483728408,-0.0061974483728408,-0.0829249829053878,0.8560185866633434,7.000000000000001,1.0,0.9310469078022964,1.0368265707389246
BC,Go2Getup,go2-getup,medium,1,BC-Go2Getup-b5e37d4d,,default,100.0,0.5339798438549042,True,full,json,0.5339798438549042,0.4579387105685734,0.7846157550811768,1.0,0.0,,,,,,,
AWAC,Go2Getup,go2-getup,medium,1,AWAC-Go2Getup-b3a9a2fd,,default,100.0,0.5660894456505775,True,full,json,0.5660894456505775,0.4433879878060529,0.7761684954166412,1.0,0.0,,,,,,,
CQL,Go2Getup,go2-getup,medium,1,CQL-Go2Getup-04694393,,default,100.0,0.5938098622858524,True,full,json,0.5938098622858524,0.4540283959663865,0.8187304139137268,1.0,0.0,,,,,,,
DT,Go2Getup,go2-getup,medium,1,DT-Go2Getup-18c7ec24,,default,100.0,0.5852602667361498,True,full,json,0.5852602667361498,0.4435052908551325,0.8017275631427765,1.0,0.0,,,,,,,
IQL,Go2Getup,go2-getup,medium,1,IQL-Go2Getup-d917bacc,,default,100.0,0.5789906769245863,True,full,json,0.5789906769245863,0.4452762656663264,0.7963277995586395,1.0,0.0,,,,,,,
TD3-BC,Go2Getup,go2-getup,medium,1,TD3-BC-Go2Getup-82db12c0,,default,100.0,0.0227606770396232,False,full,json,0.0227606770396232,0.1746388693515677,0.0854588374495506,1.0,0.0,,,,,,,
BC,Go2Getup,go2-getup,medium,1,BC-Go2Getup-b5e37d4d,,humanoid_gym_relative,100.0,0.5339798438549042,True,full,json,0.5218862262368202,0.4592189921393015,0.7741033434867859,0.9773519211309968,0.0120936176180839,-0.0120936176180839,-0.1018771734088659,0.8092115749662107,8.0,2.0,0.9373548814537592,1.021932992423086
AWAC,Go2Getup,go2-getup,medium,1,AWAC-Go2Getup-b3a9a2fd,,humanoid_gym_relative,100.0,0.5660894456505775,True,full,json,0.5467566810548306,0.4446891717803528,0.7724550664424896,0.9658485690834092,0.0193327645957469,-0.0193327645957469,-0.1895964249968528,0.6650769123968396,8.0,4.0,0.9096388249986485,1.0300863322983296
CQL,Go2Getup,go2-getup,medium,1,CQL-Go2Getup-04694393,,humanoid_gym_relative,100.0,0.5938098622858524,True,full,json,0.5616889807581902,0.4417326161572003,0.79770228266716,0.9459071268974651,0.0321208815276622,-0.0321208815276622,-0.1553800880908965,0.738333601444803,11.0,4.0,0.8700124443079194,1.018211846139258
DT,Go2Getup,go2-getup,medium,1,DT-Go2Getup-18c7ec24,,humanoid_gym_relative,100.0,0.5852602667361498,True,full,json,0.5584348457306624,0.4461322530505255,0.7952811121940613,0.9541649715004812,0.0268254210054874,-0.0268254210054874,-0.2002337336540222,0.6578723261521312,8.0,4.0,0.8802727151278629,1.0277993111231347
IQL,Go2Getup,go2-getup,medium,1,IQL-Go2Getup-d917bacc,,humanoid_gym_relative,100.0,0.5789906769245863,True,full,json,0.5660862410068512,0.4466900812894412,0.795515388250351,0.9777121870316128,0.012904435917735,-0.0129044359177351,-0.0581607013940811,0.899548121045727,4.0,2.0,0.9255254811397406,1.0424247796331028
TD3-BC,Go2Getup,go2-getup,medium,1,TD3-BC-Go2Getup-82db12c0,,humanoid_gym_relative,100.0,0.0227606770396232,False,full,json,0.0288197784125804,0.1769295174553312,0.0882996767759323,1.2662091888747051,-0.0060591013729572,0.0060591013729572,-0.1880394114181399,-7.261591300240707,23.0,10.0,-2.9692680437901178,6.336173021919161
AWAC,Go2Getup,go2-getup,medium,2,AWAC-Go2Getup-02a9e8a5,,default,100.0,0.5712482193112374,True,full,json,0.5712482193112374,0.4428749755452545,0.7713400721549988,1.0,0.0,,,,,,,
BC,Go2Getup,go2-getup,medium,2,BC-Go2Getup-444e6d59,,default,100.0,0.5698483700305224,True,full,json,0.5698483700305224,0.4385914493098827,0.7719724178314209,1.0,0.0,,,,,,,
CQL,Go2Getup,go2-getup,medium,2,CQL-Go2Getup-a8a6960c,,default,100.0,0.6111225441098214,True,full,json,0.6111225441098214,0.448827787373093,0.8237376809120178,1.0,0.0,,,,,,,
DT,Go2Getup,go2-getup,medium,2,DT-Go2Getup-7e07f43f,,default,100.0,0.5836702141910791,True,full,json,0.5836702141910791,0.4401033301195881,0.7999037206172943,1.0,0.0,,,,,,,
IQL,Go2Getup,go2-getup,medium,2,IQL-Go2Getup-15f4faab,,default,100.0,0.5789754939079285,True,full,json,0.5789754939079285,0.4380460743059152,0.8022093772888184,1.0,0.0,,,,,,,
TD3-BC,Go2Getup,go2-getup,medium,2,TD3-BC-Go2Getup-e62aa402,,default,100.0,0.6002603283524514,True,full,json,0.6002603283524514,0.4146860694650987,0.7894709408283234,1.0,0.0,,,,,,,
AWAC,Go2Getup,go2-getup,medium,2,AWAC-Go2Getup-02a9e8a5,,humanoid_gym_relative,100.0,0.5712482193112374,True,full,json,0.5434846070408821,0.4481376335352527,0.7647481560707092,0.951398339055078,0.0277636122703552,-0.0277636122703552,-0.0966886281967163,0.8307414799239194,9.0,3.0,0.9187159538191462,1.0011243486068295
BC,Go2Getup,go2-getup,medium,2,BC-Go2Getup-444e6d59,,humanoid_gym_relative,100.0,0.5698483700305224,True,full,json,0.5325238643586636,0.4510936762229736,0.7636240422725677,0.9345009872190044,0.0373245056718587,-0.0373245056718587,-0.291165992617607,0.489046546536561,12.0,6.0,0.8764462812144064,1.009642443198326
CQL,Go2Getup,go2-getup,medium,2,CQL-Go2Getup-a8a6960c,,humanoid_gym_relative,100.0,0.6111225441098214,True,full,json,0.5504798201471567,0.4576502663338986,0.8023450970649719,0.9007683081778654,0.0606427239626646,-0.0606427239626646,-0.1370913103222846,0.7756729617592888,11.0,5.0,0.8432737625734213,0.969648621356411
DT,Go2Getup,go2-getup,medium,2,DT-Go2Getup-7e07f43f,,humanoid_gym_relative,100.0,0.5836702141910791,True,full,json,0.5535924588143826,0.445813268713264,0.7888810336589813,0.9484678939486711,0.0300777553766965,-0.0300777553766965,-0.1314175799489021,0.7748427506600855,10.0,2.0,0.9046644735785948,1.002691817610573
IQL,Go2Getup,go2-getup,medium,2,IQL-Go2Getup-15f4faab,,humanoid_gym_relative,100.0,0.5789754939079285,True,full,json,0.5688538239896297,0.4439078951705243,0.8037155866622925,0.9825179648796872,0.0101216699182987,-0.0101216699182987,-0.0961895734071731,0.8338624442324502,10.0,3.0,0.9242229687634352,1.0453947739945286
TD3-BC,Go2Getup,go2-getup,medium,2,TD3-BC-Go2Getup-e62aa402,,humanoid_gym_relative,100.0,0.6002603283524514,True,full,json,0.5565709519386292,0.4258838152000741,0.7670254707336426,0.9272159522290312,0.0436893764138222,-0.0436893764138221,-0.1845586761832237,0.692535609191788,13.0,4.0,0.875690863598122,0.9844598611583556
AWAC,Go2Getup,go2-getup,medium-expert,0,AWAC-Go2Getup-6960898f,,default,100.0,0.5854940283857286,True,full,json,0.5854940283857286,0.4749816826116491,0.7875980138778687,1.0,0.0,,,,,,,
BC,Go2Getup,go2-getup,medium-expert,0,BC-Go2Getup-2416ea3c,,default,100.0,0.580057008638978,True,full,json,0.580057008638978,0.4739287797856888,0.7683233916759491,1.0,0.0,,,,,,,
CQL,Go2Getup,go2-getup,medium-expert,0,CQL-Go2Getup-977be987,,default,100.0,0.3936316808592528,True,full,json,0.3936316808592528,0.4499412312004349,0.2191771492362022,1.0,0.0,,,,,,,
IQL,Go2Getup,go2-getup,medium-expert,0,IQL-Go2Getup-56bdb5da,,default,100.0,0.5866492934525013,True,full,json,0.5866492934525013,0.4754852278861042,0.7870146632194519,1.0,0.0,,,,,,,
TD3-BC,Go2Getup,go2-getup,medium-expert,0,TD3-BC-Go2Getup-a992e2f0,,default,100.0,0.2716480384767055,True,full,json,0.2716480384767055,0.2606423984863435,0.373145118355751,1.0,0.0,,,,,,,
DT,Go2Getup,go2-getup,medium-expert,0,DT-Go2Getup-38ce287e,,default,100.0,0.5932331696897745,True,full,json,0.5932331696897745,0.4715399212972125,0.7868729829788208,1.0,0.0,,,,,,,
AWAC,Go2Getup,go2-getup,medium-expert,0,AWAC-Go2Getup-6960898f,,humanoid_gym_relative,100.0,0.5854940283857286,True,full,json,0.527672141417861,0.4750247535830825,0.7757132351398468,0.9012425675334572,0.0578218869678676,-0.0578218869678676,-0.4491272404789924,0.2329089303997077,25.0,6.0,0.8348163923947813,0.97614528431894
BC,Go2Getup,go2-getup,medium-expert,0,BC-Go2Getup-2416ea3c,,humanoid_gym_relative,100.0,0.580057008638978,True,full,json,0.5560178124159575,0.4420744873068111,0.7610695362091064,0.9585571834061188,0.0240391962230205,-0.0240391962230205,-0.2465536266565323,0.5749493188005165,18.0,2.0,0.8997252995090557,1.019305352896961
CQL,Go2Getup,go2-getup,medium-expert,0,CQL-Go2Getup-977be987,,humanoid_gym_relative,100.0,0.3936316808592528,True,full,json,0.3939216642454266,0.4548363070308051,0.2385978549718856,1.0007366871120251,-0.0002899833861738,0.0002899833861738,-0.0789354277774691,0.7994688140823366,11.0,4.0,0.9611274019842976,1.041921789666678
IQL,Go2Getup,go2-getup,medium-expert,0,IQL-Go2Getup-56bdb5da,,humanoid_gym_relative,100.0,0.5866492934525013,True,full,json,0.5620789830386639,0.4517525598128507,0.7673276364803314,0.9581175487841498,0.0245703104138373,-0.0245703104138374,-0.252870000898838,0.5689588247679157,25.0,3.0,0.8887076721628588,1.0199396858203165
TD3-BC,Go2Getup,go2-getup,medium-expert,0,TD3-BC-Go2Getup-a992e2f0,,humanoid_gym_relative,100.0,0.2716480384767055,True,full,json,0.25561408624053,0.2482726297708464,0.3465343415737152,0.9409752695948492,0.0160339522361755,-0.0160339522361755,-0.2028578177094459,0.2532329007527824,34.0,4.0,0.8342363816368936,1.0457426975684498
DT,Go2Getup,go2-getup,medium-expert,0,DT-Go2Getup-38ce287e,,humanoid_gym_relative,100.0,0.5932331696897745,True,full,json,0.5636124260118232,0.4497570024575325,0.763661801815033,0.9500689691821494,0.0296207436779513,-0.0296207436779513,-0.3675157226622104,0.3804868954741704,16.0,4.0,0.8868651782617658,1.0077614051473684
BC,Go2Getup,go2-getup,medium-expert,1,BC-Go2Getup-97d81233,,default,100.0,0.6078194597363472,True,full,json,0.6078194597363472,0.4646265793128398,0.7759341597557068,1.0,0.0,,,,,,,
AWAC,Go2Getup,go2-getup,medium-expert,1,AWAC-Go2Getup-824fab1a,,default,100.0,0.5572725725919008,True,full,json,0.5572725725919008,0.4792540206437813,0.7652599513530731,1.0,0.0,,,,,,,
CQL,Go2Getup,go2-getup,medium-expert,1,CQL-Go2Getup-e01a7e21,,default,100.0,0.4035009885579347,True,full,json,0.4035009885579347,0.4431550537978923,0.256421148777008,1.0,0.0,,,,,,,
DT,Go2Getup,go2-getup,medium-expert,1,DT-Go2Getup-bea5d05a,,default,100.0,0.6030994202196598,True,full,json,0.6030994202196598,0.4720612583231906,0.7762492597103119,1.0,0.0,,,,,,,
IQL,Go2Getup,go2-getup,medium-expert,1,IQL-Go2Getup-2411aaa8,,default,100.0,0.6026208397001028,True,full,json,0.6026208397001028,0.4646537902011414,0.7868965566158295,1.0,0.0,,,,,,,
TD3-BC,Go2Getup,go2-getup,medium-expert,1,TD3-BC-Go2Getup-e3c0c22a,,default,100.0,0.4885478020645678,True,full,json,0.4885478020645678,0.4063622979423377,0.7271992564201355,1.0,0.0,,,,,,,
BC,Go2Getup,go2-getup,medium-expert,1,BC-Go2Getup-97d81233,,humanoid_gym_relative,100.0,0.6078194597363472,True,full,json,0.526936169564724,0.4439363550580816,0.7145318388938904,0.866928758406801,0.0808832901716232,-0.0808832901716232,-0.6925320081412792,-0.1393712344150311,31.0,9.0,0.7909504577320893,0.9448171323986952
AWAC,Go2Getup,go2-getup,medium-expert,1,AWAC-Go2Getup-824fab1a,,humanoid_gym_relative,100.0,0.5572725725919008,True,full,json,0.5285231156647205,0.466338706897769,0.7329464256763458,0.9484104218632812,0.0287494569271802,-0.0287494569271802,-0.2836198791861534,0.4910571717767769,25.0,4.0,0.8768754177312659,1.0263052574739486
CQL,Go2Getup,go2-getup,medium-expert,1,CQL-Go2Getup-e01a7e21,,humanoid_gym_relative,100.0,0.4035009885579347,True,full,json,0.3851282866671681,0.44202973764214,0.2470380514860153,0.954466773535231,0.0183727018907666,-0.0183727018907666,-0.1176073839887976,0.7085326001080873,15.0,3.0,0.9173049598346288,0.9960048944276536
DT,Go2Getup,go2-getup,medium-expert,1,DT-Go2Getup-bea5d05a,,humanoid_gym_relative,100.0,0.6030994202196598,True,full,json,0.5522847815603018,0.4602570225774395,0.7677100896835327,0.9157441759090892,0.0508146386593579,-0.050814638659358,-0.2690601840615272,0.5538709290028323,19.0,5.0,0.874696087204914,0.9659249213850204
IQL,Go2Getup,go2-getup,medium-expert,1,IQL-Go2Getup-2411aaa8,,humanoid_gym_relative,100.0,0.6026208397001028,True,full,json,0.5592758360505105,0.4680327040888362,0.7692559063434601,0.92807251128062,0.0433450036495923,-0.0433450036495924,-0.1597214519977569,0.7349553127348813,22.0,3.0,0.8798504119150903,0.9853849302438944
TD3-BC,Go2Getup,go2-getup,medium-expert,1,TD3-BC-Go2Getup-e3c0c22a,,humanoid_gym_relative,100.0,0.4885478020645678,True,full,json,0.4503562284260988,0.3971962149222096,0.6500392854213715,0.9218263320864936,0.0381915736384689,-0.0381915736384689,-0.63806828930974,-0.3060508851197557,25.0,9.0,0.8264842122042175,1.0230149328627178
AWAC,Go2Getup,go2-getup,medium-expert,2,AWAC-Go2Getup-fd6d88fe,,default,100.0,0.5577518811821938,True,full,json,0.5577518811821938,0.4700433592282608,0.7527731359004974,1.0,0.0,,,,,,,
BC,Go2Getup,go2-getup,medium-expert,2,BC-Go2Getup-01eb9ca0,,default,100.0,0.5823094712942839,True,full,json,0.5823094712942839,0.4649062650850611,0.7515507340431213,1.0,0.0,,,,,,,
CQL,Go2Getup,go2-getup,medium-expert,2,CQL-Go2Getup-662055b8,,default,100.0,0.2833430800400674,True,full,json,0.2833430800400674,0.3344245010737581,0.2194991484284401,1.0,0.0,,,,,,,
DT,Go2Getup,go2-getup,medium-expert,2,DT-Go2Getup-22681851,,default,100.0,0.617908534631133,True,full,json,0.617908534631133,0.4646298547724408,0.7848041355609894,1.0,0.0,,,,,,,
IQL,Go2Getup,go2-getup,medium-expert,2,IQL-Go2Getup-7be30619,,default,100.0,0.6229560998082161,True,full,json,0.6229560998082161,0.459658104097257,0.7991738319396973,1.0,0.0,,,,,,,
TD3-BC,Go2Getup,go2-getup,medium-expert,2,TD3-BC-Go2Getup-389786b0,,default,100.0,0.4581762332469224,True,full,json,0.4581762332469224,0.3831506999254119,0.5534412860870361,1.0,0.0,,,,,,,
AWAC,Go2Getup,go2-getup,medium-expert,2,AWAC-Go2Getup-fd6d88fe,,humanoid_gym_relative,100.0,0.5577518811821938,True,full,json,0.5519199723005295,0.4524973845433312,0.7747260928153992,0.989543901009705,0.0058319088816642,-0.0058319088816642,-0.1663887232542037,0.701679673582577,19.0,3.0,0.9151852576881154,1.0541992408940208
BC,Go2Getup,go2-getup,medium-expert,2,BC-Go2Getup-01eb9ca0,,humanoid_gym_relative,100.0,0.5823094712942839,True,full,json,0.5179623365402222,0.4546231407083032,0.7111603319644928,0.889496671570464,0.0643471347540617,-0.0643471347540617,-0.5322578132152558,0.0859537076870476,28.000000000000004,7.000000000000001,0.8242703409172751,0.9598648642021448
CQL,Go2Getup,go2-getup,medium-expert,2,CQL-Go2Getup-662055b8,,humanoid_gym_relative,100.0,0.2833430800400674,True,full,json,0.3018798468448221,0.3680433710119588,0.2241811752319336,1.0654216323269072,-0.0185367668047547,0.0185367668047547,-0.0626496948301792,0.7788910361907553,10.0,3.0,0.9951393879479496,1.1326703814592598
DT,Go2Getup,go2-getup,medium-expert,2,DT-Go2Getup-22681851,,humanoid_gym_relative,100.0,0.617908534631133,True,full,json,0.5522021786123514,0.4674007374731057,0.7639134526252747,0.8936632975008094,0.0657063560187816,-0.0657063560187816,-0.2441316395998001,0.6049065097546564,24.0,3.0,0.8443909918249372,0.9525243432410976
IQL,Go2Getup,go2-getup,medium-expert,2,IQL-Go2Getup-7be30619,,humanoid_gym_relative,100.0,0.6229560998082161,True,full,json,0.5887983466684819,0.4500229898511269,0.7906757891178131,0.945168282082397,0.0341577531397342,-0.0341577531397342,-0.1631732553243637,0.73806620502697,16.0,1.0,0.9184226948097384,0.9794955383609468
TD3-BC,Go2Getup,go2-getup,medium-expert,2,TD3-BC-Go2Getup-389786b0,,humanoid_gym_relative,100.0,0.4581762332469224,True,full,json,0.4852148821949958,0.3882636969039145,0.631830483675003,1.0590136436289168,-0.0270386489480733,0.0270386489480733,-0.2641327992081642,0.4235126572664966,23.0,3.0,0.9377930541280556,1.163280696360482
AWAC,Go2Getup,go2-getup,medium-replay,0,AWAC-Go2Getup-742bd978,,default,100.0,0.2537744737789035,True,full,json,0.2537744737789035,0.3081528620369043,0.2578843981027603,1.0,0.0,,,,,,,
BC,Go2Getup,go2-getup,medium-replay,0,BC-Go2Getup-eba62dbb,,default,100.0,0.3801191837154329,True,full,json,0.3801191837154329,0.4236380146705051,0.2416490912437439,1.0,0.0,,,,,,,
CQL,Go2Getup,go2-getup,medium-replay,0,CQL-Go2Getup-bd4760b1,,default,100.0,0.4670611046999693,True,full,json,0.4670611046999693,0.4647453432133645,0.6614439189434052,1.0,0.0,,,,,,,
IQL,Go2Getup,go2-getup,medium-replay,0,IQL-Go2Getup-4a80c3b9,,default,100.0,0.4622545138187706,True,full,json,0.4622545138187706,0.4380863073924075,0.3895824700593948,1.0,0.0,,,,,,,
TD3-BC,Go2Getup,go2-getup,medium-replay,0,TD3-BC-Go2Getup-ccdea30e,,default,100.0,0.4180272560566663,True,full,json,0.4180272560566663,0.3994452800691743,0.4735200852155685,1.0,0.0,,,,,,,
DT,Go2Getup,go2-getup,medium-replay,0,DT-Go2Getup-238c38ce,,default,100.0,0.5642341961711645,True,full,json,0.5642341961711645,0.4452696448406499,0.7919762134552002,1.0,0.0,,,,,,,
AWAC,Go2Getup,go2-getup,medium-replay,0,AWAC-Go2Getup-742bd978,,humanoid_gym_relative,100.0,0.2537744737789035,True,full,json,0.2557468926906586,0.3072208349176081,0.2765239328145981,1.007772329826496,-0.001972418911755,0.001972418911755,-0.4629704676568508,-0.8243382037714542,12.0,6.0,0.8634525727351974,1.1409673644822835
BC,Go2Getup,go2-getup,medium-replay,0,BC-Go2Getup-eba62dbb,,humanoid_gym_relative,100.0,0.3801191837154329,True,full,json,0.2835488910973072,0.3446432717640596,0.2455120906233787,0.7459473324281872,0.0965702926181257,-0.0965702926181256,-0.5025322824716568,-0.3220387289052623,27.0,26.0,0.6293366305316014,0.8497099221537597
CQL,Go2Getup,go2-getup,medium-replay,0,CQL-Go2Getup-bd4760b1,,humanoid_gym_relative,100.0,0.4670611046999693,True,full,json,0.3898278769198805,0.4547488330552139,0.2483715340495109,0.8346399924915566,0.0772332277800887,-0.0772332277800887,-0.5212159067392349,-0.1159480022941613,24.0,17.0,0.7607487485250626,0.9106587612855128
IQL,Go2Getup,go2-getup,medium-replay,0,IQL-Go2Getup-4a80c3b9,,humanoid_gym_relative,100.0,0.4622545138187706,True,full,json,0.330159548483789,0.3817070846810643,0.2841763347387314,0.7142375869005139,0.1320949653349816,-0.1320949653349817,-0.5043636202812195,-0.0910950682008006,31.0,26.0,0.6370470366834295,0.7980910168921199
TD3-BC,Go2Getup,go2-getup,medium-replay,0,TD3-BC-Go2Getup-ccdea30e,,humanoid_gym_relative,100.0,0.4180272560566663,True,full,json,0.3398792126774788,0.3472344942502549,0.4166771024465561,0.8130551483260362,0.0781480433791875,-0.0781480433791875,-0.3871649235486984,0.0738285173055422,35.0,2.0,0.740606776087645,0.8920707202618838
DT,Go2Getup,go2-getup,medium-replay,0,DT-Go2Getup-238c38ce,,humanoid_gym_relative,100.0,0.5642341961711645,True,full,json,0.5249633898586035,0.4431384945019129,0.757499098777771,0.9303998116756328,0.039270806312561,-0.039270806312561,-0.1669036924839019,0.7041942980122556,19.0,3.0,0.8947303276783137,0.9795469973463158
BC,Go2Getup,go2-getup,medium-replay,1,BC-Go2Getup-0316a950,,default,100.0,0.2989279732108116,True,full,json,0.2989279732108116,0.3412841430537849,0.3148590922355652,1.0,0.0,,,,,,,
AWAC,Go2Getup,go2-getup,medium-replay,1,AWAC-Go2Getup-acaf9327,,default,100.0,0.3774274821579456,True,full,json,0.3774274821579456,0.4169849916719746,0.2716558873653412,1.0,0.0,,,,,,,
CQL,Go2Getup,go2-getup,medium-replay,1,CQL-Go2Getup-f0a8bcf2,,default,100.0,0.4546607252210378,True,full,json,0.4546607252210378,0.4613779096858315,0.5997692346572876,1.0,0.0,,,,,,,
DT,Go2Getup,go2-getup,medium-replay,1,DT-Go2Getup-e41585eb,,default,100.0,0.5388022150844336,True,full,json,0.5388022150844336,0.4345596784819419,0.7851751148700714,1.0,0.0,,,,,,,
IQL,Go2Getup,go2-getup,medium-replay,1,IQL-Go2Getup-938d703c,,default,100.0,0.4501302972994744,True,full,json,0.4501302972994744,0.4388062102623999,0.3870899230241775,1.0,0.0,,,,,,,
TD3-BC,Go2Getup,go2-getup,medium-replay,1,TD3-BC-Go2Getup-9f887b46,,default,100.0,0.4816685649752616,True,full,json,0.4816685649752616,0.4332702766084551,0.6605609357357025,1.0,0.0,,,,,,,
BC,Go2Getup,go2-getup,medium-replay,1,BC-Go2Getup-0316a950,,humanoid_gym_relative,100.0,0.2989279732108116,True,full,json,0.2620700465887784,0.3043394499185961,0.3368364870548248,0.8766996402974974,0.0368579266220331,-0.0368579266220331,-0.4982147872447967,-0.666671679781012,19.0,14.000000000000002,0.7391412831937898,0.9935777362311125
AWAC,Go2Getup,go2-getup,medium-replay,1,AWAC-Go2Getup-acaf9327,,humanoid_gym_relative,100.0,0.3774274821579456,True,full,json,0.2900049766525626,0.3379602176069407,0.3428187817335129,0.7683727083000319,0.087422505505383,-0.087422505505383,-0.4992043659090995,-0.3226497526223933,25.0,23.0,0.6667139059720103,0.8703256034787936
CQL,Go2Getup,go2-getup,medium-replay,1,CQL-Go2Getup-f0a8bcf2,,humanoid_gym_relative,100.0,0.4546607252210378,True,full,json,0.3706020415574312,0.4154606836980974,0.3888217061758041,0.8151177812362379,0.0840586836636066,-0.0840586836636066,-0.5025836572051048,-0.1054037204572018,29.0,24.0,0.7040451210291988,0.9124014351166574
DT,Go2Getup,go2-getup,medium-replay,1,DT-Go2Getup-e41585eb,,humanoid_gym_relative,100.0,0.5388022150844336,True,full,json,0.4631133062019944,0.4362179252401796,0.6508952975273132,0.859523760735508,0.0756889088824391,-0.0756889088824391,-0.3827160701155662,0.2896909860409681,34.0,7.000000000000001,0.7998144654160995,0.9292594037834148
IQL,Go2Getup,go2-getup,medium-replay,1,IQL-Go2Getup-938d703c,,humanoid_gym_relative,100.0,0.4501302972994744,True,full,json,0.353066760674119,0.3912213950014912,0.3732112199068069,0.7843656887623841,0.0970635366253554,-0.0970635366253554,-0.4931943163275719,-0.0956701188221655,27.0,22.0,0.691320483928914,0.8794667730673523
TD3-BC,Go2Getup,go2-getup,medium-replay,1,TD3-BC-Go2Getup-9f887b46,,humanoid_gym_relative,100.0,0.4816685649752616,True,full,json,0.4256393903493881,0.4118534266638246,0.5304508805274963,0.8836769125077715,0.0560291746258735,-0.0560291746258735,-0.3465511605143547,0.2805194573323392,28.000000000000004,7.000000000000001,0.8301403740835755,0.9444964428400592
AWAC,Go2Getup,go2-getup,medium-replay,2,AWAC-Go2Getup-42c9f544,,default,100.0,0.4211146407574415,True,full,json,0.4211146407574415,0.4268158083082782,0.4071197807788849,1.0,0.0,,,,,,,
BC,Go2Getup,go2-getup,medium-replay,2,BC-Go2Getup-e96d3e22,,default,100.0,0.3491116115450859,True,full,json,0.3491116115450859,0.3939893073399712,0.3404817134141922,1.0,0.0,,,,,,,
CQL,Go2Getup,go2-getup,medium-replay,2,CQL-Go2Getup-aeb5ba05,,default,100.0,0.4602697260072454,True,full,json,0.4602697260072454,0.4755360745020026,0.6946480870246887,1.0,0.0,,,,,,,
DT,Go2Getup,go2-getup,medium-replay,2,DT-Go2Getup-c4e859ab,,default,100.0,0.4466444008797407,True,full,json,0.4466444008797407,0.384620300765814,0.6514740586280823,1.0,0.0,,,,,,,
IQL,Go2Getup,go2-getup,medium-replay,2,IQL-Go2Getup-f39fc1b4,,default,100.0,0.440095511674881,True,full,json,0.440095511674881,0.4315826510195777,0.4066367298364639,1.0,0.0,,,,,,,
TD3-BC,Go2Getup,go2-getup,medium-replay,2,TD3-BC-Go2Getup-56364a13,,default,100.0,0.4303128156810999,True,full,json,0.4303128156810999,0.433758425682662,0.3025732636451721,1.0,0.0,,,,,,,
AWAC,Go2Getup,go2-getup,medium-replay,2,AWAC-Go2Getup-42c9f544,,humanoid_gym_relative,100.0,0.4211146407574415,True,full,json,0.2971901575475931,0.3563583854746664,0.3388168811798095,0.7057226911252703,0.1239244832098484,-0.1239244832098484,-0.5011141419410705,-0.1899708379640688,31.0,28.000000000000004,0.6134157295145792,0.7966397764812403
BC,Go2Getup,go2-getup,medium-replay,2,BC-Go2Getup-e96d3e22,,humanoid_gym_relative,100.0,0.3491116115450859,True,full,json,0.2700504864752293,0.3324524614235359,0.3358708322048187,0.773536248995126,0.0790611250698566,-0.0790611250698566,-0.4977791592478752,-0.4258453250661634,27.0,22.0,0.6540631882557358,0.8856972502619095
CQL,Go2Getup,go2-getup,medium-replay,2,CQL-Go2Getup-aeb5ba05,,humanoid_gym_relative,100.0,0.4602697260072454,True,full,json,0.415941204521805,0.4575057213337473,0.3866112530231476,0.9036901212904396,0.0443285214854404,-0.0443285214854404,-0.5203730523586273,-0.1305828364441151,14.000000000000002,12.0,0.8128253841539255,0.98699421143849
DT,Go2Getup,go2-getup,medium-replay,2,DT-Go2Getup-c4e859ab,,humanoid_gym_relative,100.0,0.4466444008797407,True,full,json,0.4623489459604025,0.4130737649810004,0.6203468441963196,1.035161182026975,-0.0157045450806617,0.0157045450806617,-0.1825299739837646,0.5913304328359622,20.0,2.0,0.9670288956177596,1.1109853644816656
IQL,Go2Getup,go2-getup,medium-replay,2,IQL-Go2Getup-f39fc1b4,,humanoid_gym_relative,100.0,0.440095511674881,True,full,json,0.3045490992814302,0.3676049585609161,0.3608454763889313,0.6920068285232022,0.1355464123934507,-0.1355464123934507,-0.5037093982100487,-0.1445456380435941,35.0,29.0,0.6160586041743276,0.7822561787833742
TD3-BC,Go2Getup,go2-getup,medium-replay,2,TD3-BC-Go2Getup-56364a13,,humanoid_gym_relative,100.0,0.4303128156810999,True,full,json,0.3584464734047651,0.4068230372168157,0.3115463703870773,0.8329904672660409,0.0718663422763347,-0.0718663422763347,-0.4950803592801094,-0.1505126996891675,18.0,13.0,0.7623020613535604,0.9038832360160882
AWAC,Go2GetupWalk,go2-getup-walk,expert,0,AWAC-Go2GetupWalk-fe72b391,,default,100.0,0.4213388158171438,True,full,json,0.4213388158171438,0.4898965528874418,0.1103412583470344,1.0,0.0,,,,,,,
BC,Go2GetupWalk,go2-getup-walk,expert,0,BC-Go2GetupWalk-f2304788,,default,100.0,0.4037872810289263,True,full,json,0.4037872810289263,0.4910224827174644,0.0799439549446106,1.0,0.0,,,,,,,
CQL,Go2GetupWalk,go2-getup-walk,expert,0,CQL-Go2GetupWalk-fe8c2c8e,,default,100.0,-0.0640711373649537,False,full,json,-0.0640711373649537,0.0629082690111681,-0.0899051800370216,1.0,0.0,,,,,,,
IQL,Go2GetupWalk,go2-getup-walk,expert,0,IQL-Go2GetupWalk-e24e1f05,,default,100.0,0.405565337765729,True,full,json,0.405565337765729,0.4658182852752717,0.1364129409193992,1.0,0.0,,,,,,,
TD3-BC,Go2GetupWalk,go2-getup-walk,expert,0,TD3-BC-Go2GetupWalk-b55d30bd,,default,100.0,0.1601998835732229,True,full,json,0.1601998835732229,0.2311975217368981,0.0621867980808019,1.0,0.0,,,,,,,
DT,Go2GetupWalk,go2-getup-walk,expert,0,DT-Go2GetupWalk-e5cc3be1,,default,100.0,0.5942415800783784,True,full,json,0.5942415800783784,0.4312972322482634,0.7733132839202881,1.0,0.0,,,,,,,
AWAC,Go2GetupWalk,go2-getup-walk,expert,0,AWAC-Go2GetupWalk-fe72b391,,humanoid_gym_relative,100.0,0.4213388158171438,True,full,json,0.2322625208459794,0.3891964763556496,0.055742448195815,0.551248810047396,0.1890762949711643,-0.1890762949711643,-0.9950339548755436,-1.3616004923395832,43.0,33.0,0.4036658836895194,0.6976620697624636
BC,Go2GetupWalk,go2-getup-walk,expert,0,BC-Go2GetupWalk-f2304788,,humanoid_gym_relative,100.0,0.4037872810289263,True,full,json,0.1859955238213297,0.2990830123615665,0.0741011649370193,0.4606274951191576,0.2177917572075966,-0.2177917572075966,-0.9233024142682552,-1.2866059869828144,51.0,42.0,0.3497600724952795,0.5681906396373102
CQL,Go2GetupWalk,go2-getup-walk,expert,0,CQL-Go2GetupWalk-fe8c2c8e,,humanoid_gym_relative,100.0,-0.0640711373649537,False,full,json,-0.055517406463623,0.0731299203931027,-0.0897875949740409,0.8664963468244983,-0.0085537309013307,0.0085537309013307,-0.0090685561299324,1.1415388660619097,6.0,3.0,0.7109958548110418,1.0356333453345874
IQL,Go2GetupWalk,go2-getup-walk,expert,0,IQL-Go2GetupWalk-e24e1f05,,humanoid_gym_relative,100.0,0.405565337765729,True,full,json,0.26189195718267,0.3284028758702939,0.1694670170545578,0.6457454145993842,0.143673380583059,-0.143673380583059,-0.9213490597903728,-1.271764803338744,42.0,28.000000000000004,0.4996043346663096,0.7727730428227058
TD3-BC,Go2GetupWalk,go2-getup-walk,expert,0,TD3-BC-Go2GetupWalk-b55d30bd,,humanoid_gym_relative,100.0,0.1601998835732229,True,full,json,0.1457817951054312,0.2045916941819685,0.067419409751892,0.9099993823578432,0.0144180884677916,-0.0144180884677916,-0.1465846166014671,0.0849892438625438,35.0,10.0,0.7809346439488867,1.009316213836525
DT,Go2GetupWalk,go2-getup-walk,expert,0,DT-Go2GetupWalk-e5cc3be1,,humanoid_gym_relative,100.0,0.5942415800783784,True,full,json,0.4606383849307894,0.3642425324124724,0.5776994824409485,0.7751702344188586,0.1336031951475889,-0.1336031951475888,-0.6057213097810745,-0.0193182875240437,47.0,13.0,0.6870528227083607,0.8659402255786547
BC,Go2GetupWalk,go2-getup-walk,expert,1,BC-Go2GetupWalk-4aeffbec,,default,100.0,0.3826412159344181,True,full,json,0.3826412159344181,0.4895835272777143,0.0859525762498378,1.0,0.0,,,,,,,
AWAC,Go2GetupWalk,go2-getup-walk,expert,1,AWAC-Go2GetupWalk-da6a8739,,default,100.0,0.3991777130938135,True,full,json,0.3991777130938135,0.4546569715824441,0.2190795019268989,1.0,0.0,,,,,,,
CQL,Go2GetupWalk,go2-getup-walk,expert,1,CQL-Go2GetupWalk-d2e34c30,,default,100.0,-0.0351238346971877,False,full,json,-0.0351238346971877,0.0675507380191228,-0.0738621912896633,1.0,0.0,,,,,,,
DT,Go2GetupWalk,go2-getup-walk,expert,1,DT-Go2GetupWalk-a7d540d4,,default,100.0,0.5680856675840914,True,full,json,0.5680856675840914,0.4730894796795778,0.9024139642715454,1.0,0.0,,,,,,,
IQL,Go2GetupWalk,go2-getup-walk,expert,1,IQL-Go2GetupWalk-2b5ac8a2,,default,100.0,0.4422934138495475,True,full,json,0.4422934138495475,0.4613672191255584,0.3777148276567459,1.0,0.0,,,,,,,
TD3-BC,Go2GetupWalk,go2-getup-walk,expert,1,TD3-BC-Go2GetupWalk-3f1c22de,,default,100.0,0.0431336996192112,False,full,json,0.0431336996192112,0.1637259453921469,0.0091157020069658,1.0,0.0,,,,,,,
BC,Go2GetupWalk,go2-getup-walk,expert,1,BC-Go2GetupWalk-4aeffbec,,humanoid_gym_relative,100.0,0.3826412159344181,True,full,json,0.1407114740821998,0.3185726616428221,0.0265860725194215,0.3677373691659937,0.2419297418522182,-0.2419297418522182,-1.0142806097865105,-1.6507353822551898,53.0,45.0,0.212990880454581,0.501313091521351
AWAC,Go2GetupWalk,go2-getup-walk,expert,1,AWAC-Go2GetupWalk-da6a8739,,humanoid_gym_relative,100.0,0.3991777130938135,True,full,json,0.2766514901688788,0.3631948527960719,0.1175153777003288,0.6930534473598255,0.1225262229249347,-0.1225262229249347,-0.5819430693984031,-0.4578546103891243,47.0,30.0,0.5608773135375051,0.8013279695916747
CQL,Go2GetupWalk,go2-getup-walk,expert,1,CQL-Go2GetupWalk-d2e34c30,,humanoid_gym_relative,100.0,-0.0351238346971877,False,full,json,-0.0362806934182299,0.0673727804173203,-0.0756990909576416,1.0329365723024218,0.0011568587210422,-0.0011568587210422,-0.1287293009459972,4.665012720160203,23.0,11.0,0.5367084471333505,1.3248377986837747
DT,Go2GetupWalk,go2-getup-walk,expert,1,DT-Go2GetupWalk-a7d540d4,,humanoid_gym_relative,100.0,0.5680856675840914,True,full,json,0.4415568808384705,0.3881159297524424,0.5337701737880707,0.7772716441101002,0.1265287867456208,-0.1265287867456209,-0.9260949164628982,-0.6302029241493091,46.0,12.0,0.6601695631841834,0.8873706216257938
IQL,Go2GetupWalk,go2-getup-walk,expert,1,IQL-Go2GetupWalk-2b5ac8a2,,humanoid_gym_relative,100.0,0.4422934138495475,True,full,json,0.2438907680334523,0.3380042368477302,0.0913999341428279,0.5514230155740354,0.1984026458160951,-0.1984026458160951,-0.812907499819994,-0.8379371574737403,56.99999999999999,32.0,0.4389664920687175,0.6536027045513639
TD3-BC,Go2GetupWalk,go2-getup-walk,expert,1,TD3-BC-Go2GetupWalk-3f1c22de,,humanoid_gym_relative,100.0,0.0431336996192112,False,full,json,0.0096449449198553,0.0983419344216878,0.0022928519174456,0.2236057886293524,0.0334887546993559,-0.0334887546993559,-0.4200972836464643,-8.739421551017566,41.0,31.0,-0.2809274828301984,0.798362466368975
AWAC,Go2GetupWalk,go2-getup-walk,expert,2,AWAC-Go2GetupWalk-7760a23d,,default,100.0,0.3951001378055662,True,full,json,0.3951001378055662,0.4879344724637207,0.0828782841563224,1.0,0.0,,,,,,,
BC,Go2GetupWalk,go2-getup-walk,expert,2,BC-Go2GetupWalk-357e33b0,,default,100.0,0.3185852830292424,True,full,json,0.3185852830292424,0.4641174762257104,0.0712076462805271,1.0,0.0,,,,,,,
CQL,Go2GetupWalk,go2-getup-walk,expert,2,CQL-Go2GetupWalk-51278fe9,,default,100.0,0.0206901811028365,False,full,json,0.0206901811028365,0.0807977209791458,0.0212721796706318,1.0,0.0,,,,,,,
DT,Go2GetupWalk,go2-getup-walk,expert,2,DT-Go2GetupWalk-e0303372,,default,100.0,0.5448182279663161,True,full,json,0.5448182279663161,0.4909503441067041,0.9023029208183287,1.0,0.0,,,,,,,
IQL,Go2GetupWalk,go2-getup-walk,expert,2,IQL-Go2GetupWalk-037fe512,,default,100.0,0.4254851861856877,True,full,json,0.4254851861856877,0.4466884103116612,0.3294515162706375,1.0,0.0,,,,,,,
TD3-BC,Go2GetupWalk,go2-getup-walk,expert,2,TD3-BC-Go2GetupWalk-bdbf7063,,default,100.0,0.132479407810606,True,full,json,0.132479407810606,0.2274025482093488,0.0480052549391984,1.0,0.0,,,,,,,
AWAC,Go2GetupWalk,go2-getup-walk,expert,2,AWAC-Go2GetupWalk-7760a23d,,humanoid_gym_relative,100.0,0.3951001378055662,True,full,json,0.1549386555550154,0.3057932710701786,0.0632623042911291,0.392150345518894,0.2401614822505507,-0.2401614822505507,-0.988457860564813,-1.5017907259026209,51.0,42.0,0.218643549281904,0.5267394739497919
BC,Go2GetupWalk,go2-getup-walk,expert,2,BC-Go2GetupWalk-357e33b0,,humanoid_gym_relative,100.0,0.3185852830292424,True,full,json,0.1385860821721144,0.2960339845237374,0.0489126425236463,0.4350046582641226,0.179999200857128,-0.179999200857128,-1.0021668607369063,-2.145678454471857,45.0,36.0,0.266976183309945,0.5767868245857795
CQL,Go2GetupWalk,go2-getup-walk,expert,2,CQL-Go2GetupWalk-51278fe9,,humanoid_gym_relative,100.0,0.0206901811028365,False,full,json,0.00897186273447,0.0804407657132722,0.001455707810237,0.4336290093294572,0.0117183183683664,-0.0117183183683664,-0.1011391314561478,-3.8882670941088224,39.0,21.0,0.0188741632615613,1.766924672736919
DT,Go2GetupWalk,go2-getup-walk,expert,2,DT-Go2GetupWalk-e0303372,,humanoid_gym_relative,100.0,0.5448182279663161,True,full,json,0.4100289704615716,0.4292640228836913,0.4975157976150512,0.7525977462099929,0.1347892575047444,-0.1347892575047444,-0.9250337501987816,-0.6978759202894597,42.0,19.0,0.6335148145160949,0.8711129818039959
IQL,Go2GetupWalk,go2-getup-walk,expert,2,IQL-Go2GetupWalk-037fe512,,humanoid_gym_relative,100.0,0.4254851861856877,True,full,json,0.3211848773062229,0.3182659510064479,0.3489105552434921,0.7548673555136495,0.1043003088794648,-0.1043003088794648,-0.6180548310279846,-0.4525883652227948,42.0,26.0,0.627331521236478,0.8636141010184365
TD3-BC,Go2GetupWalk,go2-getup-walk,expert,2,TD3-BC-Go2GetupWalk-bdbf7063,,humanoid_gym_relative,100.0,0.132479407810606,True,full,json,0.1018298620224231,0.1935676548352168,0.0418118312954902,0.76864671804693,0.0306495457881828,-0.0306495457881828,-0.3871720574796199,-1.9225074589186355,43.0,30.0,0.5031698106863782,0.9693591237494936
AWAC,Go2GetupWalk,go2-getup-walk,medium,0,AWAC-Go2GetupWalk-f63c2866,,default,100.0,0.4244962529838085,True,full,json,0.4244962529838085,0.2272951327612646,0.4052230715751648,1.0,0.0,,,,,,,
BC,Go2GetupWalk,go2-getup-walk,medium,0,BC-Go2GetupWalk-cf8841d2,,default,100.0,0.4230803210102021,True,full,json,0.4230803210102021,0.2255973918775144,0.4011118113994598,1.0,0.0,,,,,,,
CQL,Go2GetupWalk,go2-getup-walk,medium,0,CQL-Go2GetupWalk-a8743e61,,default,100.0,0.1314559602015651,True,full,json,0.1314559602015651,0.1587840128406928,0.1088408827781677,1.0,0.0,,,,,,,
IQL,Go2GetupWalk,go2-getup-walk,medium,0,IQL-Go2GetupWalk-a6d5400d,,default,100.0,0.4365245372056961,True,full,json,0.4365245372056961,0.2306740917155758,0.4147486835718155,1.0,0.0,,,,,,,
TD3-BC,Go2GetupWalk,go2-getup-walk,medium,0,TD3-BC-Go2GetupWalk-a07cad99,,default,100.0,0.2831886712927371,True,full,json,0.2831886712927371,0.2036829385528123,0.168250598013401,1.0,0.0,,,,,,,
DT,Go2GetupWalk,go2-getup-walk,medium,0,DT-Go2GetupWalk-38917a05,,default,100.0,0.4363374696159735,True,full,json,0.4363374696159735,0.227081909983301,0.4196071326732635,1.0,0.0,,,,,,,
AWAC,Go2GetupWalk,go2-getup-walk,medium,0,AWAC-Go2GetupWalk-f63c2866,,humanoid_gym_relative,100.0,0.4244962529838085,True,full,json,0.4117138279229402,0.2200008284279432,0.3554035872220993,0.9698880143911288,0.0127824250608682,-0.0127824250608682,-0.2924643188714981,0.3110320366416673,32.0,6.0,0.8807991496632341,1.0470489490590738
BC,Go2GetupWalk,go2-getup-walk,medium,0,BC-Go2GetupWalk-cf8841d2,,humanoid_gym_relative,100.0,0.4230803210102021,True,full,json,0.3719690572842956,0.2250718297439288,0.3518886715173721,0.8791925287286665,0.0511112637259065,-0.0511112637259066,-0.3936148680746555,0.0696450566766874,33.0,15.0,0.8000589686403649,0.963767344970244
CQL,Go2GetupWalk,go2-getup-walk,medium,0,CQL-Go2GetupWalk-a8743e61,,humanoid_gym_relative,100.0,0.1314559602015651,True,full,json,0.1287308283476159,0.1253562058848874,0.1098181754350662,0.979269621173732,0.0027251318539492,-0.0027251318539492,-0.1883940320461988,-0.4331341976227545,36.0,16.0,0.7532284247404195,1.1548431518566882
IQL,Go2GetupWalk,go2-getup-walk,medium,0,IQL-Go2GetupWalk-a6d5400d,,humanoid_gym_relative,100.0,0.4365245372056961,True,full,json,0.4140798997785896,0.2192010941208571,0.4213111698627472,0.948583331487434,0.0224446374271065,-0.0224446374271065,-0.2661255151033401,0.3903538233912879,27.0,6.0,0.8827722877286024,1.0201425735211018
TD3-BC,Go2GetupWalk,go2-getup-walk,medium,0,TD3-BC-Go2GetupWalk-a07cad99,,humanoid_gym_relative,100.0,0.2831886712927371,True,full,json,0.2962527347169816,0.2038961938568347,0.2110045701265335,1.0461320128542146,-0.0130640634242445,0.0130640634242445,-0.2581319153308868,0.0884807850803773,29.0,14.000000000000002,0.912406750405037,1.167076876052378
DT,Go2GetupWalk,go2-getup-walk,medium,0,DT-Go2GetupWalk-38917a05,,humanoid_gym_relative,100.0,0.4363374696159735,True,full,json,0.3914259929116815,0.2235599458072819,0.3933178037405014,0.8970716937424164,0.044911476704292,-0.044911476704292,-0.4617472194135189,-0.0582341686582838,33.0,16.0,0.8088058892708525,0.9821853926575858
BC,Go2GetupWalk,go2-getup-walk,medium,1,BC-Go2GetupWalk-7287695e,,default,100.0,0.3963983353972435,True,full,json,0.3963983353972435,0.2415188923488569,0.3598983138799667,1.0,0.0,,,,,,,
AWAC,Go2GetupWalk,go2-getup-walk,medium,1,AWAC-Go2GetupWalk-b62ddb43,,default,100.0,0.420470516346395,True,full,json,0.420470516346395,0.22890683301734,0.4050916880369186,1.0,0.0,,,,,,,
CQL,Go2GetupWalk,go2-getup-walk,medium,1,CQL-Go2GetupWalk-3c41ae32,,default,100.0,0.048104041791521,False,full,json,0.048104041791521,0.0941013028815223,0.0874751135706901,1.0,0.0,,,,,,,
DT,Go2GetupWalk,go2-getup-walk,medium,1,DT-Go2GetupWalk-3274033a,,default,100.0,0.4420815978944301,True,full,json,0.4420815978944301,0.2278409826187152,0.4377593547105789,1.0,0.0,,,,,,,
IQL,Go2GetupWalk,go2-getup-walk,medium,1,IQL-Go2GetupWalk-c34c2495,,default,100.0,0.4445369257777929,True,full,json,0.4445369257777929,0.2202085728161054,0.4223847538232803,1.0,0.0,,,,,,,
TD3-BC,Go2GetupWalk,go2-getup-walk,medium,1,TD3-BC-Go2GetupWalk-0b334e13,,default,100.0,0.2179708725493401,True,full,json,0.2179708725493401,0.1694706560090444,0.167856752872467,1.0,0.0,,,,,,,
BC,Go2GetupWalk,go2-getup-walk,medium,1,BC-Go2GetupWalk-7287695e,,humanoid_gym_relative,100.0,0.3963983353972435,True,full,json,0.3534945898316801,0.228055935498538,0.2932145148515701,0.89176608039343,0.0429037455655634,-0.0429037455655634,-0.336344901099801,0.151497695461463,35.0,13.0,0.8110722992062348,0.9703768400108372
AWAC,Go2GetupWalk,go2-getup-walk,medium,1,AWAC-Go2GetupWalk-b62ddb43,,humanoid_gym_relative,100.0,0.420470516346395,True,full,json,0.4064777296036482,0.2161734330054441,0.3981044590473175,0.9667211226500856,0.0139927867427468,-0.0139927867427468,-0.3955878615379333,0.0591781203226213,29.0,10.0,0.8790603115667521,1.0436043800813253
CQL,Go2GetupWalk,go2-getup-walk,medium,1,CQL-Go2GetupWalk-3c41ae32,,humanoid_gym_relative,100.0,0.048104041791521,False,full,json,0.0472716340888291,0.0950583627676255,0.0924308001995086,0.9826956806187004,0.0008324077026918,-0.0008324077026918,-0.1325441692024469,-1.755364502984646,34.0,17.0,0.5236754881190115,1.266348075131847
DT,Go2GetupWalk,go2-getup-walk,medium,1,DT-Go2GetupWalk-3274033a,,humanoid_gym_relative,100.0,0.4420815978944301,True,full,json,0.4133602435141801,0.2179835077302106,0.4118173569440841,0.9350315540908158,0.0287213543802499,-0.0287213543802499,-0.308140493184328,0.302978240551165,32.0,8.0,0.8668044856357175,0.998667081015228
IQL,Go2GetupWalk,go2-getup-walk,medium,1,IQL-Go2GetupWalk-c34c2495,,humanoid_gym_relative,100.0,0.4445369257777929,True,full,json,0.4142481228709221,0.2198000795909215,0.4257377982139587,0.9318643713255644,0.0302888029068708,-0.0302888029068708,-0.2426862329244613,0.4540695747606555,29.0,8.0,0.873873373313953,0.9937196757923386
TD3-BC,Go2GetupWalk,go2-getup-walk,medium,1,TD3-BC-Go2GetupWalk-0b334e13,,humanoid_gym_relative,100.0,0.2179708725493401,True,full,json,0.22828173800488,0.1654934865074047,0.1565395593643188,1.0473038683331688,-0.0103108654555398,0.0103108654555398,-0.3241211216896772,-0.4869928165117969,40.0,21.0,0.8509303432243691,1.209906959183692
AWAC,Go2GetupWalk,go2-getup-walk,medium,2,AWAC-Go2GetupWalk-a95f9dd4,,default,100.0,0.4332932783663273,True,full,json,0.4332932783663273,0.2206636237133505,0.400105208158493,1.0,0.0,,,,,,,
BC,Go2GetupWalk,go2-getup-walk,medium,2,BC-Go2GetupWalk-cd10e9fc,,default,100.0,0.399609197974205,True,full,json,0.399609197974205,0.2248736912915074,0.3764229714870453,1.0,0.0,,,,,,,
CQL,Go2GetupWalk,go2-getup-walk,medium,2,CQL-Go2GetupWalk-5661a79f,,default,100.0,0.0604716845788061,True,full,json,0.0604716845788061,0.0964175263115046,0.1143470555543899,1.0,0.0,,,,,,,
DT,Go2GetupWalk,go2-getup-walk,medium,2,DT-Go2GetupWalk-3a18ba11,,default,100.0,0.4314617703855037,True,full,json,0.4314617703855037,0.2201541573019043,0.4279969185590744,1.0,0.0,,,,,,,
IQL,Go2GetupWalk,go2-getup-walk,medium,2,IQL-Go2GetupWalk-1e1b913e,,default,100.0,0.4309312801063061,True,full,json,0.4309312801063061,0.2289190263409518,0.4186910390853882,1.0,0.0,,,,,,,
TD3-BC,Go2GetupWalk,go2-getup-walk,medium,2,TD3-BC-Go2GetupWalk-af711692,,default,100.0,0.3057549511172692,True,full,json,0.3057549511172692,0.1813865825347711,0.2879697531461715,1.0,0.0,,,,,,,
AWAC,Go2GetupWalk,go2-getup-walk,medium,2,AWAC-Go2GetupWalk-a95f9dd4,,humanoid_gym_relative,100.0,0.4332932783663273,True,full,json,0.4102482202649116,0.2151945762454024,0.3841757178306579,0.9468141804823194,0.0230450581014156,-0.0230450581014156,-0.3543730534613132,0.1821404320015577,25.0,8.0,0.8671082085354496,1.0219795055821228
BC,Go2GetupWalk,go2-getup-walk,medium,2,BC-Go2GetupWalk-cd10e9fc,,humanoid_gym_relative,100.0,0.399609197974205,True,full,json,0.3884194725006819,0.2167505767397421,0.3685817867517471,0.9719983285413628,0.0111897254735231,-0.0111897254735231,-0.3897835310548544,0.0245881900846157,29.0,8.0,0.8932959393668469,1.052291588633316
CQL,Go2GetupWalk,go2-getup-walk,medium,2,CQL-Go2GetupWalk-5661a79f,,humanoid_gym_relative,100.0,0.0604716845788061,True,full,json,0.0648079117015004,0.0929970784767616,0.1138289906084537,1.071706736018629,-0.0043362271226942,0.0043362271226942,-0.1393530464731157,-1.3044346696099072,26.0,12.0,0.7096677953800974,1.297595943811818
DT,Go2GetupWalk,go2-getup-walk,medium,2,DT-Go2GetupWalk-3a18ba11,,humanoid_gym_relative,100.0,0.4314617703855037,True,full,json,0.3958540238812565,0.2187320052486466,0.3932332843542099,0.9174718388782572,0.0356077465042471,-0.0356077465042471,-0.4085772939026356,0.0530394070891177,27.0,12.0,0.8501459689514123,0.9836651351421156
IQL,Go2GetupWalk,go2-getup-walk,medium,2,IQL-Go2GetupWalk-1e1b913e,,humanoid_gym_relative,100.0,0.4309312801063061,True,full,json,0.4048389342799783,0.2263003629124271,0.3797710537910461,0.939451260488932,0.0260923458263278,-0.0260923458263278,-0.377154728025198,0.1247914796712877,27.0,9.0,0.8616148349512627,1.0158355145522002
TD3-BC,Go2GetupWalk,go2-getup-walk,medium,2,TD3-BC-Go2GetupWalk-af711692,,humanoid_gym_relative,100.0,0.3057549511172692,True,full,json,0.2919612576253712,0.1827496536949076,0.2269843518733978,0.954886442749352,0.013793693491898,-0.013793693491898,-0.353601011633873,-0.156484990158844,36.0,15.0,0.8296702848016173,1.066992237001089
AWAC,Go2GetupWalk,go2-getup-walk,medium-expert,0,AWAC-Go2GetupWalk-01da55ae,,default,100.0,0.4370543254050426,True,full,json,0.4370543254050426,0.2486742916839493,0.4597975462675094,1.0,0.0,,,,,,,
BC,Go2GetupWalk,go2-getup-walk,medium-expert,0,BC-Go2GetupWalk-78d748db,,default,100.0,0.3859808425419032,True,full,json,0.3859808425419032,0.2512635135580711,0.3390080332756042,1.0,0.0,,,,,,,
CQL,Go2GetupWalk,go2-getup-walk,medium-expert,0,CQL-Go2GetupWalk-dd13b2f0,,default,100.0,0.0162667257152497,False,full,json,0.0162667257152497,0.1034474202754948,0.0130595420487225,1.0,0.0,,,,,,,
IQL,Go2GetupWalk,go2-getup-walk,medium-expert,0,IQL-Go2GetupWalk-041607aa,,default,100.0,0.4358756651985459,True,full,json,0.4358756651985459,0.2463973942150436,0.4619470238685608,1.0,0.0,,,,,,,
TD3-BC,Go2GetupWalk,go2-getup-walk,medium-expert,0,TD3-BC-Go2GetupWalk-ac884622,,default,100.0,0.1299561544158496,True,full,json,0.1299561544158496,0.1441913877994389,0.0957896783947944,1.0,0.0,,,,,,,
DT,Go2GetupWalk,go2-getup-walk,medium-expert,0,DT-Go2GetupWalk-9d3fa97f,,default,100.0,0.4330938632879406,True,full,json,0.4330938632879406,0.2684190834393882,0.404862567782402,1.0,0.0,,,,,,,
AWAC,Go2GetupWalk,go2-getup-walk,medium-expert,0,AWAC-Go2GetupWalk-01da55ae,,humanoid_gym_relative,100.0,0.4370543254050426,True,full,json,0.3794159088237211,0.23679903342542,0.4121365845203399,0.8681207043817613,0.0576384165813215,-0.0576384165813215,-0.5825411656580399,-0.3328804493998921,29.0,17.0,0.7688125736596794,0.9597487858686468
BC,Go2GetupWalk,go2-getup-walk,medium-expert,0,BC-Go2GetupWalk-78d748db,,humanoid_gym_relative,100.0,0.3859808425419032,True,full,json,0.3487894872389734,0.2341760697816122,0.2749870121479034,0.9036445564033604,0.0371913553029298,-0.0371913553029298,-0.6324781918898225,-0.6386258647568985,33.0,18.0,0.7564522685837212,1.042023434492184
CQL,Go2GetupWalk,go2-getup-walk,medium-expert,0,CQL-Go2GetupWalk-dd13b2f0,,humanoid_gym_relative,100.0,0.0162667257152497,False,full,json,0.011044738239143,0.1024689570721937,-0.0118405806133523,0.678977345071282,0.0052219874761067,-0.0052219874761067,-0.1580048337578773,-8.71337665143948,28.000000000000004,18.0,-1.09449120958389,3.24786913646526
IQL,Go2GetupWalk,go2-getup-walk,medium-expert,0,IQL-Go2GetupWalk-041607aa,,humanoid_gym_relative,100.0,0.4358756651985459,True,full,json,0.3933158391341567,0.2327056759062275,0.3942176848649978,0.902357875278486,0.0425598260643892,-0.0425598260643892,-0.462607404589653,-0.0613288181136023,31.0,16.0,0.7867015166676605,0.9986606562784948
TD3-BC,Go2GetupWalk,go2-getup-walk,medium-expert,0,TD3-BC-Go2GetupWalk-ac884622,,humanoid_gym_relative,100.0,0.1299561544158496,True,full,json,0.146706555802375,0.1602870381703894,0.1234610714018344,1.1288927135603404,-0.0167504013865254,0.0167504013865254,-0.3044546587392688,-1.3427490610797663,38.0,27.0,0.7744021177882257,1.3777862119739233
DT,Go2GetupWalk,go2-getup-walk,medium-expert,0,DT-Go2GetupWalk-9d3fa97f,,humanoid_gym_relative,100.0,0.4330938632879406,True,full,json,0.3377073009498417,0.2275967540847311,0.2813724428415298,0.7797554515920685,0.0953865623380988,-0.0953865623380988,-0.6373683743178844,-0.4716633698735479,43.0,25.0,0.6657616116647074,0.8834038048382828
BC,Go2GetupWalk,go2-getup-walk,medium-expert,1,BC-Go2GetupWalk-a63264a1,,default,100.0,0.3932913977652788,True,full,json,0.3932913977652788,0.2460072224468693,0.3293214738368988,1.0,0.0,,,,,,,
AWAC,Go2GetupWalk,go2-getup-walk,medium-expert,1,AWAC-Go2GetupWalk-a5c471bb,,default,100.0,0.4377408373355865,True,full,json,0.4377408373355865,0.2693400333579688,0.4167037010192871,1.0,0.0,,,,,,,
CQL,Go2GetupWalk,go2-getup-walk,medium-expert,1,CQL-Go2GetupWalk-5c74b476,,default,100.0,0.0419875024352222,False,full,json,0.0419875024352222,0.1219525776780797,0.0641353987157344,1.0,0.0,,,,,,,
DT,Go2GetupWalk,go2-getup-walk,medium-expert,1,DT-Go2GetupWalk-15229edf,,default,100.0,0.4150291895773261,True,full,json,0.4150291895773261,0.2409945261468262,0.3771761208772659,1.0,0.0,,,,,,,
IQL,Go2GetupWalk,go2-getup-walk,medium-expert,1,IQL-Go2GetupWalk-f877a91d,,default,100.0,0.4348178313300013,True,full,json,0.4348178313300013,0.2469868856442838,0.4060074239969253,1.0,0.0,,,,,,,
TD3-BC,Go2GetupWalk,go2-getup-walk,medium-expert,1,TD3-BC-Go2GetupWalk-32c2349b,,default,100.0,0.1678119840269573,True,full,json,0.1678119840269573,0.1596475691777579,0.1370871663093567,1.0,0.0,,,,,,,
BC,Go2GetupWalk,go2-getup-walk,medium-expert,1,BC-Go2GetupWalk-a63264a1,,humanoid_gym_relative,100.0,0.3932913977652788,True,full,json,0.3334544087946415,0.238399411277632,0.2774970829486847,0.847855840960069,0.0598369889706373,-0.0598369889706373,-0.5562982015777379,-0.4144682663762291,42.0,18.0,0.7329742350331178,0.9443035452901924
AWAC,Go2GetupWalk,go2-getup-walk,medium-expert,1,AWAC-Go2GetupWalk-a5c471bb,,humanoid_gym_relative,100.0,0.4377408373355865,True,full,json,0.3514083279587794,0.2294013255753814,0.2776983082294464,0.8027771183006583,0.0863325093768071,-0.0863325093768071,-0.674030215293169,-0.5397928587056529,49.0,20.0,0.6859236229132935,0.9070690114286508
CQL,Go2GetupWalk,go2-getup-walk,medium-expert,1,CQL-Go2GetupWalk-5c74b476,,humanoid_gym_relative,100.0,0.0419875024352222,False,full,json,0.0343703218828886,0.0961078161059592,0.057718027383089,0.8185845761108255,0.0076171805523335,-0.0076171805523335,-0.1245062611531466,-1.9653171522939028,30.0,15.0,0.2802729246754716,1.1520640996608449
DT,Go2GetupWalk,go2-getup-walk,medium-expert,1,DT-Go2GetupWalk-15229edf,,humanoid_gym_relative,100.0,0.4150291895773261,True,full,json,0.3944032635679468,0.238433520911014,0.4045685827732086,0.95030246901336,0.0206259260093792,-0.0206259260093793,-0.2754372460534796,0.3363424718777244,35.0,10.0,0.8553115521003352,1.0365578809560594
IQL,Go2GetupWalk,go2-getup-walk,medium-expert,1,IQL-Go2GetupWalk-f877a91d,,humanoid_gym_relative,100.0,0.4348178313300013,True,full,json,0.3603395989333512,0.2235249432241215,0.322198212146759,0.8287139417239642,0.0744782323966501,-0.0744782323966501,-0.4953011389821767,-0.1391003387951496,37.0,17.0,0.7368479135873216,0.9175932108244452
TD3-BC,Go2GetupWalk,go2-getup-walk,medium-expert,1,TD3-BC-Go2GetupWalk-32c2349b,,humanoid_gym_relative,100.0,0.1678119840269573,True,full,json,0.15079438535613,0.1478660782740065,0.1396079212427139,0.8985912789870028,0.0170175986708272,-0.0170175986708272,-0.2942569456994533,-0.7534918462806793,50.0,30.0,0.660944777318816,1.0856035359149143
AWAC,Go2GetupWalk,go2-getup-walk,medium-expert,2,AWAC-Go2GetupWalk-42188d35,,default,100.0,0.4517953708022832,True,full,json,0.4517953708022832,0.2398382419100713,0.4904325902462005,1.0,0.0,,,,,,,
BC,Go2GetupWalk,go2-getup-walk,medium-expert,2,BC-Go2GetupWalk-2d9ba2cf,,default,100.0,0.394616050068289,True,full,json,0.394616050068289,0.2402412946238571,0.3607964962720871,1.0,0.0,,,,,,,
CQL,Go2GetupWalk,go2-getup-walk,medium-expert,2,CQL-Go2GetupWalk-8ed15ac6,,default,100.0,0.0393024901871103,False,full,json,0.0393024901871103,0.0973363252570373,0.0673128925263881,1.0,0.0,,,,,,,
DT,Go2GetupWalk,go2-getup-walk,medium-expert,2,DT-Go2GetupWalk-a16e26ba,,default,100.0,0.4519236968830228,True,full,json,0.4519236968830228,0.2713931280022643,0.4520023167133331,1.0,0.0,,,,,,,
IQL,Go2GetupWalk,go2-getup-walk,medium-expert,2,IQL-Go2GetupWalk-3001d171,,default,100.0,0.444830329422839,True,full,json,0.444830329422839,0.237711040813747,0.4163298010826111,1.0,0.0,,,,,,,
TD3-BC,Go2GetupWalk,go2-getup-walk,medium-expert,2,TD3-BC-Go2GetupWalk-2470506d,,default,100.0,0.1403713576123118,True,full,json,0.1403713576123118,0.1604353828148775,0.1048770360648632,1.0,0.0,,,,,,,
AWAC,Go2GetupWalk,go2-getup-walk,medium-expert,2,AWAC-Go2GetupWalk-42188d35,,humanoid_gym_relative,100.0,0.4517953708022832,True,full,json,0.3809784164093435,0.2412332834808741,0.364353597164154,0.8432543603375453,0.0708169543929397,-0.0708169543929398,-0.5733758803457022,-0.2691052573812792,36.0,22.0,0.7567691903221943,0.9276156139774316
BC,Go2GetupWalk,go2-getup-walk,medium-expert,2,BC-Go2GetupWalk-2d9ba2cf,,humanoid_gym_relative,100.0,0.394616050068289,True,full,json,0.3646090541034937,0.2276972464039355,0.3153718709945678,0.9239590078518028,0.0300069959647953,-0.0300069959647953,-0.4672170169651508,-0.1839787481636848,33.0,14.000000000000002,0.8227741545709237,1.020238012885655
CQL,Go2GetupWalk,go2-getup-walk,medium-expert,2,CQL-Go2GetupWalk-8ed15ac6,,humanoid_gym_relative,100.0,0.0393024901871103,False,full,json,0.0345177991321543,0.0956532177659026,0.0527193397283554,0.8782598498930422,0.004784691054956,-0.004784691054956,-0.1772507073357701,-3.509910351530376,36.0,17.0,0.3298991655071961,1.2408705572654066
DT,Go2GetupWalk,go2-getup-walk,medium-expert,2,DT-Go2GetupWalk-a16e26ba,,humanoid_gym_relative,100.0,0.4519236968830228,True,full,json,0.4071578819677233,0.2452020293483149,0.4136518388986587,0.9009438645858688,0.0447658149152994,-0.0447658149152994,-0.5272499650716782,-0.1666791732944977,35.0,14.000000000000002,0.8079440855172917,0.9920645738645412
IQL,Go2GetupWalk,go2-getup-walk,medium-expert,2,IQL-Go2GetupWalk-3001d171,,humanoid_gym_relative,100.0,0.444830329422839,True,full,json,0.3980313346534967,0.2216951244407277,0.3752498775720596,0.8947936062946442,0.0467989947693422,-0.0467989947693422,-0.482089945487678,-0.0837614110377384,35.0,12.0,0.8051543111404,0.9849656983553516
TD3-BC,Go2GetupWalk,go2-getup-walk,medium-expert,2,TD3-BC-Go2GetupWalk-2470506d,,humanoid_gym_relative,100.0,0.1403713576123118,True,full,json,0.1453632021974772,0.1742717847686139,0.0968625396490097,1.0355617033992948,-0.0049918445851653,0.0049918445851653,-0.1818861359730363,-0.2957496391491994,47.0,25.0,0.8163081271325128,1.2360806810521483
AWAC,Go2GetupWalk,go2-getup-walk,medium-replay,0,AWAC-Go2GetupWalk-2897ccc2,,default,100.0,0.1856105323322117,True,full,json,0.1856105323322117,0.1489220614052399,0.1557079777121544,1.0,0.0,,,,,,,
BC,Go2GetupWalk,go2-getup-walk,medium-replay,0,BC-Go2GetupWalk-eb70913a,,default,100.0,0.2022944311425089,True,full,json,0.2022944311425089,0.1800672654443714,0.156746931374073,1.0,0.0,,,,,,,
CQL,Go2GetupWalk,go2-getup-walk,medium-replay,0,CQL-Go2GetupWalk-bb459978,,default,100.0,0.0442590030690189,False,full,json,0.0442590030690189,0.0919134772393856,0.066505741328001,1.0,0.0,,,,,,,
IQL,Go2GetupWalk,go2-getup-walk,medium-replay,0,IQL-Go2GetupWalk-785e249a,,default,100.0,0.2245871141739189,True,full,json,0.2245871141739189,0.1718164356894053,0.1583626717329025,1.0,0.0,,,,,,,
TD3-BC,Go2GetupWalk,go2-getup-walk,medium-replay,0,TD3-BC-Go2GetupWalk-ed92249b,,default,100.0,0.1599492217414081,True,full,json,0.1599492217414081,0.1934675005884274,0.1298018917441368,1.0,0.0,,,,,,,
DT,Go2GetupWalk,go2-getup-walk,medium-replay,0,DT-Go2GetupWalk-9de34940,,default,100.0,0.1318741717562079,True,full,json,0.1318741717562079,0.082541539462547,0.1460043638944625,1.0,0.0,,,,,,,
AWAC,Go2GetupWalk,go2-getup-walk,medium-replay,0,AWAC-Go2GetupWalk-2897ccc2,,humanoid_gym_relative,100.0,0.1856105323322117,True,full,json,0.170979252140969,0.1548533049693749,0.1568771675229072,0.9211721446655023,0.0146312801912426,-0.0146312801912426,-0.1383087202906608,0.2548444393063243,25.0,7.000000000000001,0.8454770730689221,0.9992116940823236
BC,Go2GetupWalk,go2-getup-walk,medium-replay,0,BC-Go2GetupWalk-eb70913a,,humanoid_gym_relative,100.0,0.2022944311425089,True,full,json,0.1806973748281598,0.1713083673051282,0.1555225178599357,0.8932394916045177,0.0215970563143491,-0.0215970563143491,-0.1317446909844875,0.3487478115911246,26.0,5.0,0.8173877916610053,0.969397599120279
CQL,Go2GetupWalk,go2-getup-walk,medium-replay,0,CQL-Go2GetupWalk-bb459978,,humanoid_gym_relative,100.0,0.0442590030690189,False,full,json,0.0409739032853394,0.0904464377719523,0.0716085135936737,0.925775558510512,0.0032850997836794,-0.0032850997836794,-0.1612374359741807,-2.643042653327318,32.0,16.0,0.4933870371447992,1.2428327709893137
IQL,Go2GetupWalk,go2-getup-walk,medium-replay,0,IQL-Go2GetupWalk-785e249a,,humanoid_gym_relative,100.0,0.2245871141739189,True,full,json,0.2065222910791635,0.1734081097188753,0.1554898396134376,0.9195642939658324,0.0180648230947554,-0.0180648230947554,-0.1839214906096458,0.1810683739084955,11.0,6.0,0.8447886018339252,0.9993878671366184
TD3-BC,Go2GetupWalk,go2-getup-walk,medium-replay,0,TD3-BC-Go2GetupWalk-ed92249b,,humanoid_gym_relative,100.0,0.1599492217414081,True,full,json,0.1507746221194975,0.1781633544425921,0.1306836009025573,0.942640548531438,0.0091745996219105,-0.0091745996219106,-0.2936984183266758,-0.8361978578520486,29.0,13.0,0.7236741422108182,1.116622330884674
DT,Go2GetupWalk,go2-getup-walk,medium-replay,0,DT-Go2GetupWalk-9de34940,,humanoid_gym_relative,100.0,0.1318741717562079,True,full,json,0.1382936508022249,0.0815483259492586,0.1437097564339637,1.048678819821401,-0.0064194790460169,0.0064194790460169,-0.0457086667418479,0.6533918193901661,14.000000000000002,1.0,0.9706142108164136,1.1208014569519589
BC,Go2GetupWalk,go2-getup-walk,medium-replay,1,BC-Go2GetupWalk-a41d597e,,default,100.0,0.1926651354506612,True,full,json,0.1926651354506612,0.1677967389915693,0.1575441882014274,1.0,0.0,,,,,,,
AWAC,Go2GetupWalk,go2-getup-walk,medium-replay,1,AWAC-Go2GetupWalk-d7ef8685,,default,100.0,0.2031078975461423,True,full,json,0.2031078975461423,0.16209778504146,0.1558737680315971,1.0,0.0,,,,,,,
CQL,Go2GetupWalk,go2-getup-walk,medium-replay,1,CQL-Go2GetupWalk-c256cc9c,,default,100.0,0.0212375293590594,False,full,json,0.0212375293590594,0.1042060335824189,0.0326024703681468,1.0,0.0,,,,,,,
DT,Go2GetupWalk,go2-getup-walk,medium-replay,1,DT-Go2GetupWalk-3e98efe6,,default,100.0,0.1443854826630558,True,full,json,0.1443854826630558,0.1425589712680987,0.1337188482284546,1.0,0.0,,,,,,,
IQL,Go2GetupWalk,go2-getup-walk,medium-replay,1,IQL-Go2GetupWalk-952a9cec,,default,100.0,0.2372119107469916,True,full,json,0.2372119107469916,0.1953641705932007,0.1754986569285392,1.0,0.0,,,,,,,
TD3-BC,Go2GetupWalk,go2-getup-walk,medium-replay,1,TD3-BC-Go2GetupWalk-1f68af1c,,default,100.0,0.208107901327312,True,full,json,0.208107901327312,0.1656776300657937,0.1543371155858039,1.0,0.0,,,,,,,
BC,Go2GetupWalk,go2-getup-walk,medium-replay,1,BC-Go2GetupWalk-a41d597e,,humanoid_gym_relative,100.0,0.1926651354506612,True,full,json,0.1753495740517973,0.1664452560700055,0.1584982126951217,0.9101261296790354,0.0173155613988638,-0.0173155613988637,-0.1165878392755985,0.3948679972487548,22.0,4.0,0.8480655697510854,0.9713941512196494
AWAC,Go2GetupWalk,go2-getup-walk,medium-replay,1,AWAC-Go2GetupWalk-d7ef8685,,humanoid_gym_relative,100.0,0.2031078975461423,True,full,json,0.2060768364183604,0.1844880316429819,0.15530826151371,1.014617545196851,-0.0029689388722181,0.0029689388722181,-0.0808067321777343,0.602148743825303,15.0,5.0,0.9311674660041722,1.093564668920243
CQL,Go2GetupWalk,go2-getup-walk,medium-replay,1,CQL-Go2GetupWalk-c256cc9c,,humanoid_gym_relative,100.0,0.0212375293590594,False,full,json,0.0144644022191641,0.0881875107538114,0.0320367319509387,0.6810774443023442,0.0067731271398952,-0.0067731271398952,-0.1669760692864656,-6.862311404656764,39.0,25.0,-0.6854569718754808,1.9489647235233607
DT,Go2GetupWalk,go2-getup-walk,medium-replay,1,DT-Go2GetupWalk-3e98efe6,,humanoid_gym_relative,100.0,0.1443854826630558,True,full,json,0.1105061008688062,0.0978811784146906,0.1344582960009575,0.7653546522172732,0.0338793817942496,-0.0338793817942496,-0.4356032866984605,-2.016946570141009,29.0,18.0,0.5706027547591301,0.922189304872016
IQL,Go2GetupWalk,go2-getup-walk,medium-replay,1,IQL-Go2GetupWalk-952a9cec,,humanoid_gym_relative,100.0,0.2372119107469916,True,full,json,0.2135732675343752,0.1886671432685733,0.1587626636028289,0.9003479920625519,0.0236386432126164,-0.0236386432126164,-0.2025557458400726,0.146097912190771,15.0,8.0,0.8309171160716515,0.9696494064829856
TD3-BC,Go2GetupWalk,go2-getup-walk,medium-replay,1,TD3-BC-Go2GetupWalk-1f68af1c,,humanoid_gym_relative,100.0,0.208107901327312,True,full,json,0.1893905170448124,0.1645927900390888,0.1471577286720276,0.9100592329117728,0.0187173842824995,-0.0187173842824995,-0.239158222451806,-0.1492029900184238,33.0,10.0,0.7931544893241045,1.0235006449724362
AWAC,Go2GetupWalk,go2-getup-walk,medium-replay,2,AWAC-Go2GetupWalk-a835e1fb,,default,100.0,0.1878603336960077,True,full,json,0.1878603336960077,0.1587165812803221,0.1549144834280014,1.0,0.0,,,,,,,
BC,Go2GetupWalk,go2-getup-walk,medium-replay,2,BC-Go2GetupWalk-a4c1237d,,default,100.0,0.1178967650607228,True,full,json,0.1178967650607228,0.114148529071611,0.1458278819918632,1.0,0.0,,,,,,,
CQL,Go2GetupWalk,go2-getup-walk,medium-replay,2,CQL-Go2GetupWalk-2f55bd71,,default,100.0,0.0220109894324559,False,full,json,0.0220109894324559,0.0991453750358801,0.0221665380522608,1.0,0.0,,,,,,,
DT,Go2GetupWalk,go2-getup-walk,medium-replay,2,DT-Go2GetupWalk-f60d8397,,default,100.0,0.1474760963022708,True,full,json,0.1474760963022708,0.0866426473704109,0.1472136974334716,1.0,0.0,,,,,,,
IQL,Go2GetupWalk,go2-getup-walk,medium-replay,2,IQL-Go2GetupWalk-67840f27,,default,100.0,0.2307584080519154,True,full,json,0.2307584080519154,0.1742712926186629,0.3034244626760483,1.0,0.0,,,,,,,
TD3-BC,Go2GetupWalk,go2-getup-walk,medium-replay,2,TD3-BC-Go2GetupWalk-29e4c5c9,,default,100.0,0.1358774452935904,True,full,json,0.1358774452935904,0.1440072243782548,0.1251828670501709,1.0,0.0,,,,,,,
AWAC,Go2GetupWalk,go2-getup-walk,medium-replay,2,AWAC-Go2GetupWalk-a835e1fb,,humanoid_gym_relative,100.0,0.1878603336960077,True,full,json,0.1692225079517811,0.1459910252837291,0.1534031182527542,0.9007889245295072,0.0186378257442265,-0.0186378257442265,-0.099745649844408,0.4690435821017188,26.0,3.0,0.8314474116562438,0.9653704652240392
BC,Go2GetupWalk,go2-getup-walk,medium-replay,2,BC-Go2GetupWalk-a4c1237d,,humanoid_gym_relative,100.0,0.1178967650607228,True,full,json,0.1234318760037422,0.1330303528582566,0.1428885385394096,1.046948794058671,-0.0055351109430193,0.0055351109430193,-0.1339958071708679,-0.1365520258495071,26.0,6.0,0.867206466081893,1.21295735910999
CQL,Go2GetupWalk,go2-getup-walk,medium-replay,2,CQL-Go2GetupWalk-2f55bd71,,humanoid_gym_relative,100.0,0.0220109894324559,False,full,json,0.0096089036785997,0.103690035390733,0.0020924643031321,0.4365502835793052,0.0124020857538562,-0.0124020857538562,-0.2154633313417434,-8.788898041268208,35.0,27.0,-0.8029098400260944,1.8629659258570583
DT,Go2GetupWalk,go2-getup-walk,medium-replay,2,DT-Go2GetupWalk-f60d8397,,humanoid_gym_relative,100.0,0.1474760963022708,True,full,json,0.1356421711016446,0.0984510553894416,0.1486385464668274,0.919756994541196,0.0118339252006262,-0.0118339252006262,-0.2037691883742809,-0.3817099413631769,21.0,10.0,0.7973920376869355,1.0335325711963788
IQL,Go2GetupWalk,go2-getup-walk,medium-replay,2,IQL-Go2GetupWalk-67840f27,,humanoid_gym_relative,100.0,0.2307584080519154,True,full,json,0.2133925616368651,0.1738969013762309,0.1599511504173278,0.9247444695010056,0.0173658464150503,-0.0173658464150503,-0.2537701688706875,-0.0997223070354813,15.0,9.0,0.8376890135574999,1.0227998782645495
TD3-BC,Go2GetupWalk,go2-getup-walk,medium-replay,2,TD3-BC-Go2GetupWalk-29e4c5c9,,humanoid_gym_relative,100.0,0.1358774452935904,True,full,json,0.1244684174563735,0.1320079260712861,0.137066937983036,0.91603442489984,0.0114090278372168,-0.0114090278372168,-0.3263910235837102,-1.4020986181958093,31.0,20.0,0.7187272241164262,1.084521631682244
AWAC,Go2Handstand,go2-handstand,expert,0,AWAC-Go2Handstand-421a7aed,,default,100.0,0.9563716398179531,True,full,json,0.9563716398179531,0.141949644050911,0.99507936835289,1.0,0.0,,,,,,,
BC,Go2Handstand,go2-handstand,expert,0,BC-Go2Handstand-63f304ca,,default,100.0,0.922372135296464,True,full,json,0.922372135296464,0.2008034126018793,0.9953589141368866,1.0,0.0,,,,,,,
CQL,Go2Handstand,go2-handstand,expert,0,CQL-Go2Handstand-ad2bab39,,default,100.0,0.0597233669494744,True,full,json,0.0597233669494744,0.0708665053468869,0.0496243424713611,1.0,0.0,,,,,,,
IQL,Go2Handstand,go2-handstand,expert,0,IQL-Go2Handstand-17b7188c,,default,100.0,0.907426541298628,True,full,json,0.907426541298628,0.2200155140877777,0.9950933754444122,1.0,0.0,,,,,,,
TD3-BC,Go2Handstand,go2-handstand,expert,0,TD3-BC-Go2Handstand-fc4a6b3e,,default,100.0,0.293131909572985,True,full,json,0.293131909572985,0.4356176358177882,0.0201328098773956,1.0,0.0,,,,,,,
DT,Go2Handstand,go2-handstand,expert,0,DT-Go2Handstand-f621e6fd,,default,100.0,0.9581990049779416,True,full,json,0.9581990049779416,0.1473176180302202,0.995648205280304,1.0,0.0,,,,,,,
AWAC,Go2Handstand,go2-handstand,expert,0,AWAC-Go2Handstand-421a7aed,,humanoid_gym_relative,100.0,0.9563716398179531,True,full,json,0.4295700534246862,0.4293811129271193,0.1564145237207412,0.4491664490453267,0.5268015863932669,-0.5268015863932669,-0.9784533634781838,-0.0230890615539728,66.0,63.0,0.3564376206828107,0.5373134940690101
BC,Go2Handstand,go2-handstand,expert,0,BC-Go2Handstand-63f304ca,,humanoid_gym_relative,100.0,0.922372135296464,True,full,json,0.4164436760544777,0.4354594285431097,0.1134454645216465,0.4514920389703951,0.5059284592419864,-0.5059284592419863,-0.98115822118707,-0.063733588256882,68.0,59.0,0.3459132493419207,0.5428751099873022
CQL,Go2Handstand,go2-handstand,expert,0,CQL-Go2Handstand-ad2bab39,,humanoid_gym_relative,100.0,0.0597233669494744,True,full,json,0.032639499513898,0.0321482042058493,0.0163973495364189,0.54651137705466,0.0270838674355763,-0.0270838674355763,-0.092904017935507,-0.5555723443070979,62.0,48.0,0.3750178199254054,0.6831061145785249
IQL,Go2Handstand,go2-handstand,expert,0,IQL-Go2Handstand-17b7188c,,humanoid_gym_relative,100.0,0.907426541298628,True,full,json,0.4338502531498671,0.4163177137210843,0.2064202055335044,0.4781106055471766,0.4735762881487608,-0.4735762881487608,-0.97517507285811,-0.0746600727178715,68.0,60.0,0.3815306012880798,0.5639325314844559
TD3-BC,Go2Handstand,go2-handstand,expert,0,TD3-BC-Go2Handstand-fc4a6b3e,,humanoid_gym_relative,100.0,0.293131909572985,True,full,json,0.1256854792262492,0.2977838413767117,0.0111279818229377,0.4287676473344014,0.1674464303467357,-0.1674464303467357,-0.981908820802346,-2.349716590843778,51.0,45.0,0.1958591327274111,0.6176842303760792
DT,Go2Handstand,go2-handstand,expert,0,DT-Go2Handstand-f621e6fd,,humanoid_gym_relative,100.0,0.9581990049779416,True,full,json,0.4726708943676203,0.4667748119809349,0.1357605941593647,0.4932909467783277,0.4855281106103212,-0.4855281106103211,-0.9834251469932496,-0.0263266209673103,56.00000000000001,55.00000000000001,0.3965527753810232,0.5902933310710287
BC,Go2Handstand,go2-handstand,expert,1,BC-Go2Handstand-28fdac32,,default,100.0,0.9177289988845588,True,full,json,0.9177289988845588,0.2145236436557303,0.9956560730934144,1.0,0.0,,,,,,,
AWAC,Go2Handstand,go2-handstand,expert,1,AWAC-Go2Handstand-179062e5,,default,100.0,0.930644593462348,True,full,json,0.930644593462348,0.1974225257131074,0.9953083395957948,1.0,0.0,,,,,,,
CQL,Go2Handstand,go2-handstand,expert,1,CQL-Go2Handstand-4bcb52ce,,default,100.0,-0.0016359331053899,False,full,json,-0.0016359331053899,0.001333325272979,-0.0018528159125708,1.0,0.0,,,,,,,
DT,Go2Handstand,go2-handstand,expert,1,DT-Go2Handstand-907f3a38,,default,100.0,0.9537822899222372,True,full,json,0.9537822899222372,0.1328131555938747,0.995324581861496,1.0,0.0,,,,,,,
IQL,Go2Handstand,go2-handstand,expert,1,IQL-Go2Handstand-7824aadb,,default,100.0,0.8813636486977339,True,full,json,0.8813636486977339,0.255207108108584,0.9953250885009766,1.0,0.0,,,,,,,
TD3-BC,Go2Handstand,go2-handstand,expert,1,TD3-BC-Go2Handstand-63e7c888,,default,100.0,-0.000589516590644,False,full,json,-0.000589516590644,0.0031731654750617,-0.0014490907196886,1.0,0.0,,,,,,,
BC,Go2Handstand,go2-handstand,expert,1,BC-Go2Handstand-28fdac32,,humanoid_gym_relative,100.0,0.9177289988845588,True,full,json,0.4091988684050738,0.4189389078091763,0.1937923729419708,0.4458820293381043,0.5085301304794849,-0.5085301304794848,-0.9803456932771952,-0.0682300488147841,70.0,63.0,0.3542720682714894,0.537079150324977
AWAC,Go2Handstand,go2-handstand,expert,1,AWAC-Go2Handstand-179062e5,,humanoid_gym_relative,100.0,0.930644593462348,True,full,json,0.4287257578782737,0.4309705508466095,0.1637365147471428,0.46067613876448,0.5019188355840742,-0.5019188355840742,-0.985927894175984,-0.0594032363181322,66.0,60.0,0.371720872607422,0.5454470578194863
CQL,Go2Handstand,go2-handstand,expert,1,CQL-Go2Handstand-4bcb52ce,,humanoid_gym_relative,100.0,-0.0016359331053899,False,full,json,-0.0010740956619883,0.0014061581847828,-0.0013203253038227,0.6565645370519827,-0.0005618374434016,0.0005618374434016,-0.0016128897375892,1.9859142359031747,29.0,21.0,0.5022482565428347,0.8095542247921504
DT,Go2Handstand,go2-handstand,expert,1,DT-Go2Handstand-907f3a38,,humanoid_gym_relative,100.0,0.9537822899222372,True,full,json,0.4599559793435037,0.4453891342437011,0.2157290503382682,0.482244202061043,0.4938263105787336,-0.4938263105787336,-0.9836159287486226,-0.0312792962729656,61.0,56.00000000000001,0.3888535026520459,0.5756536975307108
IQL,Go2Handstand,go2-handstand,expert,1,IQL-Go2Handstand-7824aadb,,humanoid_gym_relative,100.0,0.8813636486977339,True,full,json,0.3899743978027254,0.4014903473953269,0.129465777426958,0.4424670774417975,0.4913892508950084,-0.4913892508950084,-0.9776310333050788,-0.1092254993152775,71.0,61.0,0.3522449499531711,0.5357636107366855
TD3-BC,Go2Handstand,go2-handstand,expert,1,TD3-BC-Go2Handstand-63e7c888,,humanoid_gym_relative,100.0,-0.000589516590644,False,full,json,-0.0003097138367593,0.0034347575816705,-0.0010978858917951,0.5253691612325339,-0.0002798027538847,0.0002798027538847,-0.0050360487191937,9.54267513267414,43.0,37.0,-2.5257955354636152,2.863572727425378
AWAC,Go2Handstand,go2-handstand,expert,2,AWAC-Go2Handstand-48320043,,default,100.0,0.9167699238657953,True,full,json,0.9167699238657953,0.1957902890544474,0.9955038130283356,1.0,0.0,,,,,,,
BC,Go2Handstand,go2-handstand,expert,2,BC-Go2Handstand-342082d8,,default,100.0,0.8729823961108923,True,full,json,0.8729823961108923,0.2486745420903659,0.9952899515628816,1.0,0.0,,,,,,,
CQL,Go2Handstand,go2-handstand,expert,2,CQL-Go2Handstand-c0690cd9,,default,100.0,0.0694679423654451,True,full,json,0.0694679423654451,0.0432544342128773,0.0615277402102947,1.0,0.0,,,,,,,
DT,Go2Handstand,go2-handstand,expert,2,DT-Go2Handstand-bc472541,,default,100.0,0.8818623515218497,True,full,json,0.8818623515218497,0.2683614734090613,0.9952402114868164,1.0,0.0,,,,,,,
IQL,Go2Handstand,go2-handstand,expert,2,IQL-Go2Handstand-eba54c47,,default,100.0,0.8778484085202217,True,full,json,0.8778484085202217,0.2586622705952593,0.9953777492046356,1.0,0.0,,,,,,,
TD3-BC,Go2Handstand,go2-handstand,expert,2,TD3-BC-Go2Handstand-bd077214,,default,100.0,0.8574487299472093,True,full,json,0.8574487299472093,0.2924423818428572,0.9952727556228638,1.0,0.0,,,,,,,
AWAC,Go2Handstand,go2-handstand,expert,2,AWAC-Go2Handstand-48320043,,humanoid_gym_relative,100.0,0.9167699238657953,True,full,json,0.4270821367995813,0.4339374452963651,0.1535469070076942,0.46585530969284,0.4896877870662138,-0.4896877870662138,-0.9862600198481232,-0.0757988391343656,62.0,60.0,0.3629629788340799,0.5552726767009145
BC,Go2Handstand,go2-handstand,expert,2,BC-Go2Handstand-342082d8,,humanoid_gym_relative,100.0,0.8729823961108923,True,full,json,0.4292954401299357,0.443620914004628,0.101546511054039,0.4917572702982703,0.4436869559809566,-0.4436869559809565,-0.9807304598856718,-0.1234252423127814,61.0,57.99999999999999,0.3774754918272436,0.5957243555764534
CQL,Go2Handstand,go2-handstand,expert,2,CQL-Go2Handstand-c0690cd9,,humanoid_gym_relative,100.0,0.0694679423654451,True,full,json,0.039564210306853,0.03650835364467,0.0262679820880293,0.5695319158687666,0.0299037320585921,-0.0299037320585921,-0.0899605342186987,-0.2949935057159111,70.0,47.0,0.4467710710020459,0.688237337658319
DT,Go2Handstand,go2-handstand,expert,2,DT-Go2Handstand-bc472541,,humanoid_gym_relative,100.0,0.8818623515218497,True,full,json,0.4025658729579299,0.4224192429682116,0.1222069635987281,0.45649513471486,0.4792964785639197,-0.4792964785639196,-0.983600407699123,-0.1153672747245664,66.0,57.99999999999999,0.3593145127216398,0.5500228704494255
IQL,Go2Handstand,go2-handstand,expert,2,IQL-Go2Handstand-eba54c47,,humanoid_gym_relative,100.0,0.8778484085202217,True,full,json,0.4375440008752048,0.4199042170149727,0.2058190330862999,0.4984277429092425,0.4403044076450169,-0.4403044076450169,-0.9652221891097724,-0.099531741177085,65.0,57.99999999999999,0.4005138802173152,0.5953229154393663
TD3-BC,Go2Handstand,go2-handstand,expert,2,TD3-BC-Go2Handstand-bd077214,,humanoid_gym_relative,100.0,0.8574487299472093,True,full,json,0.4036616422701627,0.4307852282509368,0.0776902362704277,0.470770587408783,0.4537870876770466,-0.4537870876770467,-0.9819732856936751,-0.1452268239456516,67.0,59.0,0.370993954400576,0.5649346680969645
AWAC,Go2Handstand,go2-handstand,medium,0,AWAC-Go2Handstand-0f6520f5,,default,100.0,0.5443727895617485,True,full,json,0.5443727895617485,0.2327691327629606,0.6213834881782532,1.0,0.0,,,,,,,
BC,Go2Handstand,go2-handstand,medium,0,BC-Go2Handstand-9a34d141,,default,100.0,0.3272309309616685,True,full,json,0.3272309309616685,0.1980274433628988,0.2706103026866913,1.0,0.0,,,,,,,
CQL,Go2Handstand,go2-handstand,medium,0,CQL-Go2Handstand-f0bed87c,,default,100.0,0.5673779337108136,True,full,json,0.5673779337108136,0.229692250288806,0.6557057201862335,1.0,0.0,,,,,,,
IQL,Go2Handstand,go2-handstand,medium,0,IQL-Go2Handstand-111d6af9,,default,100.0,0.5195841908454895,True,full,json,0.5195841908454895,0.2343638986051306,0.5397001802921295,1.0,0.0,,,,,,,
TD3-BC,Go2Handstand,go2-handstand,medium,0,TD3-BC-Go2Handstand-9f7541fa,,default,100.0,0.3283301459252834,True,full,json,0.3283301459252834,0.162044692068556,0.3010264486074447,1.0,0.0,,,,,,,
DT,Go2Handstand,go2-handstand,medium,0,DT-Go2Handstand-a29f81a3,,default,100.0,0.4906634425371885,True,full,json,0.4906634425371885,0.2238321509825721,0.4683073163032532,1.0,0.0,,,,,,,
AWAC,Go2Handstand,go2-handstand,medium,0,AWAC-Go2Handstand-0f6520f5,,humanoid_gym_relative,100.0,0.5443727895617485,True,full,json,0.4427673340030014,0.2516972789455035,0.3668050765991211,0.8133531699103747,0.101605455558747,-0.101605455558747,-0.6032324824482203,-0.1081238702872294,55.00000000000001,35.0,0.6868696460413769,0.916121242665844
BC,Go2Handstand,go2-handstand,medium,0,BC-Go2Handstand-9a34d141,,humanoid_gym_relative,100.0,0.3272309309616685,True,full,json,0.3246526277437806,0.2168155471862552,0.2440429627895355,0.9921208450243052,0.0025783032178878,-0.0025783032178878,-0.5764803268015385,-0.7616926526700094,48.0,24.0,0.8007539573181808,1.1508966455317895
CQL,Go2Handstand,go2-handstand,medium,0,CQL-Go2Handstand-f0bed87c,,humanoid_gym_relative,100.0,0.5673779337108136,True,full,json,0.3600003715352068,0.3212543385668046,0.2146394029259681,0.6344983654558112,0.2073775621756067,-0.2073775621756067,-0.7375444719567895,-0.2999174415068246,60.0,54.0,0.5098333053316259,0.758270874563638
IQL,Go2Handstand,go2-handstand,medium,0,IQL-Go2Handstand-111d6af9,,humanoid_gym_relative,100.0,0.5195841908454895,True,full,json,0.4326477314718067,0.2418810613473807,0.3967140913009643,0.8326807071781456,0.0869364593736827,-0.0869364593736827,-0.6017352029681206,-0.158109144908646,53.0,36.0,0.7167294984547078,0.9371368864695062
TD3-BC,Go2Handstand,go2-handstand,medium,0,TD3-BC-Go2Handstand-9f7541fa,,humanoid_gym_relative,100.0,0.3283301459252834,True,full,json,0.2778620719909668,0.1855607668037134,0.2245115637779235,0.8462886379437073,0.0504680739343166,-0.0504680739343166,-0.464041518419981,-0.4133381420467579,59.0,29.0,0.7017170621565723,0.9692818830971964
DT,Go2Handstand,go2-handstand,medium,0,DT-Go2Handstand-a29f81a3,,humanoid_gym_relative,100.0,0.4906634425371885,True,full,json,0.3969126813858747,0.2444630763458301,0.3070548623800277,0.808930617152697,0.0937507611513137,-0.0937507611513137,-0.5918085642158986,-0.2061395101206139,56.00000000000001,38.0,0.675837937475417,0.9285592028730286
BC,Go2Handstand,go2-handstand,medium,1,BC-Go2Handstand-8b75e897,,default,100.0,0.3875047909468412,True,full,json,0.3875047909468412,0.2091190333127067,0.3640937805175781,1.0,0.0,,,,,,,
AWAC,Go2Handstand,go2-handstand,medium,1,AWAC-Go2Handstand-77d32bfc,,default,100.0,0.507308199480176,True,full,json,0.507308199480176,0.2302707423888723,0.5251945555210114,1.0,0.0,,,,,,,
CQL,Go2Handstand,go2-handstand,medium,1,CQL-Go2Handstand-d89b782d,,default,100.0,0.5984806285053491,True,full,json,0.5984806285053491,0.2223035978514471,0.7593767642974854,1.0,0.0,,,,,,,
DT,Go2Handstand,go2-handstand,medium,1,DT-Go2Handstand-a198095d,,default,100.0,0.5169532475620509,True,full,json,0.5169532475620509,0.2258199049669144,0.5352214276790619,1.0,0.0,,,,,,,
IQL,Go2Handstand,go2-handstand,medium,1,IQL-Go2Handstand-fef79af6,,default,100.0,0.5079245772957802,True,full,json,0.5079245772957802,0.2367921912316738,0.4575697779655456,1.0,0.0,,,,,,,
TD3-BC,Go2Handstand,go2-handstand,medium,1,TD3-BC-Go2Handstand-5ea3d7ec,,default,100.0,0.2586052338033914,True,full,json,0.2586052338033914,0.1482671766141974,0.2091114223003387,1.0,0.0,,,,,,,
BC,Go2Handstand,go2-handstand,medium,1,BC-Go2Handstand-8b75e897,,humanoid_gym_relative,100.0,0.3875047909468412,True,full,json,0.3332495833560824,0.2354943434170597,0.2464102357625961,0.8599882921235892,0.0542552075907588,-0.0542552075907588,-0.6257713034749031,-0.6148737205180715,53.0,34.0,0.68912056601266,0.9980170353739104
AWAC,Go2Handstand,go2-handstand,medium,1,AWAC-Go2Handstand-77d32bfc,,humanoid_gym_relative,100.0,0.507308199480176,True,full,json,0.4066466560214758,0.2459289676825437,0.3557497262954712,0.8015771407561613,0.1006615434587002,-0.1006615434587001,-0.637724457681179,-0.257075005558035,57.99999999999999,32.0,0.6833749232099589,0.9154470361865528
CQL,Go2Handstand,go2-handstand,medium,1,CQL-Go2Handstand-d89b782d,,humanoid_gym_relative,100.0,0.5984806285053491,True,full,json,0.411896341741085,0.2966683217083183,0.3034425973892212,0.6882367149789937,0.186584286764264,-0.1865842867642641,-0.7298052551224827,-0.2194300372680481,56.00000000000001,46.0,0.5791106255114881,0.785660730762627
DT,Go2Handstand,go2-handstand,medium,1,DT-Go2Handstand-a198095d,,humanoid_gym_relative,100.0,0.5169532475620509,True,full,json,0.3710915768519044,0.2438810272029966,0.2501891553401947,0.7178435934041822,0.1458616707101464,-0.1458616707101464,-0.5895837984979153,-0.1404973298424757,59.0,38.0,0.6164065275099909,0.8122351760253389
IQL,Go2Handstand,go2-handstand,medium,1,IQL-Go2Handstand-fef79af6,,humanoid_gym_relative,100.0,0.5079245772957802,True,full,json,0.4118654649332166,0.2636461846625432,0.3405189663171768,0.8108791803814891,0.0960591123625636,-0.0960591123625636,-0.6498785324394702,-0.2794784137035878,53.0,39.0,0.6773299749268094,0.9291605566209644
TD3-BC,Go2Handstand,go2-handstand,medium,1,TD3-BC-Go2Handstand-5ea3d7ec,,humanoid_gym_relative,100.0,0.2586052338033914,True,full,json,0.2268303029984235,0.1382801844142684,0.1860705316066742,0.8771295911623921,0.0317749308049678,-0.0317749308049678,-0.3989906281232834,-0.5428559672022031,48.0,25.0,0.7265744846781435,1.0015319656990544
AWAC,Go2Handstand,go2-handstand,medium,2,AWAC-Go2Handstand-52abbb37,,default,100.0,0.408715068846941,True,full,json,0.408715068846941,0.2054849170338411,0.3887198567390442,1.0,0.0,,,,,,,
BC,Go2Handstand,go2-handstand,medium,2,BC-Go2Handstand-dc7761cd,,default,100.0,0.3724304583668709,True,full,json,0.3724304583668709,0.2080395873008441,0.3264916241168976,1.0,0.0,,,,,,,
CQL,Go2Handstand,go2-handstand,medium,2,CQL-Go2Handstand-82e0ef08,,default,100.0,0.4761355266347527,True,full,json,0.4761355266347527,0.2550864541245751,0.4419034719467163,1.0,0.0,,,,,,,
DT,Go2Handstand,go2-handstand,medium,2,DT-Go2Handstand-f871d7c6,,default,100.0,0.4724920377135276,True,full,json,0.4724920377135276,0.2284880244424423,0.4363720864057541,1.0,0.0,,,,,,,
IQL,Go2Handstand,go2-handstand,medium,2,IQL-Go2Handstand-1957be2f,,default,100.0,0.435616475790739,True,full,json,0.435616475790739,0.2327929339657105,0.4255231916904449,1.0,0.0,,,,,,,
TD3-BC,Go2Handstand,go2-handstand,medium,2,TD3-BC-Go2Handstand-0ea2e203,,default,100.0,0.3755702338367701,True,full,json,0.3755702338367701,0.2061911018434692,0.3198520541191101,1.0,0.0,,,,,,,
AWAC,Go2Handstand,go2-handstand,medium,2,AWAC-Go2Handstand-52abbb37,,humanoid_gym_relative,100.0,0.408715068846941,True,full,json,0.3516862021759152,0.2313035989107718,0.3083843439817428,0.860467912690583,0.0570288666710257,-0.0570288666710257,-0.5744193844497204,-0.4054274682611072,56.99999999999999,31.0,0.704666442692395,0.9833082731941052
BC,Go2Handstand,go2-handstand,medium,2,BC-Go2Handstand-dc7761cd,,humanoid_gym_relative,100.0,0.3724304583668709,True,full,json,0.3683843975886702,0.2309448182106394,0.2933075129985809,0.9891360636937622,0.0040460607782006,-0.0040460607782006,-0.5827454578131437,-0.5647094503723359,47.0,24.0,0.8113087259986844,1.1400639187322898
CQL,Go2Handstand,go2-handstand,medium,2,CQL-Go2Handstand-82e0ef08,,humanoid_gym_relative,100.0,0.4761355266347527,True,full,json,0.3896718850824981,0.28324512562585,0.2925808578729629,0.8184053978005689,0.0864636415522545,-0.0864636415522545,-0.6821127276867628,-0.4326020419182389,50.0,39.0,0.6654837004299081,0.94912833821537
DT,Go2Handstand,go2-handstand,medium,2,DT-Go2Handstand-f871d7c6,,humanoid_gym_relative,100.0,0.4724920377135276,True,full,json,0.3958381978422403,0.2394973053921619,0.3081157505512237,0.8377669172114968,0.0766538398712873,-0.0766538398712873,-0.5742792963981629,-0.215426399939355,50.0,23.0,0.735936101413024,0.9290470301329852
IQL,Go2Handstand,go2-handstand,medium,2,IQL-Go2Handstand-1957be2f,,humanoid_gym_relative,100.0,0.435616475790739,True,full,json,0.3771129475533962,0.2252373006886087,0.332439586520195,0.8656994592981221,0.0585035282373427,-0.0585035282373428,-0.5956537453457713,-0.3673811218102568,48.0,34.0,0.6956561897726048,0.9967695415966804
TD3-BC,Go2Handstand,go2-handstand,medium,2,TD3-BC-Go2Handstand-0ea2e203,,humanoid_gym_relative,100.0,0.3755702338367701,True,full,json,0.3585108028911054,0.239883623451016,0.2818009853363037,0.9545772550412528,0.0170594309456646,-0.0170594309456646,-0.586835790425539,-0.5625194372581427,53.0,29.0,0.7687188658584041,1.104822946000911
AWAC,Go2Handstand,go2-handstand,medium-expert,0,AWAC-Go2Handstand-2237ff97,,default,100.0,0.4888657804951071,True,full,json,0.4888657804951071,0.2731685559466674,0.455960601568222,1.0,0.0,,,,,,,
BC,Go2Handstand,go2-handstand,medium-expert,0,BC-Go2Handstand-564fbc14,,default,100.0,0.4917375645413995,True,full,json,0.4917375645413995,0.3188187430163029,0.5204289555549622,1.0,0.0,,,,,,,
CQL,Go2Handstand,go2-handstand,medium-expert,0,CQL-Go2Handstand-c528f7ce,,default,100.0,0.0345056991690944,False,full,json,0.0345056991690944,0.0138204166681879,0.0306879337877035,1.0,0.0,,,,,,,
IQL,Go2Handstand,go2-handstand,medium-expert,0,IQL-Go2Handstand-68426493,,default,100.0,0.4450663899630308,True,full,json,0.4450663899630308,0.3325382617206756,0.3679515272378921,1.0,0.0,,,,,,,
TD3-BC,Go2Handstand,go2-handstand,medium-expert,0,TD3-BC-Go2Handstand-1d9d15a6,,default,100.0,0.359527061600238,True,full,json,0.359527061600238,0.3371876606290435,0.2371165826916694,1.0,0.0,,,,,,,
DT,Go2Handstand,go2-handstand,medium-expert,0,DT-Go2Handstand-88d0d0f8,,default,100.0,0.4763587275892496,True,full,json,0.4763587275892496,0.263095687398528,0.4195794016122818,1.0,0.0,,,,,,,
AWAC,Go2Handstand,go2-handstand,medium-expert,0,AWAC-Go2Handstand-2237ff97,,humanoid_gym_relative,100.0,0.4888657804951071,True,full,json,0.4565446392633021,0.2591850491224651,0.394121915102005,0.9338854497054974,0.032321141231805,-0.032321141231805,-0.6409193783998489,-0.3110334246564504,49.0,30.0,0.7571894043235572,1.075154275601097
BC,Go2Handstand,go2-handstand,medium-expert,0,BC-Go2Handstand-564fbc14,,humanoid_gym_relative,100.0,0.4917375645413995,True,full,json,0.3858852965570986,0.264057563474412,0.2987558245658874,0.7847382920948495,0.1058522679843008,-0.1058522679843008,-0.6976426526904106,-0.418729629372612,51.0,35.0,0.6322150839584162,0.9089835102401276
CQL,Go2Handstand,go2-handstand,medium-expert,0,CQL-Go2Handstand-c528f7ce,,humanoid_gym_relative,100.0,0.0345056991690944,False,full,json,0.0342304105125367,0.0157466864666198,0.0301994904875755,0.9920219365731838,0.0002752886565576,-0.0002752886565576,-0.0280184290371835,0.1880057581247721,39.0,7.000000000000001,0.8759371193479899,1.0956767210296
IQL,Go2Handstand,go2-handstand,medium-expert,0,IQL-Go2Handstand-68426493,,humanoid_gym_relative,100.0,0.4450663899630308,True,full,json,0.3876201599836349,0.2907138383231832,0.2776980847120285,0.8709266049405178,0.0574462299793958,-0.0574462299793958,-0.8422585561871528,-0.8924335226866144,47.0,30.0,0.6800316597362026,1.0229756983062748
TD3-BC,Go2Handstand,go2-handstand,medium-expert,0,TD3-BC-Go2Handstand-1d9d15a6,,humanoid_gym_relative,100.0,0.359527061600238,True,full,json,0.1898632198956329,0.2352782411994955,0.069637656211853,0.5280915963615107,0.1696638417046051,-0.1696638417046051,-0.9445803923532368,-1.627285935442394,72.0,55.00000000000001,0.3769732270187599,0.6549530931701788
DT,Go2Handstand,go2-handstand,medium-expert,0,DT-Go2Handstand-88d0d0f8,,humanoid_gym_relative,100.0,0.4763587275892496,True,full,json,0.385258087515831,0.2622796397816449,0.2810769528150558,0.8087562276134634,0.0911006400734186,-0.0911006400734186,-0.6521283574402332,-0.3689858496778601,56.00000000000001,34.0,0.6617981193478859,0.939434994822405
BC,Go2Handstand,go2-handstand,medium-expert,1,BC-Go2Handstand-f7f0a419,,default,100.0,0.4733039327524602,True,full,json,0.4733039327524602,0.3041904409666097,0.4487414360046386,1.0,0.0,,,,,,,
AWAC,Go2Handstand,go2-handstand,medium-expert,1,AWAC-Go2Handstand-c52015a9,,default,100.0,0.5447559460625052,True,full,json,0.5447559460625052,0.3375545635024664,0.6305775046348572,1.0,0.0,,,,,,,
CQL,Go2Handstand,go2-handstand,medium-expert,1,CQL-Go2Handstand-79b185cc,,default,100.0,0.0130539927864447,False,full,json,0.0130539927864447,0.0043300929933398,0.0133205731399357,1.0,0.0,,,,,,,
DT,Go2Handstand,go2-handstand,medium-expert,1,DT-Go2Handstand-e7858a0a,,default,100.0,0.5049171203002334,True,full,json,0.5049171203002334,0.3217669775562761,0.4980250298976898,1.0,0.0,,,,,,,
IQL,Go2Handstand,go2-handstand,medium-expert,1,IQL-Go2Handstand-e7759754,,default,100.0,0.6639006053097546,True,full,json,0.6639006053097546,0.3202945346019524,0.7593102753162384,1.0,0.0,,,,,,,
TD3-BC,Go2Handstand,go2-handstand,medium-expert,1,TD3-BC-Go2Handstand-f6c5790d,,default,100.0,0.4162657644785941,True,full,json,0.4162657644785941,0.3786842988701376,0.2933539599180221,1.0,0.0,,,,,,,
BC,Go2Handstand,go2-handstand,medium-expert,1,BC-Go2Handstand-f7f0a419,,humanoid_gym_relative,100.0,0.4733039327524602,True,full,json,0.4447380068153143,0.2787350648221177,0.4296393096446991,0.9396457034045268,0.0285659259371459,-0.0285659259371459,-0.6776467636227608,-0.4317370229356885,40.0,24.0,0.7768200637987721,1.0796295845498487
AWAC,Go2Handstand,go2-handstand,medium-expert,1,AWAC-Go2Handstand-c52015a9,,humanoid_gym_relative,100.0,0.5447559460625052,True,full,json,0.4686025348305702,0.2670402371126822,0.4511736780405044,0.8602063698755898,0.0761534112319349,-0.076153411231935,-0.716786939650774,-0.3157946137746791,48.0,35.0,0.7030163932816365,0.9876487064744902
CQL,Go2Handstand,go2-handstand,medium-expert,1,CQL-Go2Handstand-79b185cc,,humanoid_gym_relative,100.0,0.0130539927864447,False,full,json,0.0193583631730871,0.030832876858958,0.0142430076375603,1.4829457538224524,-0.0063043703866424,0.0063043703866424,-0.0090940356254577,0.3033521793499826,24.0,11.0,0.97756044905356,1.879562036015344
DT,Go2Handstand,go2-handstand,medium-expert,1,DT-Go2Handstand-e7858a0a,,humanoid_gym_relative,100.0,0.5049171203002334,True,full,json,0.3900886010751128,0.2784255500263391,0.2951717972755432,0.772579469761609,0.1148285192251205,-0.1148285192251205,-0.7343514114618301,-0.4543999043351327,48.0,39.0,0.6056567914420264,0.9057829600358152
IQL,Go2Handstand,go2-handstand,medium-expert,1,IQL-Go2Handstand-e7759754,,humanoid_gym_relative,100.0,0.6639006053097546,True,full,json,0.3830037641525268,0.282962128331689,0.2903187274932861,0.5768992543301412,0.2808968411572277,-0.2808968411572277,-0.9160285249352456,-0.3797675700383738,72.0,45.0,0.4768509580107684,0.6683418664265106
TD3-BC,Go2Handstand,go2-handstand,medium-expert,1,TD3-BC-Go2Handstand-f6c5790d,,humanoid_gym_relative,100.0,0.4162657644785941,True,full,json,0.2427164882607758,0.2826422170696115,0.1146542690694332,0.583080591709956,0.1735492762178183,-0.1735492762178182,-0.8728177838027478,-1.096780130107556,61.0,47.0,0.4344701195033132,0.7138956502852976
AWAC,Go2Handstand,go2-handstand,medium-expert,2,AWAC-Go2Handstand-a7d23cea,,default,100.0,0.5421055145747959,True,full,json,0.5421055145747959,0.2839160379771163,0.543949156999588,1.0,0.0,,,,,,,
BC,Go2Handstand,go2-handstand,medium-expert,2,BC-Go2Handstand-c35d6d7a,,default,100.0,0.484145317748189,True,full,json,0.484145317748189,0.2653748941688602,0.432109922170639,1.0,0.0,,,,,,,
CQL,Go2Handstand,go2-handstand,medium-expert,2,CQL-Go2Handstand-528030d7,,default,100.0,0.0452279200218617,False,full,json,0.0452279200218617,0.0138060040828476,0.0433982536196708,1.0,0.0,,,,,,,
DT,Go2Handstand,go2-handstand,medium-expert,2,DT-Go2Handstand-9eacfed6,,default,100.0,0.675211717709899,True,full,json,0.675211717709899,0.3356014304823592,0.778813362121582,1.0,0.0,,,,,,,
IQL,Go2Handstand,go2-handstand,medium-expert,2,IQL-Go2Handstand-fb679f25,,default,100.0,0.6268026286922396,True,full,json,0.6268026286922396,0.3358730563446466,0.6965411007404327,1.0,0.0,,,,,,,
TD3-BC,Go2Handstand,go2-handstand,medium-expert,2,TD3-BC-Go2Handstand-2cca282d,,default,100.0,0.4537599159404635,True,full,json,0.4537599159404635,0.3506164635311266,0.3598024994134903,1.0,0.0,,,,,,,
AWAC,Go2Handstand,go2-handstand,medium-expert,2,AWAC-Go2Handstand-a7d23cea,,humanoid_gym_relative,100.0,0.5421055145747959,True,full,json,0.3919976531900465,0.2490259150093304,0.3162892311811447,0.7231021316901978,0.1501078613847494,-0.1501078613847494,-0.7305421404540539,-0.3476013816739338,61.0,36.0,0.597509359118828,0.8317605258561119
BC,Go2Handstand,go2-handstand,medium-expert,2,BC-Go2Handstand-c35d6d7a,,humanoid_gym_relative,100.0,0.484145317748189,True,full,json,0.375153027921915,0.2379062627118642,0.3102556616067886,0.7748769102359421,0.1089922898262739,-0.1089922898262739,-0.6858878999948501,-0.4166984061417493,56.99999999999999,34.0,0.6372643117777295,0.8871029244632532
CQL,Go2Handstand,go2-handstand,medium-expert,2,CQL-Go2Handstand-528030d7,,humanoid_gym_relative,100.0,0.0452279200218617,False,full,json,0.0315180722018703,0.0179492190410551,0.030258503742516,0.6968720247722094,0.0137098478199914,-0.0137098478199914,-0.0522021804761607,-0.1542025468101956,57.99999999999999,27.0,0.6116449981656525,0.781925314271606
DT,Go2Handstand,go2-handstand,medium-expert,2,DT-Go2Handstand-9eacfed6,,humanoid_gym_relative,100.0,0.675211717709899,True,full,json,0.4323755077645183,0.3204043653488997,0.2835038602352142,0.6403554565536821,0.2428362099453807,-0.2428362099453807,-0.8397495463490486,-0.2436833134312435,64.0,47.0,0.5333777719820871,0.7309524876144596
IQL,Go2Handstand,go2-handstand,medium-expert,2,IQL-Go2Handstand-fb679f25,,humanoid_gym_relative,100.0,0.6268026286922396,True,full,json,0.399919699691236,0.2983418860145549,0.2805616706609726,0.638031305844438,0.2268829290010035,-0.2268829290010035,-0.8696360133588315,-0.3874160278702711,67.0,49.0,0.5352507859645608,0.7364546465293359
TD3-BC,Go2Handstand,go2-handstand,medium-expert,2,TD3-BC-Go2Handstand-2cca282d,,humanoid_gym_relative,100.0,0.4537599159404635,True,full,json,0.2671384405298158,0.2768277389933408,0.1720786318182945,0.5887219896366215,0.1866214754106477,-0.1866214754106477,-0.8927101098001003,-0.967362207280623,63.0,52.0,0.4010225861793165,0.7220173028617014
AWAC,Go2Handstand,go2-handstand,medium-replay,0,AWAC-Go2Handstand-9196e96a,,default,100.0,0.04817416327307,False,full,json,0.04817416327307,0.1373253441361264,0.0138088036328554,1.0,0.0,,,,,,,
BC,Go2Handstand,go2-handstand,medium-replay,0,BC-Go2Handstand-cf957cd2,,default,100.0,0.0495820647245273,False,full,json,0.0495820647245273,0.137056699328961,0.0115827857516705,1.0,0.0,,,,,,,
CQL,Go2Handstand,go2-handstand,medium-replay,0,CQL-Go2Handstand-c14adeee,,default,100.0,0.4055596060305834,True,full,json,0.4055596060305834,0.2825767966967623,0.3938279747962951,1.0,0.0,,,,,,,
IQL,Go2Handstand,go2-handstand,medium-replay,0,IQL-Go2Handstand-104fffe3,,default,100.0,0.0880491211498156,True,full,json,0.0880491211498156,0.1891500921327513,0.012464886996895,1.0,0.0,,,,,,,
TD3-BC,Go2Handstand,go2-handstand,medium-replay,0,TD3-BC-Go2Handstand-bcf0dd1a,,default,100.0,0.0059411985300539,False,full,json,0.0059411985300539,0.0038593043842502,0.0060853331815451,1.0,0.0,,,,,,,
DT,Go2Handstand,go2-handstand,medium-replay,0,DT-Go2Handstand-94fe2db5,,default,100.0,0.4166782590001821,True,full,json,0.4166782590001821,0.1988699028355157,0.3719314634799957,1.0,0.0,,,,,,,
AWAC,Go2Handstand,go2-handstand,medium-replay,0,AWAC-Go2Handstand-9196e96a,,humanoid_gym_relative,100.0,0.04817416327307,False,full,json,0.0337110493739601,0.100455490556777,0.0157651016488671,0.6997744658868842,0.0144631138991098,-0.0144631138991098,-0.0248184903524815,0.4848174069614728,32.0,7.000000000000001,-0.0003816236391249,1.0470134143679375
BC,Go2Handstand,go2-handstand,medium-replay,0,BC-Go2Handstand-cf957cd2,,humanoid_gym_relative,100.0,0.0495820647245273,False,full,json,0.0276249601971358,0.0646877585029436,0.0126079516485333,0.5571563094561947,0.0219571045273914,-0.0219571045273914,-0.2304485810454934,-3.647821391179278,35.0,7.000000000000001,0.2123080015409395,0.7560803032114003
CQL,Go2Handstand,go2-handstand,medium-replay,0,CQL-Go2Handstand-c14adeee,,humanoid_gym_relative,100.0,0.4055596060305834,True,full,json,0.2471340648648038,0.2685208476667103,0.122577216476202,0.6093655807678424,0.1584255411657796,-0.1584255411657796,-0.7477874583564699,-0.8438410710461115,68.0,53.0,0.4656785966767613,0.7415672939010542
IQL,Go2Handstand,go2-handstand,medium-replay,0,IQL-Go2Handstand-104fffe3,,humanoid_gym_relative,100.0,0.0880491211498156,True,full,json,0.0491017592628486,0.1170533339604846,0.0130692133679986,0.5576632523032454,0.0389473618869669,-0.0389473618869669,-0.491078176908195,-4.577320596677226,42.0,15.0,0.2958301542886139,0.7519874254979781
TD3-BC,Go2Handstand,go2-handstand,medium-replay,0,TD3-BC-Go2Handstand-bcf0dd1a,,humanoid_gym_relative,100.0,0.0059411985300539,False,full,json,0.0070090278984207,0.0052218470935042,0.0066219079308211,1.1797329887168582,-0.0010678293683668,0.0010678293683668,-0.003360582422465,0.4343595142519891,32.0,7.000000000000001,0.9566475511199728,1.3723212643844074
DT,Go2Handstand,go2-handstand,medium-replay,0,DT-Go2Handstand-94fe2db5,,humanoid_gym_relative,100.0,0.4166782590001821,True,full,json,0.3319292549043894,0.226673050507963,0.2441582679748535,0.7966080488596942,0.0847490040957927,-0.0847490040957927,-0.5878187369555234,-0.4107257200459468,56.99999999999999,34.0,0.6819433781445974,0.9019107336125148
BC,Go2Handstand,go2-handstand,medium-replay,1,BC-Go2Handstand-fdb88bfd,,default,100.0,0.0237201103242114,False,full,json,0.0237201103242114,0.0838570820074543,0.0120262545533478,1.0,0.0,,,,,,,
AWAC,Go2Handstand,go2-handstand,medium-replay,1,AWAC-Go2Handstand-290818c0,,default,100.0,0.0178462697216309,False,full,json,0.0178462697216309,0.0363626801807425,0.0110981897450983,1.0,0.0,,,,,,,
CQL,Go2Handstand,go2-handstand,medium-replay,1,CQL-Go2Handstand-4fe51d80,,default,100.0,0.0008452477497849,False,full,json,0.0008452477497849,0.0016528591995396,0.0007557238568551,1.0,0.0,,,,,,,
DT,Go2Handstand,go2-handstand,medium-replay,1,DT-Go2Handstand-8c12fcac,,default,100.0,0.379700301811099,True,full,json,0.379700301811099,0.2066887090633159,0.3205738216638565,1.0,0.0,,,,,,,
IQL,Go2Handstand,go2-handstand,medium-replay,1,IQL-Go2Handstand-2d35f413,,default,100.0,0.1085289346496574,True,full,json,0.1085289346496574,0.1974101678023813,0.0140922144055366,1.0,0.0,,,,,,,
TD3-BC,Go2Handstand,go2-handstand,medium-replay,1,TD3-BC-Go2Handstand-6a8de901,,default,100.0,0.0019021245455223,False,full,json,0.0019021245455223,0.001221842949902,0.0019036597223021,1.0,0.0,,,,,,,
BC,Go2Handstand,go2-handstand,medium-replay,1,BC-Go2Handstand-fdb88bfd,,humanoid_gym_relative,100.0,0.0237201103242114,False,full,json,0.0250846128375269,0.0808982289314352,0.0129676843062043,1.057525133511827,-0.0013645025133155,0.0013645025133155,-0.0074450607411563,0.6861287473204931,30.0,5.0,-0.3287152048011874,1.678559163916465
AWAC,Go2Handstand,go2-handstand,medium-replay,1,AWAC-Go2Handstand-290818c0,,humanoid_gym_relative,100.0,0.0178462697216309,False,full,json,0.0260646914644166,0.0778261860880103,0.0126389265060424,1.4605120213343186,-0.0082184217427857,0.0082184217427857,-0.0053918476682156,0.6978725665184626,29.0,1.0,0.5500715520270103,2.099295204355933
CQL,Go2Handstand,go2-handstand,medium-replay,1,CQL-Go2Handstand-4fe51d80,,humanoid_gym_relative,100.0,0.0008452477497849,False,full,json,0.0015955899933123,0.001650412579802,0.0014926407602615,1.8877187117249703,-0.0007503422435274,0.0007503422435274,-0.0017254175370908,-1.041315741485162,31.0,18.0,0.9821127425061568,2.370160546087285
DT,Go2Handstand,go2-handstand,medium-replay,1,DT-Go2Handstand-8c12fcac,,humanoid_gym_relative,100.0,0.379700301811099,True,full,json,0.2897737207636237,0.2171156258374557,0.2167587205767631,0.7631643150702214,0.0899265810474753,-0.0899265810474753,-0.5012547221034765,-0.3201325353511329,67.0,40.0,0.6175335943862187,0.87857067291366
IQL,Go2Handstand,go2-handstand,medium-replay,1,IQL-Go2Handstand-2d35f413,,humanoid_gym_relative,100.0,0.1085289346496574,True,full,json,0.0600386892794631,0.1460399239951889,0.012692014221102,0.5532044470285661,0.0484902453701943,-0.0484902453701943,-0.4915675084572285,-3.5293682283352257,43.0,24.0,0.1960548157726803,0.777106304600224
TD3-BC,Go2Handstand,go2-handstand,medium-replay,1,TD3-BC-Go2Handstand-6a8de901,,humanoid_gym_relative,100.0,0.0019021245455223,False,full,json,0.002057443266749,0.0011916625171452,0.0019981536315754,1.0816553898072927,-0.0001553187212266,0.0001553187212266,-0.0019734834961127,-0.0375153933838585,40.0,20.0,0.9062735967268244,1.2260430381232634
AWAC,Go2Handstand,go2-handstand,medium-replay,2,AWAC-Go2Handstand-11a40536,,default,100.0,0.0771753680519759,True,full,json,0.0771753680519759,0.1774538984088505,0.0088204066269099,1.0,0.0,,,,,,,
BC,Go2Handstand,go2-handstand,medium-replay,2,BC-Go2Handstand-4047fa18,,default,100.0,0.0201039750804193,False,full,json,0.0201039750804193,0.0544676874561072,0.0089884805493056,1.0,0.0,,,,,,,
CQL,Go2Handstand,go2-handstand,medium-replay,2,CQL-Go2Handstand-48f1426e,,default,100.0,0.2492565389815718,True,full,json,0.2492565389815718,0.2169958910562597,0.1926215142011642,1.0,0.0,,,,,,,
DT,Go2Handstand,go2-handstand,medium-replay,2,DT-Go2Handstand-f74722df,,default,100.0,0.3020094355940819,True,full,json,0.3020094355940819,0.129499468794227,0.2760122865438461,1.0,0.0,,,,,,,
IQL,Go2Handstand,go2-handstand,medium-replay,2,IQL-Go2Handstand-1b9634c0,,default,100.0,0.0988062670710496,True,full,json,0.0988062670710496,0.1849332956232695,0.0138825266622006,1.0,0.0,,,,,,,
TD3-BC,Go2Handstand,go2-handstand,medium-replay,2,TD3-BC-Go2Handstand-6c83ffdd,,default,100.0,0.0040417749772313,False,full,json,0.0040417749772313,0.0007843881490844,0.0041325481142848,1.0,0.0,,,,,,,
AWAC,Go2Handstand,go2-handstand,medium-replay,2,AWAC-Go2Handstand-11a40536,,humanoid_gym_relative,100.0,0.0771753680519759,True,full,json,0.0519762091431766,0.1371127561768017,0.0097895767539739,0.6734818434318552,0.0251991589087992,-0.0251991589087992,-0.4606795094907284,-4.969255749845866,31.0,10.0,0.2184407718891179,0.968240806860116
BC,Go2Handstand,go2-handstand,medium-replay,2,BC-Go2Handstand-4047fa18,,humanoid_gym_relative,100.0,0.0201039750804193,False,full,json,0.0146841612551361,0.0332637989532123,0.0103605613112449,0.7304108364836795,0.0054198138252831,-0.0054198138252831,-0.0054488283582031,0.7289676128025961,22.0,4.0,0.3113401667198596,0.9930594196573648
CQL,Go2Handstand,go2-handstand,medium-replay,2,CQL-Go2Handstand-48f1426e,,humanoid_gym_relative,100.0,0.2492565389815718,True,full,json,0.166216808380559,0.1873606695472895,0.0803230628371238,0.666850342461218,0.0830397306010127,-0.0830397306010127,-0.6467126183211803,-1.5945663089263769,63.0,45.0,0.4749713363279014,0.8085968230283834
DT,Go2Handstand,go2-handstand,medium-replay,2,DT-Go2Handstand-f74722df,,humanoid_gym_relative,100.0,0.3020094355940819,True,full,json,0.2431900555640459,0.1719730724023098,0.1805813759565353,0.8052399259833305,0.0588193800300359,-0.0588193800300359,-0.4155727088451385,-0.3760255802195936,66.0,31.0,0.6659349445434771,0.927312734672498
IQL,Go2Handstand,go2-handstand,medium-replay,2,IQL-Go2Handstand-1b9634c0,,humanoid_gym_relative,100.0,0.0988062670710496,True,full,json,0.0662880534981377,0.1457504733603887,0.0141328270547091,0.6708891597986522,0.0325182135729119,-0.0325182135729119,-0.3269887955859303,-2.3093932731088715,40.0,15.0,0.4015783654748261,0.8898143986944576
TD3-BC,Go2Handstand,go2-handstand,medium-replay,2,TD3-BC-Go2Handstand-6c83ffdd,,humanoid_gym_relative,100.0,0.0040417749772313,False,full,json,0.0053415936767123,0.0017627452778136,0.0051545763853937,1.32159600838821,-0.0012998186994809,0.0012998186994809,-0.0011827028356492,0.7073803360375596,14.000000000000002,0.0,1.230064648502888,1.4093785187388337
AWAC,Go2JoystickFlatTerrain,go2-flat-forward,expert,0,AWAC-Go2JoystickFlatTerrain-9a15d8f1,,default,100.0,0.9794182795286178,True,full,json,0.9794182795286178,0.0043358006303203,0.9795191287994384,1.0,0.0,,,,,,,
BC,Go2JoystickFlatTerrain,go2-flat-forward,expert,0,BC-Go2JoystickFlatTerrain-59e9c78e,,default,100.0,0.9796337246894836,True,full,json,0.9796337246894836,0.0044289564009736,0.9799558818340302,1.0,0.0,,,,,,,
CQL,Go2JoystickFlatTerrain,go2-flat-forward,expert,0,CQL-Go2JoystickFlatTerrain-8d4041f0,,default,100.0,-0.5043030244112015,False,full,json,-0.5043030244112015,0.001357847698294,-0.5049033761024475,1.0,0.0,,,,,,,
IQL,Go2JoystickFlatTerrain,go2-flat-forward,expert,0,IQL-Go2JoystickFlatTerrain-cb7f324d,,default,100.0,0.9796224182844162,True,full,json,0.9796224182844162,0.0042255379766826,0.979906290769577,1.0,0.0,,,,,,,
TD3-BC,Go2JoystickFlatTerrain,go2-flat-forward,expert,0,TD3-BC-Go2JoystickFlatTerrain-5f3d7031,,default,100.0,0.9740214800834656,True,full,json,0.9740214800834656,0.0045932526383604,0.9745035767555236,1.0,0.0,,,,,,,
DT,Go2JoystickFlatTerrain,go2-flat-forward,expert,0,DT-Go2JoystickFlatTerrain-66229552,,default,100.0,0.9799723845720292,True,full,json,0.9799723845720292,0.0040518184760932,0.9801402986049652,1.0,0.0,,,,,,,
AWAC,Go2JoystickFlatTerrain,go2-flat-forward,expert,0,AWAC-Go2JoystickFlatTerrain-9a15d8f1,,humanoid_gym_relative,100.0,0.9794182795286178,True,full,json,0.860462322384119,0.1315939145410963,0.8494000732898712,0.8785442750754552,0.1189559571444988,-0.1189559571444988,-0.2912941962480545,0.7025844806692285,54.0,1.0,0.8553100500268107,0.907613611304408
BC,Go2JoystickFlatTerrain,go2-flat-forward,expert,0,BC-Go2JoystickFlatTerrain-59e9c78e,,humanoid_gym_relative,100.0,0.9796337246894836,True,full,json,0.8339932528138161,0.2398364978476465,0.8489437699317932,0.8513317087753063,0.1456404718756675,-0.1456404718756675,-0.2892729818820953,0.704713124312062,54.0,3.0,0.8101467402981293,0.9069485979490952
CQL,Go2JoystickFlatTerrain,go2-flat-forward,expert,0,CQL-Go2JoystickFlatTerrain-8d4041f0,,humanoid_gym_relative,100.0,-0.5043030244112015,False,full,json,-0.5041211104393005,0.001008265172,-0.504445493221283,0.9996392764605896,-0.0001819139719009,0.0001819139719009,-0.0019621148705482,1.0038907457928476,0.0,0.0,0.9990250933790604,1.0002345692660306
IQL,Go2JoystickFlatTerrain,go2-flat-forward,expert,0,IQL-Go2JoystickFlatTerrain-cb7f324d,,humanoid_gym_relative,100.0,0.9796224182844162,True,full,json,0.8314030032604933,0.2319022432204562,0.8477437496185303,0.848697403961523,0.1482194150239228,-0.1482194150239229,-0.3054672271013259,0.6881786069817781,53.0,4.0,0.8079605672553548,0.9002836012938085
TD3-BC,Go2JoystickFlatTerrain,go2-flat-forward,expert,0,TD3-BC-Go2JoystickFlatTerrain-5f3d7031,,humanoid_gym_relative,100.0,0.9740214800834656,True,full,json,0.8405838753283024,0.1796191066285373,0.839820921421051,0.8630034270458504,0.1334376047551632,-0.1334376047551632,-0.2923795998096466,0.6998222259075928,53.0,3.0,0.8301683399870288,0.9071563665030836
DT,Go2JoystickFlatTerrain,go2-flat-forward,expert,0,DT-Go2JoystickFlatTerrain-66229552,,humanoid_gym_relative,100.0,0.9799723845720292,True,full,json,0.8274724752735346,0.2524964064963216,0.8566752076148987,0.8443834625349226,0.1524999092984944,-0.1524999092984944,-0.3044641716871409,0.6893135189517553,55.00000000000001,5.0,0.7985507362156754,0.8977505805040469
BC,Go2JoystickFlatTerrain,go2-flat-forward,expert,1,BC-Go2JoystickFlatTerrain-85f81fb3,,default,100.0,0.9789859759807586,True,full,json,0.9789859759807586,0.0040212647935883,0.9794689118862152,1.0,0.0,,,,,,,
AWAC,Go2JoystickFlatTerrain,go2-flat-forward,expert,1,AWAC-Go2JoystickFlatTerrain-540206e5,,default,100.0,0.9788597482442856,True,full,json,0.9788597482442856,0.0037614413799302,0.9791069328784944,1.0,0.0,,,,,,,
CQL,Go2JoystickFlatTerrain,go2-flat-forward,expert,1,CQL-Go2JoystickFlatTerrain-a42e12cb,,default,100.0,-0.5048208570480347,False,full,json,-0.5048208570480347,0.0002611185317538,-0.5049516558647156,1.0,0.0,,,,,,,
DT,Go2JoystickFlatTerrain,go2-flat-forward,expert,1,DT-Go2JoystickFlatTerrain-d761ce81,,default,100.0,0.978898103237152,True,full,json,0.978898103237152,0.0042225166528139,0.97939133644104,1.0,0.0,,,,,,,
IQL,Go2JoystickFlatTerrain,go2-flat-forward,expert,1,IQL-Go2JoystickFlatTerrain-1f174b54,,default,100.0,0.9802067810297012,True,full,json,0.9802067810297012,0.0048108460559911,0.9806818664073944,1.0,0.0,,,,,,,
TD3-BC,Go2JoystickFlatTerrain,go2-flat-forward,expert,1,TD3-BC-Go2JoystickFlatTerrain-93ecbba3,,default,100.0,0.9761052244901656,True,full,json,0.9761052244901656,0.0043652129564341,0.9759846925735474,1.0,0.0,,,,,,,
BC,Go2JoystickFlatTerrain,go2-flat-forward,expert,1,BC-Go2JoystickFlatTerrain-85f81fb3,,humanoid_gym_relative,100.0,0.9789859759807586,True,full,json,0.8433892705291509,0.1816182284943,0.8483820259571075,0.8614926987940092,0.1355967054516077,-0.1355967054516077,-0.3050475120544433,0.6884046150417594,54.0,3.0,0.8283551571660137,0.9020033475535132
AWAC,Go2JoystickFlatTerrain,go2-flat-forward,expert,1,AWAC-Go2JoystickFlatTerrain-540206e5,,humanoid_gym_relative,100.0,0.9788597482442856,True,full,json,0.8604389172513038,0.12653922313883,0.8525459468364716,0.8790216563655977,0.1184208309929817,-0.1184208309929817,-0.2667763143777847,0.727462167224382,54.0,2.0,0.8540738490374039,0.9064107546879536
CQL,Go2JoystickFlatTerrain,go2-flat-forward,expert,1,CQL-Go2JoystickFlatTerrain-a42e12cb,,humanoid_gym_relative,100.0,-0.5048208570480347,False,full,json,-0.5044936668872834,0.0004741274313176,-0.5045560896396637,0.9993518687744706,-0.0003271901607513,0.0003271901607513,-0.0001426875591278,1.0002826498888382,0.0,0.0,0.9991819303954024,0.9995399053382212
DT,Go2JoystickFlatTerrain,go2-flat-forward,expert,1,DT-Go2JoystickFlatTerrain-d761ce81,,humanoid_gym_relative,100.0,0.978898103237152,True,full,json,0.834457801040262,0.2252474343327808,0.8557532131671906,0.8524460291431402,0.14444030219689,-0.1444403021968901,-0.3330893248319626,0.6597303399297048,54.0,4.0,0.8131540373907413,0.9026129434422644
IQL,Go2JoystickFlatTerrain,go2-flat-forward,expert,1,IQL-Go2JoystickFlatTerrain-1f174b54,,humanoid_gym_relative,100.0,0.9802067810297012,True,full,json,0.8279363045096397,0.2396966632912305,0.8477263748645782,0.8446547407475571,0.1522704765200615,-0.1522704765200614,-0.3558799594640731,0.6369337915717912,54.0,4.0,0.8033805101191988,0.8986552702977616
TD3-BC,Go2JoystickFlatTerrain,go2-flat-forward,expert,1,TD3-BC-Go2JoystickFlatTerrain-93ecbba3,,humanoid_gym_relative,100.0,0.9761052244901656,True,full,json,0.8422261353582143,0.1822084236737492,0.8435855507850647,0.8628435892227927,0.1338790891319513,-0.1338790891319513,-0.3020796000957489,0.6905255780661048,55.00000000000001,3.0,0.8306904418453719,0.9015228795833397
AWAC,Go2JoystickFlatTerrain,go2-flat-forward,expert,2,AWAC-Go2JoystickFlatTerrain-29a97075,,default,100.0,0.979302259683609,True,full,json,0.979302259683609,0.0041980770891512,0.9797887206077576,1.0,0.0,,,,,,,
BC,Go2JoystickFlatTerrain,go2-flat-forward,expert,2,BC-Go2JoystickFlatTerrain-6c486424,,default,100.0,0.9796218168735504,True,full,json,0.9796218168735504,0.0039467085365945,0.9797178208827972,1.0,0.0,,,,,,,
CQL,Go2JoystickFlatTerrain,go2-flat-forward,expert,2,CQL-Go2JoystickFlatTerrain-26af64f7,,default,100.0,-0.5044114035367966,False,full,json,-0.5044114035367966,0.0012411286324474,-0.5049406886100769,1.0,0.0,,,,,,,
DT,Go2JoystickFlatTerrain,go2-flat-forward,expert,2,DT-Go2JoystickFlatTerrain-5327e9e3,,default,100.0,0.9787356173992156,True,full,json,0.9787356173992156,0.0041569926356121,0.979188233613968,1.0,0.0,,,,,,,
IQL,Go2JoystickFlatTerrain,go2-flat-forward,expert,2,IQL-Go2JoystickFlatTerrain-106a1963,,default,100.0,0.9797797209024428,True,full,json,0.9797797209024428,0.0045931182317834,0.9806983172893524,1.0,0.0,,,,,,,
TD3-BC,Go2JoystickFlatTerrain,go2-flat-forward,expert,2,TD3-BC-Go2JoystickFlatTerrain-3b3b3bcf,,default,100.0,0.6197071175277233,True,full,json,0.6197071175277233,0.3318386649827478,0.7800543010234833,1.0,0.0,,,,,,,
AWAC,Go2JoystickFlatTerrain,go2-flat-forward,expert,2,AWAC-Go2JoystickFlatTerrain-29a97075,,humanoid_gym_relative,100.0,0.979302259683609,True,full,json,0.8414781455695629,0.1990115103890073,0.8520727157592773,0.859262946908165,0.137824114114046,-0.1378241141140461,-0.3159949839115142,0.677326401744845,55.00000000000001,3.0,0.8242816017502372,0.905909342700254
BC,Go2JoystickFlatTerrain,go2-flat-forward,expert,2,BC-Go2JoystickFlatTerrain-6c486424,,humanoid_gym_relative,100.0,0.9796218168735504,True,full,json,0.852499469332397,0.1471801929173465,0.848196268081665,0.8702332416943687,0.1271223475411534,-0.1271223475411534,-0.2818955063819885,0.7122404773694667,54.0,3.0,0.8434059431529101,0.9012488828631646
CQL,Go2JoystickFlatTerrain,go2-flat-forward,expert,2,CQL-Go2JoystickFlatTerrain-26af64f7,,humanoid_gym_relative,100.0,-0.5044114035367966,False,full,json,-0.5042762771248818,0.0010409373615295,-0.5045577883720398,0.9997321107116784,-0.0001351264119148,0.0001351264119148,-0.0014407336711883,1.0028562670492505,0.0,0.0,0.9991678543083596,1.0003061056142193
DT,Go2JoystickFlatTerrain,go2-flat-forward,expert,2,DT-Go2JoystickFlatTerrain-5327e9e3,,humanoid_gym_relative,100.0,0.9787356173992156,True,full,json,0.8404904499650001,0.2082371260139917,0.8586984872817993,0.858751265432055,0.1382451674342155,-0.1382451674342155,-0.3133220911026001,0.6798705538731821,54.0,4.0,0.8239129257995829,0.901242695046955
IQL,Go2JoystickFlatTerrain,go2-flat-forward,expert,2,IQL-Go2JoystickFlatTerrain-106a1963,,humanoid_gym_relative,100.0,0.9797797209024428,True,full,json,0.8502966964244842,0.1723008323223632,0.8513096570968628,0.8678447596785366,0.1294830244779586,-0.1294830244779586,-0.270364174246788,0.7240561643817608,54.0,2.0,0.8383079165477775,0.9055409389426876
TD3-BC,Go2JoystickFlatTerrain,go2-flat-forward,expert,2,TD3-BC-Go2JoystickFlatTerrain-3b3b3bcf,,humanoid_gym_relative,100.0,0.6197071175277233,True,full,json,-0.0445417692139744,0.4919569793245004,-0.2725333720445633,-0.0718755166015692,0.6642488867416978,-0.6642488867416978,-1.2839242801070214,-1.071824324414966,74.0,68.0,-0.2182721110779779,0.0907226535789911
AWAC,Go2JoystickFlatTerrain,go2-flat-forward,medium,0,AWAC-Go2JoystickFlatTerrain-c5e0269c,,default,100.0,0.65107496291399,True,full,json,0.65107496291399,0.0317278555307809,0.6545753479003906,1.0,0.0,,,,,,,
BC,Go2JoystickFlatTerrain,go2-flat-forward,medium,0,BC-Go2JoystickFlatTerrain-f249e3a0,,default,100.0,0.6470150271058083,True,full,json,0.6470150271058083,0.0661336321936352,0.6611270904541016,1.0,0.0,,,,,,,
CQL,Go2JoystickFlatTerrain,go2-flat-forward,medium,0,CQL-Go2JoystickFlatTerrain-5da69424,,default,100.0,0.6073366218805313,True,full,json,0.6073366218805313,0.0136268427848981,0.6100144684314728,1.0,0.0,,,,,,,
IQL,Go2JoystickFlatTerrain,go2-flat-forward,medium,0,IQL-Go2JoystickFlatTerrain-675034e6,,default,100.0,0.664919240474701,True,full,json,0.664919240474701,0.0332335216214331,0.6677732467651367,1.0,0.0,,,,,,,
TD3-BC,Go2JoystickFlatTerrain,go2-flat-forward,medium,0,TD3-BC-Go2JoystickFlatTerrain-49d17c30,,default,100.0,0.6751823115348816,True,full,json,0.6751823115348816,0.0050318636542788,0.6760824918746948,1.0,0.0,,,,,,,
DT,Go2JoystickFlatTerrain,go2-flat-forward,medium,0,DT-Go2JoystickFlatTerrain-d936e3bd,,default,100.0,0.6535751229524612,True,full,json,0.6535751229524612,0.0319603572490639,0.6564473807811737,1.0,0.0,,,,,,,
AWAC,Go2JoystickFlatTerrain,go2-flat-forward,medium,0,AWAC-Go2JoystickFlatTerrain-c5e0269c,,humanoid_gym_relative,100.0,0.65107496291399,True,full,json,0.4418635609000921,0.1900290170439216,0.4107667207717895,0.6786677204149598,0.2092114020138979,-0.2092114020138979,-0.5435746494680643,0.1651120371221016,64.0,26.0,0.6221399845745328,0.7397439984823121
BC,Go2JoystickFlatTerrain,go2-flat-forward,medium,0,BC-Go2JoystickFlatTerrain-f249e3a0,,humanoid_gym_relative,100.0,0.6470150271058083,True,full,json,0.4495861982554197,0.1977576420462062,0.4389182329177856,0.6948620656717723,0.1974288288503885,-0.1974288288503885,-0.4664404258131981,0.2790887285884942,63.0,20.0,0.6386090639354631,0.7592067617271527
CQL,Go2JoystickFlatTerrain,go2-flat-forward,medium,0,CQL-Go2JoystickFlatTerrain-5da69424,,humanoid_gym_relative,100.0,0.6073366218805313,True,full,json,0.328723743467126,0.2561112368415811,0.3271049559116363,0.5412546051467797,0.2786128784134052,-0.2786128784134052,-0.7001764543354512,-0.1528638799475891,66.0,50.0,0.4558205322022911,0.6198438330988516
IQL,Go2JoystickFlatTerrain,go2-flat-forward,medium,0,IQL-Go2JoystickFlatTerrain-675034e6,,humanoid_gym_relative,100.0,0.664919240474701,True,full,json,0.4825507621467113,0.1650115298234187,0.4700545817613601,0.7257283783850312,0.1823684783279896,-0.1823684783279895,-0.4854906164109707,0.2698502511908545,62.0,18.0,0.6761703674355424,0.7773508857171416
TD3-BC,Go2JoystickFlatTerrain,go2-flat-forward,medium,0,TD3-BC-Go2JoystickFlatTerrain-49d17c30,,humanoid_gym_relative,100.0,0.6751823115348816,True,full,json,0.4544089099299163,0.2460761972425798,0.4941289722919464,0.6730166092427917,0.2207734016049653,-0.2207734016049653,-0.6826224400196225,-0.0110194363176181,59.0,23.0,0.605853438312863,0.7433757408048541
DT,Go2JoystickFlatTerrain,go2-flat-forward,medium,0,DT-Go2JoystickFlatTerrain-d936e3bd,,humanoid_gym_relative,100.0,0.6535751229524612,True,full,json,0.4375758389383554,0.2111988797283819,0.4303132146596908,0.6695111603416753,0.2159992840141057,-0.2159992840141057,-0.5490070190280676,0.1599940087254507,64.0,27.0,0.6041210765317283,0.7396220191384447
BC,Go2JoystickFlatTerrain,go2-flat-forward,medium,1,BC-Go2JoystickFlatTerrain-546f6562,,default,100.0,0.6427056223154068,True,full,json,0.6427056223154068,0.0311316886428609,0.6461930274963379,1.0,0.0,,,,,,,
AWAC,Go2JoystickFlatTerrain,go2-flat-forward,medium,1,AWAC-Go2JoystickFlatTerrain-2175956e,,default,100.0,0.6577294263243675,True,full,json,0.6577294263243675,0.032337864688531,0.6614802479743958,1.0,0.0,,,,,,,
CQL,Go2JoystickFlatTerrain,go2-flat-forward,medium,1,CQL-Go2JoystickFlatTerrain-e9dbd3fd,,default,100.0,0.6147108167409897,True,full,json,0.6147108167409897,0.0100914958063619,0.6153086721897125,1.0,0.0,,,,,,,
DT,Go2JoystickFlatTerrain,go2-flat-forward,medium,1,DT-Go2JoystickFlatTerrain-46cbae06,,default,100.0,0.6486595147848129,True,full,json,0.6486595147848129,0.0428162196835918,0.6547731757164001,1.0,0.0,,,,,,,
IQL,Go2JoystickFlatTerrain,go2-flat-forward,medium,1,IQL-Go2JoystickFlatTerrain-492e9d41,,default,100.0,0.658110517859459,True,full,json,0.658110517859459,0.0440531102914026,0.6648996770381927,1.0,0.0,,,,,,,
TD3-BC,Go2JoystickFlatTerrain,go2-flat-forward,medium,1,TD3-BC-Go2JoystickFlatTerrain-e87f3b2d,,default,100.0,0.6820459818840027,True,full,json,0.6820459818840027,0.0055754655497572,0.6822623312473297,1.0,0.0,,,,,,,
BC,Go2JoystickFlatTerrain,go2-flat-forward,medium,1,BC-Go2JoystickFlatTerrain-546f6562,,humanoid_gym_relative,100.0,0.6427056223154068,True,full,json,0.4495775423943996,0.1835752344890304,0.4388790279626846,0.6995077167284685,0.1931280799210072,-0.1931280799210071,-0.4985205791890621,0.2243407216618156,61.0,26.0,0.644710921873199,0.755607972525741
AWAC,Go2JoystickFlatTerrain,go2-flat-forward,medium,1,AWAC-Go2JoystickFlatTerrain-2175956e,,humanoid_gym_relative,100.0,0.6577294263243675,True,full,json,0.4513385380059481,0.2127299465614749,0.4525459408760071,0.6862070023659924,0.2063908883184194,-0.2063908883184194,-0.5399157453328371,0.1791218033985741,62.0,25.0,0.6194606182060678,0.7528624442585973
CQL,Go2JoystickFlatTerrain,go2-flat-forward,medium,1,CQL-Go2JoystickFlatTerrain-e9dbd3fd,,humanoid_gym_relative,100.0,0.6147108167409897,True,full,json,0.3293828095309436,0.2777511861514365,0.3226543813943863,0.5358337620887027,0.2853280072100461,-0.285328007210046,-0.7615587271749973,-0.2388894199268375,65.0,48.0,0.4478621750967486,0.6272160320212845
DT,Go2JoystickFlatTerrain,go2-flat-forward,medium,1,DT-Go2JoystickFlatTerrain-46cbae06,,humanoid_gym_relative,100.0,0.6486595147848129,True,full,json,0.447419949201867,0.1865729364776759,0.4304388910531997,0.6897608668398161,0.2012395655829458,-0.2012395655829459,-0.5171052686870098,0.2028093986125295,63.0,29.0,0.6362166571682177,0.7529866447915647
IQL,Go2JoystickFlatTerrain,go2-flat-forward,medium,1,IQL-Go2JoystickFlatTerrain-492e9d41,,humanoid_gym_relative,100.0,0.658110517859459,True,full,json,0.4664864035695791,0.1899426160920917,0.4611383229494095,0.7088268473308283,0.1916241142898798,-0.1916241142898798,-0.4878621079027652,0.2586927352421537,61.0,21.0,0.6589000618505741,0.7667646632146624
TD3-BC,Go2JoystickFlatTerrain,go2-flat-forward,medium,1,TD3-BC-Go2JoystickFlatTerrain-e87f3b2d,,humanoid_gym_relative,100.0,0.6820459818840027,True,full,json,0.4424306669458747,0.259442927782472,0.4801677912473678,0.6486815826166982,0.239615314938128,-0.239615314938128,-0.7334317166358232,-0.0753405725078515,57.99999999999999,29.0,0.5774135062042743,0.7267628893807087
AWAC,Go2JoystickFlatTerrain,go2-flat-forward,medium,2,AWAC-Go2JoystickFlatTerrain-9ce2ddcb,,default,100.0,0.6406340232491493,True,full,json,0.6406340232491493,0.0715830951496931,0.6580306887626648,1.0,0.0,,,,,,,
BC,Go2JoystickFlatTerrain,go2-flat-forward,medium,2,BC-Go2JoystickFlatTerrain-f26d54a3,,default,100.0,0.6525444704294204,True,full,json,0.6525444704294204,0.0442006370783229,0.6585648357868195,1.0,0.0,,,,,,,
CQL,Go2JoystickFlatTerrain,go2-flat-forward,medium,2,CQL-Go2JoystickFlatTerrain-98d95322,,default,100.0,0.5838168954849243,True,full,json,0.5838168954849243,0.0835007809926075,0.6055001318454742,1.0,0.0,,,,,,,
DT,Go2JoystickFlatTerrain,go2-flat-forward,medium,2,DT-Go2JoystickFlatTerrain-40fdf2e4,,default,100.0,0.6323514306545257,True,full,json,0.6323514306545257,0.0758762182132382,0.65230792760849,1.0,0.0,,,,,,,
IQL,Go2JoystickFlatTerrain,go2-flat-forward,medium,2,IQL-Go2JoystickFlatTerrain-64af79c1,,default,100.0,0.6611341053247451,True,full,json,0.6611341053247451,0.0321841291693147,0.6647088825702667,1.0,0.0,,,,,,,
TD3-BC,Go2JoystickFlatTerrain,go2-flat-forward,medium,2,TD3-BC-Go2JoystickFlatTerrain-86a06085,,default,100.0,0.6734236699342727,True,full,json,0.6734236699342727,0.0045101413886436,0.6727806329727173,1.0,0.0,,,,,,,
AWAC,Go2JoystickFlatTerrain,go2-flat-forward,medium,2,AWAC-Go2JoystickFlatTerrain-9ce2ddcb,,humanoid_gym_relative,100.0,0.6406340232491493,True,full,json,0.4415981156751513,0.2025596601901651,0.4200916886329651,0.6893141788434318,0.1990359075739979,-0.1990359075739979,-0.547535628080368,0.1453222772911864,59.0,23.0,0.6271877791432078,0.7517039903151737
BC,Go2JoystickFlatTerrain,go2-flat-forward,medium,2,BC-Go2JoystickFlatTerrain-f26d54a3,,humanoid_gym_relative,100.0,0.6525444704294204,True,full,json,0.4570997252315283,0.1925950219539142,0.4456639587879181,0.7004882363507339,0.1954447451978921,-0.1954447451978921,-0.5032508008182048,0.2287869660637378,61.0,21.0,0.6437976995169201,0.7638796574628991
CQL,Go2JoystickFlatTerrain,go2-flat-forward,medium,2,CQL-Go2JoystickFlatTerrain-98d95322,,humanoid_gym_relative,100.0,0.5838168954849243,True,full,json,0.3412640144862234,0.2308839697768066,0.3001273870468139,0.5845394628443668,0.2425528809987008,-0.2425528809987008,-0.6673925193026662,-0.1431538286474616,65.0,47.0,0.5127306066250664,0.6683652486671965
DT,Go2JoystickFlatTerrain,go2-flat-forward,medium,2,DT-Go2JoystickFlatTerrain-40fdf2e4,,humanoid_gym_relative,100.0,0.6323514306545257,True,full,json,0.4366219468042254,0.1777852885967225,0.4078681319952011,0.690473565233011,0.1957294838503002,-0.1957294838503003,-0.5434509862214327,0.1405870851609762,60.0,23.0,0.6379900749982982,0.7435381384611917
IQL,Go2JoystickFlatTerrain,go2-flat-forward,medium,2,IQL-Go2JoystickFlatTerrain-64af79c1,,humanoid_gym_relative,100.0,0.6611341053247451,True,full,json,0.4587247934192419,0.1828852045926779,0.4381339401006698,0.693845302677161,0.2024093119055032,-0.2024093119055032,-0.5349352613091469,0.1908823686438171,63.0,25.0,0.6409772613565609,0.7507533553490607
TD3-BC,Go2JoystickFlatTerrain,go2-flat-forward,medium,2,TD3-BC-Go2JoystickFlatTerrain-86a06085,,humanoid_gym_relative,100.0,0.6734236699342727,True,full,json,0.4689223393797874,0.1992648391706849,0.4775924980640411,0.6963258945524666,0.2045013305544852,-0.2045013305544853,-0.4969292014837265,0.2620853354735398,59.0,26.0,0.6413772453305333,0.7528137662215555
AWAC,Go2JoystickFlatTerrain,go2-flat-forward,medium-expert,0,AWAC-Go2JoystickFlatTerrain-b121d1da,,default,100.0,0.8414721751213073,True,full,json,0.8414721751213073,0.1819268133327969,0.9772390127182008,1.0,0.0,,,,,,,
BC,Go2JoystickFlatTerrain,go2-flat-forward,medium-expert,0,BC-Go2JoystickFlatTerrain-f0b7893c,,default,100.0,0.7574156662821769,True,full,json,0.7574156662821769,0.1678322274340545,0.6626392006874084,1.0,0.0,,,,,,,
CQL,Go2JoystickFlatTerrain,go2-flat-forward,medium-expert,0,CQL-Go2JoystickFlatTerrain-cbffc759,,default,100.0,-0.4957442530989647,False,full,json,-0.4957442530989647,0.013391128240834,-0.5000672340393066,1.0,0.0,,,,,,,
IQL,Go2JoystickFlatTerrain,go2-flat-forward,medium-expert,0,IQL-Go2JoystickFlatTerrain-bc489e9a,,default,100.0,0.7829891848564148,True,full,json,0.7829891848564148,0.1706805453942397,0.6743275225162506,1.0,0.0,,,,,,,
TD3-BC,Go2JoystickFlatTerrain,go2-flat-forward,medium-expert,0,TD3-BC-Go2JoystickFlatTerrain-b3a5eb1d,,default,100.0,0.9559478628635406,True,full,json,0.9559478628635406,0.0080654412408921,0.956870138645172,1.0,0.0,,,,,,,
DT,Go2JoystickFlatTerrain,go2-flat-forward,medium-expert,0,DT-Go2JoystickFlatTerrain-85a9b735,,default,100.0,0.7309886109828949,True,full,json,0.7309886109828949,0.1861875459158644,0.6548925042152405,1.0,0.0,,,,,,,
AWAC,Go2JoystickFlatTerrain,go2-flat-forward,medium-expert,0,AWAC-Go2JoystickFlatTerrain-b121d1da,,humanoid_gym_relative,100.0,0.8414721751213073,True,full,json,0.4689616410434246,0.231704854676639,0.4672124236822128,0.5573109306624651,0.3725105340778827,-0.3725105340778827,-0.8481294795870781,-0.0079114968534889,77.0,38.0,0.4991271451382598,0.6169699064404939
BC,Go2JoystickFlatTerrain,go2-flat-forward,medium-expert,0,BC-Go2JoystickFlatTerrain-f0b7893c,,humanoid_gym_relative,100.0,0.7574156662821769,True,full,json,0.4820161379873752,0.2384787406664434,0.4658553898334503,0.636395785623741,0.2753995282948017,-0.2753995282948017,-0.7875578589737415,-0.0397961040857782,64.0,32.0,0.5681572025374438,0.7084118790847393
CQL,Go2JoystickFlatTerrain,go2-flat-forward,medium-expert,0,CQL-Go2JoystickFlatTerrain-cbffc759,,humanoid_gym_relative,100.0,-0.4957442530989647,False,full,json,-0.4997782328724861,0.0071073132928611,-0.5015456974506378,1.0081372194398714,0.0040339797735214,-0.0040339797735214,-0.0403136044740676,1.081319358161112,2.0,0.0,1.0025816917679178,1.0129480782298756
IQL,Go2JoystickFlatTerrain,go2-flat-forward,medium-expert,0,IQL-Go2JoystickFlatTerrain-bc489e9a,,humanoid_gym_relative,100.0,0.7829891848564148,True,full,json,0.4585095347464085,0.2344621645679027,0.4677338153123855,0.5855885925557074,0.3244796501100063,-0.3244796501100063,-0.8300668649375439,-0.0601255815426904,73.0,33.0,0.5160477386141037,0.651534900070952
TD3-BC,Go2JoystickFlatTerrain,go2-flat-forward,medium-expert,0,TD3-BC-Go2JoystickFlatTerrain-b3a5eb1d,,humanoid_gym_relative,100.0,0.9559478628635406,True,full,json,0.5721278794980026,0.4968485894763733,0.78529492020607,0.5984927648503698,0.383819983365538,-0.3838199833655381,-1.408912293612957,-0.4738380076425528,55.00000000000001,27.0,0.4973941337877972,0.7054281789250161
DT,Go2JoystickFlatTerrain,go2-flat-forward,medium-expert,0,DT-Go2JoystickFlatTerrain-85a9b735,,humanoid_gym_relative,100.0,0.7309886109828949,True,full,json,0.4722827765345573,0.2277262426321555,0.41435207426548,0.6460877357576351,0.2587058344483375,-0.2587058344483375,-0.8371478199958802,-0.1452268987751293,67.0,33.0,0.5853997841875385,0.7092887059001042
BC,Go2JoystickFlatTerrain,go2-flat-forward,medium-expert,1,BC-Go2JoystickFlatTerrain-1ebda6a8,,default,100.0,0.7204430294036865,True,full,json,0.7204430294036865,0.1546592223705076,0.6679639220237732,1.0,0.0,,,,,,,
AWAC,Go2JoystickFlatTerrain,go2-flat-forward,medium-expert,1,AWAC-Go2JoystickFlatTerrain-0c4abe0e,,default,100.0,0.7883104893565178,True,full,json,0.7883104893565178,0.1712515520450786,0.6610985398292542,1.0,0.0,,,,,,,
CQL,Go2JoystickFlatTerrain,go2-flat-forward,medium-expert,1,CQL-Go2JoystickFlatTerrain-52d18f70,,default,100.0,-0.5033655205368995,False,full,json,-0.5033655205368995,0.0016060073912002,-0.5037233531475067,1.0,0.0,,,,,,,
DT,Go2JoystickFlatTerrain,go2-flat-forward,medium-expert,1,DT-Go2JoystickFlatTerrain-81004c11,,default,100.0,0.7134709018468857,True,full,json,0.7134709018468857,0.1407249154775919,0.657305508852005,1.0,0.0,,,,,,,
IQL,Go2JoystickFlatTerrain,go2-flat-forward,medium-expert,1,IQL-Go2JoystickFlatTerrain-363f56c2,,default,100.0,0.7722876173257828,True,full,json,0.7722876173257828,0.1631213631548164,0.669101893901825,1.0,0.0,,,,,,,
TD3-BC,Go2JoystickFlatTerrain,go2-flat-forward,medium-expert,1,TD3-BC-Go2JoystickFlatTerrain-ee07ae31,,default,100.0,0.9556802397966384,True,full,json,0.9556802397966384,0.0099999524945005,0.9579066932201384,1.0,0.0,,,,,,,
BC,Go2JoystickFlatTerrain,go2-flat-forward,medium-expert,1,BC-Go2JoystickFlatTerrain-1ebda6a8,,humanoid_gym_relative,100.0,0.7204430294036865,True,full,json,0.4628864696621895,0.2222114680474738,0.4558591246604919,0.6425025307626647,0.257556559741497,-0.257556559741497,-0.6909242466092109,0.0409730979268526,63.0,29.0,0.5746572356307348,0.7140549761616788
AWAC,Go2JoystickFlatTerrain,go2-flat-forward,medium-expert,1,AWAC-Go2JoystickFlatTerrain-0c4abe0e,,humanoid_gym_relative,100.0,0.7883104893565178,True,full,json,0.4649539372697472,0.2399806499684418,0.4546556919813156,0.5898106692063427,0.3233565520867705,-0.3233565520867705,-0.8374298185110092,-0.062309622690149,74.0,36.0,0.528297127158524,0.6584692472381365
CQL,Go2JoystickFlatTerrain,go2-flat-forward,medium-expert,1,CQL-Go2JoystickFlatTerrain-52d18f70,,humanoid_gym_relative,100.0,-0.5033655205368995,False,full,json,-0.5029583930969238,0.0017177666684408,-0.5034998655319214,0.9991911892583714,-0.0004071274399757,0.0004071274399757,-0.0019118130207061,1.003798061135906,0.0,0.0,0.9985062518538372,0.999872417913124
DT,Go2JoystickFlatTerrain,go2-flat-forward,medium-expert,1,DT-Go2JoystickFlatTerrain-81004c11,,humanoid_gym_relative,100.0,0.7134709018468857,True,full,json,0.4631928604841232,0.2522135394800132,0.4302080124616623,0.6492105834801468,0.2502780413627624,-0.2502780413627624,-0.6886419281363487,0.0348002611546803,62.0,27.0,0.5789156675538526,0.7160473219955915
IQL,Go2JoystickFlatTerrain,go2-flat-forward,medium-expert,1,IQL-Go2JoystickFlatTerrain-363f56c2,,humanoid_gym_relative,100.0,0.7722876173257828,True,full,json,0.4424394742026925,0.2480376246524261,0.4462200701236725,0.5728946888139128,0.3298481431230902,-0.3298481431230902,-0.8293178282678128,-0.0738458181415749,75.0,35.0,0.5083248814446127,0.6440467518474366
TD3-BC,Go2JoystickFlatTerrain,go2-flat-forward,medium-expert,1,TD3-BC-Go2JoystickFlatTerrain-ee07ae31,,humanoid_gym_relative,100.0,0.9556802397966384,True,full,json,0.7483000348508358,0.3056770055897831,0.8003667891025543,0.7830025187190942,0.2073802049458026,-0.2073802049458027,-1.1684946089982986,-0.2226836554106689,56.00000000000001,9.0,0.7260957927314385,0.8429522629455939
AWAC,Go2JoystickFlatTerrain,go2-flat-forward,medium-expert,2,AWAC-Go2JoystickFlatTerrain-b16ab66d,,default,100.0,0.7500756195187569,True,full,json,0.7500756195187569,0.1573438579659182,0.6547443568706512,1.0,0.0,,,,,,,
BC,Go2JoystickFlatTerrain,go2-flat-forward,medium-expert,2,BC-Go2JoystickFlatTerrain-7b2bfe23,,default,100.0,0.7398638126254081,True,full,json,0.7398638126254081,0.1813445500141494,0.660370945930481,1.0,0.0,,,,,,,
CQL,Go2JoystickFlatTerrain,go2-flat-forward,medium-expert,2,CQL-Go2JoystickFlatTerrain-76856189,,default,100.0,-0.4870328584313392,False,full,json,-0.4870328584313392,0.012816506297392,-0.4863476753234863,1.0,0.0,,,,,,,
DT,Go2JoystickFlatTerrain,go2-flat-forward,medium-expert,2,DT-Go2JoystickFlatTerrain-719c6966,,default,100.0,0.7423334911465644,True,full,json,0.7423334911465644,0.2027103271891007,0.6519547402858734,1.0,0.0,,,,,,,
IQL,Go2JoystickFlatTerrain,go2-flat-forward,medium-expert,2,IQL-Go2JoystickFlatTerrain-08adb66a,,default,100.0,0.7755005955696106,True,full,json,0.7755005955696106,0.164327476786728,0.6710622012615204,1.0,0.0,,,,,,,
TD3-BC,Go2JoystickFlatTerrain,go2-flat-forward,medium-expert,2,TD3-BC-Go2JoystickFlatTerrain-0a82b536,,default,100.0,0.9632805615663528,True,full,json,0.9632805615663528,0.0111162899730718,0.965823531150818,1.0,0.0,,,,,,,
AWAC,Go2JoystickFlatTerrain,go2-flat-forward,medium-expert,2,AWAC-Go2JoystickFlatTerrain-b16ab66d,,humanoid_gym_relative,100.0,0.7500756195187569,True,full,json,0.4370791357383132,0.2260747884863661,0.458253338932991,0.582713428305722,0.3129964837804437,-0.3129964837804436,-0.8651989597827197,-0.1534823120071881,71.0,37.0,0.5135492541412405,0.6505467206978548
BC,Go2JoystickFlatTerrain,go2-flat-forward,medium-expert,2,BC-Go2JoystickFlatTerrain-7b2bfe23,,humanoid_gym_relative,100.0,0.7398638126254081,True,full,json,0.4554115125257522,0.2437577411100362,0.4243062436580658,0.6155342439437923,0.2844523000996559,-0.284452300099656,-0.8109035350382328,-0.0960172956165271,65.0,32.0,0.5465484055441311,0.6889624101856673
CQL,Go2JoystickFlatTerrain,go2-flat-forward,medium-expert,2,CQL-Go2JoystickFlatTerrain-76856189,,humanoid_gym_relative,100.0,-0.4870328584313392,False,full,json,-0.4830131667852402,0.0295603897265006,-0.4920602887868881,0.9917465699151268,-0.004019691646099,0.004019691646099,-0.0214647561311721,1.044072500981365,0.0,0.0,0.9817090606552898,1.0042594336026072
DT,Go2JoystickFlatTerrain,go2-flat-forward,medium-expert,2,DT-Go2JoystickFlatTerrain-719c6966,,humanoid_gym_relative,100.0,0.7423334911465644,True,full,json,0.4916606783121824,0.2426804351980388,0.4226198047399521,0.6623177913646229,0.250672812834382,-0.250672812834382,-0.7825878880918026,-0.0542268366244173,62.0,33.0,0.5961831999275182,0.7262256019764192
IQL,Go2JoystickFlatTerrain,go2-flat-forward,medium-expert,2,IQL-Go2JoystickFlatTerrain-08adb66a,,humanoid_gym_relative,100.0,0.7755005955696106,True,full,json,0.4627359592914581,0.2156591465673273,0.4580855816602707,0.5966932352277245,0.3127646362781525,-0.3127646362781525,-0.8189043514430523,-0.0559686944425379,74.0,35.0,0.5395442753401637,0.6529145264084099
TD3-BC,Go2JoystickFlatTerrain,go2-flat-forward,medium-expert,2,TD3-BC-Go2JoystickFlatTerrain-0a82b536,,humanoid_gym_relative,100.0,0.9632805615663528,True,full,json,0.7797211420536041,0.2644786756548661,0.8227989673614502,0.8094434510188081,0.1835594195127488,-0.1835594195127487,-0.8084309529513121,0.1607523444293798,55.00000000000001,9.0,0.7577239406349212,0.8658125936085643
AWAC,Go2JoystickFlatTerrain,go2-flat-forward,medium-replay,0,AWAC-Go2JoystickFlatTerrain-d8917fa8,,default,100.0,0.6558553484082222,True,full,json,0.6558553484082222,0.2826189386127406,0.6648014783859253,1.0,0.0,,,,,,,
BC,Go2JoystickFlatTerrain,go2-flat-forward,medium-replay,0,BC-Go2JoystickFlatTerrain-d597e54e,,default,100.0,0.5972728087007999,True,full,json,0.5972728087007999,0.3075643225163967,0.6585306823253632,1.0,0.0,,,,,,,
CQL,Go2JoystickFlatTerrain,go2-flat-forward,medium-replay,0,CQL-Go2JoystickFlatTerrain-d64a6eb8,,default,100.0,0.706326852440834,True,full,json,0.706326852440834,0.2498084526271431,0.8059564232826233,1.0,0.0,,,,,,,
IQL,Go2JoystickFlatTerrain,go2-flat-forward,medium-replay,0,IQL-Go2JoystickFlatTerrain-94ef5c4c,,default,100.0,0.668592824190855,True,full,json,0.668592824190855,0.276179775104672,0.6688847541809082,1.0,0.0,,,,,,,
TD3-BC,Go2JoystickFlatTerrain,go2-flat-forward,medium-replay,0,TD3-BC-Go2JoystickFlatTerrain-19bdb52d,,default,100.0,0.9628079321980476,True,full,json,0.9628079321980476,0.1450903291369865,0.9779998064041138,1.0,0.0,,,,,,,
DT,Go2JoystickFlatTerrain,go2-flat-forward,medium-replay,0,DT-Go2JoystickFlatTerrain-99223559,,default,100.0,0.5681754623726011,True,full,json,0.5681754623726011,0.3474740509501389,0.6550733149051666,1.0,0.0,,,,,,,
AWAC,Go2JoystickFlatTerrain,go2-flat-forward,medium-replay,0,AWAC-Go2JoystickFlatTerrain-d8917fa8,,humanoid_gym_relative,100.0,0.6558553484082222,True,full,json,0.3168492168188095,0.3404174602228594,0.3322325199842453,0.4831083829503116,0.3390061315894127,-0.3390061315894127,-1.1111491084098817,-0.6941984404132239,73.0,46.0,0.3695644894890545,0.583027222685804
BC,Go2JoystickFlatTerrain,go2-flat-forward,medium-replay,0,BC-Go2JoystickFlatTerrain-d597e54e,,humanoid_gym_relative,100.0,0.5972728087007999,True,full,json,0.2913165789097547,0.3377687626987699,0.3069987893104553,0.4877445861689779,0.3059562297910451,-0.3059562297910452,-1.051311084628105,-0.7601857464680815,70.0,48.0,0.3791732297611836,0.5900912036792216
CQL,Go2JoystickFlatTerrain,go2-flat-forward,medium-replay,0,CQL-Go2JoystickFlatTerrain-d64a6eb8,,humanoid_gym_relative,100.0,0.706326852440834,True,full,json,0.2469529341580346,0.4840444319680372,0.286666989326477,0.3496298254903466,0.4593739182827994,-0.4593739182827994,-1.281498135626316,-0.8143132052786589,70.0,52.0,0.2184155060342828,0.4932710967972635
IQL,Go2JoystickFlatTerrain,go2-flat-forward,medium-replay,0,IQL-Go2JoystickFlatTerrain-94ef5c4c,,humanoid_gym_relative,100.0,0.668592824190855,True,full,json,0.3371261504292488,0.3681884451413274,0.4064928591251373,0.5042323791572935,0.3314666737616061,-0.3314666737616062,-1.3030396193265914,-0.9489285140078452,69.0,43.0,0.3941503205927082,0.626984337135712
TD3-BC,Go2JoystickFlatTerrain,go2-flat-forward,medium-replay,0,TD3-BC-Go2JoystickFlatTerrain-19bdb52d,,humanoid_gym_relative,100.0,0.9628079321980476,True,full,json,0.7107712814211845,0.437988423505936,0.83655846118927,0.7382274882161859,0.2520366507768631,-0.2520366507768631,-1.4654139786958695,-0.5220210902816252,54.0,12.0,0.6464844116712737,0.8371378424293434
DT,Go2JoystickFlatTerrain,go2-flat-forward,medium-replay,0,DT-Go2JoystickFlatTerrain-99223559,,humanoid_gym_relative,100.0,0.5681754623726011,True,full,json,0.3794034526310861,0.4099405378746738,0.5284096896648407,0.6677575463163506,0.1887720097415149,-0.1887720097415149,-1.0582338139414786,-0.8625123470177326,53.0,21.0,0.5466587578890566,0.7911520110741113
BC,Go2JoystickFlatTerrain,go2-flat-forward,medium-replay,1,BC-Go2JoystickFlatTerrain-313380b4,,default,100.0,0.4916659814119339,True,full,json,0.4916659814119339,0.3666032861871513,0.6663281321525574,1.0,0.0,,,,,,,
AWAC,Go2JoystickFlatTerrain,go2-flat-forward,medium-replay,1,AWAC-Go2JoystickFlatTerrain-c32b7288,,default,100.0,0.7590901598334312,True,full,json,0.7590901598334312,0.3508478231204073,0.8531829714775085,1.0,0.0,,,,,,,
CQL,Go2JoystickFlatTerrain,go2-flat-forward,medium-replay,1,CQL-Go2JoystickFlatTerrain-e9bef12d,,default,100.0,0.7205916476249695,True,full,json,0.7205916476249695,0.2987923850762922,0.8088982403278351,1.0,0.0,,,,,,,
DT,Go2JoystickFlatTerrain,go2-flat-forward,medium-replay,1,DT-Go2JoystickFlatTerrain-7faabe11,,default,100.0,0.6619973838329315,True,full,json,0.6619973838329315,0.3334962150777127,0.7896545827388763,1.0,0.0,,,,,,,
IQL,Go2JoystickFlatTerrain,go2-flat-forward,medium-replay,1,IQL-Go2JoystickFlatTerrain-d152794e,,default,100.0,0.7241072316467762,True,full,json,0.7241072316467762,0.2913340890654792,0.6769353449344635,1.0,0.0,,,,,,,
TD3-BC,Go2JoystickFlatTerrain,go2-flat-forward,medium-replay,1,TD3-BC-Go2JoystickFlatTerrain-034369cb,,default,100.0,0.9937934523820876,True,full,json,0.9937934523820876,0.0049032211339801,0.9937518835067748,1.0,0.0,,,,,,,
BC,Go2JoystickFlatTerrain,go2-flat-forward,medium-replay,1,BC-Go2JoystickFlatTerrain-313380b4,,humanoid_gym_relative,100.0,0.4916659814119339,True,full,json,0.212691673412919,0.3337230328597377,0.2028540894389152,0.4325938369828336,0.2789743079990148,-0.2789743079990148,-1.2941776782274246,-1.632229454864643,68.0,47.0,0.2737316666775048,0.5766725742115462
AWAC,Go2JoystickFlatTerrain,go2-flat-forward,medium-replay,1,AWAC-Go2JoystickFlatTerrain-c32b7288,,humanoid_gym_relative,100.0,0.7590901598334312,True,full,json,0.3334581381082535,0.4378770671679207,0.4102902263402939,0.4392866035589566,0.4256320217251777,-0.4256320217251778,-1.3135102093219757,-0.7303744388021076,77.0,49.0,0.3205476833270729,0.552123260332356
CQL,Go2JoystickFlatTerrain,go2-flat-forward,medium-replay,1,CQL-Go2JoystickFlatTerrain-e9bef12d,,humanoid_gym_relative,100.0,0.7205916476249695,True,full,json,0.2349362951144576,0.5371495796578498,0.3505124747753143,0.3260324982794274,0.4856553525105119,-0.4856553525105119,-1.2988339260220527,-0.8024548720526222,63.0,47.0,0.1834088890939873,0.4671624326209631
DT,Go2JoystickFlatTerrain,go2-flat-forward,medium-replay,1,DT-Go2JoystickFlatTerrain-7faabe11,,humanoid_gym_relative,100.0,0.6619973838329315,True,full,json,0.4132499586045742,0.4194295382586369,0.5888853073120117,0.6242471174310051,0.2487474252283573,-0.2487474252283573,-1.2680592745542527,-0.9155049634973682,60.0,26.0,0.4907281477401174,0.7614329680430127
IQL,Go2JoystickFlatTerrain,go2-flat-forward,medium-replay,1,IQL-Go2JoystickFlatTerrain-d152794e,,humanoid_gym_relative,100.0,0.7241072316467762,True,full,json,0.1574747326411306,0.4717967490524212,0.1948189884424209,0.2174743266725829,0.5666324990056455,-0.5666324990056455,-1.3583148822188378,-0.8758476961067445,76.0,56.00000000000001,0.1025352796798697,0.3356976359678429
TD3-BC,Go2JoystickFlatTerrain,go2-flat-forward,medium-replay,1,TD3-BC-Go2JoystickFlatTerrain-034369cb,,humanoid_gym_relative,100.0,0.9937934523820876,True,full,json,0.80998759329319,0.2546746022116622,0.8197551369667053,0.8150462164463637,0.1838058590888976,-0.1838058590888977,-0.3376309096813202,0.6602604808151726,55.00000000000001,3.0,0.7681602142236832,0.8675285845320553
AWAC,Go2JoystickFlatTerrain,go2-flat-forward,medium-replay,2,AWAC-Go2JoystickFlatTerrain-bddc8ae9,,default,100.0,0.8088013032078742,True,full,json,0.8088013032078742,0.1777092137492739,0.8535569310188293,1.0,0.0,,,,,,,
BC,Go2JoystickFlatTerrain,go2-flat-forward,medium-replay,2,BC-Go2JoystickFlatTerrain-7d93f64c,,default,100.0,0.5210694368183613,True,full,json,0.5210694368183613,0.278995263356767,0.6627006232738495,1.0,0.0,,,,,,,
CQL,Go2JoystickFlatTerrain,go2-flat-forward,medium-replay,2,CQL-Go2JoystickFlatTerrain-631e4c74,,default,100.0,0.7923286983370781,True,full,json,0.7923286983370781,0.0801962297413417,0.8154897391796112,1.0,0.0,,,,,,,
DT,Go2JoystickFlatTerrain,go2-flat-forward,medium-replay,2,DT-Go2JoystickFlatTerrain-d621faf1,,default,100.0,0.6909087371826171,True,full,json,0.6909087371826171,0.0538691490304206,0.6652448773384094,1.0,0.0,,,,,,,
IQL,Go2JoystickFlatTerrain,go2-flat-forward,medium-replay,2,IQL-Go2JoystickFlatTerrain-f1461271,,default,100.0,0.6842685002088547,True,full,json,0.6842685002088547,0.3503838608839114,0.6724555194377899,1.0,0.0,,,,,,,
TD3-BC,Go2JoystickFlatTerrain,go2-flat-forward,medium-replay,2,TD3-BC-Go2JoystickFlatTerrain-d60fa6d5,,default,100.0,0.9568656608462334,True,full,json,0.9568656608462334,0.2076981912930419,0.9878403544425964,1.0,0.0,,,,,,,
AWAC,Go2JoystickFlatTerrain,go2-flat-forward,medium-replay,2,AWAC-Go2JoystickFlatTerrain-bddc8ae9,,humanoid_gym_relative,100.0,0.8088013032078742,True,full,json,0.3619690166972578,0.4344271591582881,0.4484860152006149,0.4475376279212377,0.4468322865106164,-0.4468322865106165,-1.3384866893291474,-0.6549017465976262,75.0,44.0,0.3493054707548083,0.550769311491033
BC,Go2JoystickFlatTerrain,go2-flat-forward,medium-replay,2,BC-Go2JoystickFlatTerrain-7d93f64c,,humanoid_gym_relative,100.0,0.5210694368183613,True,full,json,0.2231008281558752,0.3191584842077944,0.2074621468782425,0.428159497356291,0.2979686086624861,-0.2979686086624861,-1.1398719772696495,-1.1875625333730628,75.0,46.0,0.2902917987026285,0.5536335905153521
CQL,Go2JoystickFlatTerrain,go2-flat-forward,medium-replay,2,CQL-Go2JoystickFlatTerrain-631e4c74,,humanoid_gym_relative,100.0,0.7923286983370781,True,full,json,0.3284635212551802,0.4262024254849645,0.2959345728158951,0.4145546184866864,0.4638651770818978,-0.4638651770818978,-1.2943989977240562,-0.633664160392918,72.0,53.0,0.3111081541771315,0.5217416664691029
DT,Go2JoystickFlatTerrain,go2-flat-forward,medium-replay,2,DT-Go2JoystickFlatTerrain-d621faf1,,humanoid_gym_relative,100.0,0.6909087371826171,True,full,json,0.41319256240502,0.3832852012015165,0.550332248210907,0.5980421728200077,0.2777161747775971,-0.2777161747775972,-1.1512797519564628,-0.6663268098926399,60.0,24.0,0.4951238701810944,0.7091995316296318
IQL,Go2JoystickFlatTerrain,go2-flat-forward,medium-replay,2,IQL-Go2JoystickFlatTerrain-f1461271,,humanoid_gym_relative,100.0,0.6842685002088547,True,full,json,0.3277909104526043,0.3943408913995305,0.3782973289489746,0.4790384335280009,0.3564775897562504,-0.3564775897562504,-1.3188441067934036,-0.9273780780364166,68.0,47.0,0.3531009547666104,0.5927912975634464
TD3-BC,Go2JoystickFlatTerrain,go2-flat-forward,medium-replay,2,TD3-BC-Go2JoystickFlatTerrain-d60fa6d5,,humanoid_gym_relative,100.0,0.9568656608462334,True,full,json,0.7569738259911537,0.3575489406153249,0.8177247047424316,0.7910972845673037,0.1998918348550796,-0.1998918348550796,-1.4544446647167206,-0.5200092596388485,54.0,7.000000000000001,0.7255783032561116,0.8649074701618954
AWAC,Go2JoystickFlatTerrain,go2-joystick-direction,expert,0,AWAC-Go2JoystickFlatTerrain-f08ef75a,,default,100.0,0.9588104362040758,True,full,json,0.9588104362040758,0.2387562843321692,1.0041000247001648,1.0,0.0,,,,,,,
BC,Go2JoystickFlatTerrain,go2-joystick-direction,expert,0,BC-Go2JoystickFlatTerrain-9c6e818a,,default,100.0,0.9785005450248718,True,full,json,0.9785005450248718,0.1460209032304812,0.9995430111885072,1.0,0.0,,,,,,,
CQL,Go2JoystickFlatTerrain,go2-joystick-direction,expert,0,CQL-Go2JoystickFlatTerrain-f5638a4f,,default,100.0,-0.3161955008096992,False,full,json,-0.3161955008096992,0.2360580824071118,-0.4111041873693466,1.0,0.0,,,,,,,
IQL,Go2JoystickFlatTerrain,go2-joystick-direction,expert,0,IQL-Go2JoystickFlatTerrain-36dc2120,,default,100.0,0.9649311700463294,True,full,json,0.9649311700463294,0.2164618828004358,1.0049280524253843,1.0,0.0,,,,,,,
TD3-BC,Go2JoystickFlatTerrain,go2-joystick-direction,expert,0,TD3-BC-Go2JoystickFlatTerrain-005175dc,,default,100.0,0.7638318591844291,True,full,json,0.7638318591844291,0.3445774609590466,0.831495851278305,1.0,0.0,,,,,,,
DT,Go2JoystickFlatTerrain,go2-joystick-direction,expert,0,DT-Go2JoystickFlatTerrain-491c1130,,default,100.0,0.9776283167302608,True,full,json,0.9776283167302608,0.1906368449516606,1.0106695890426636,1.0,0.0,,,,,,,
AWAC,Go2JoystickFlatTerrain,go2-joystick-direction,expert,0,AWAC-Go2JoystickFlatTerrain-f08ef75a,,humanoid_gym_relative,100.0,0.9588104362040758,True,full,json,0.7219393645599484,0.4367501305632413,0.8836164772510529,0.7529531774999255,0.2368710716441273,-0.2368710716441273,-1.2974090427160263,-0.353144473325155,48.0,17.0,0.6689280612993562,0.8432835776436982
BC,Go2JoystickFlatTerrain,go2-joystick-direction,expert,0,BC-Go2JoystickFlatTerrain-9c6e818a,,humanoid_gym_relative,100.0,0.9785005450248718,True,full,json,0.700000153183937,0.4450201437934198,0.870069682598114,0.7153804428040909,0.2785003918409348,-0.2785003918409348,-1.329007375240326,-0.358208109333802,50.0,20.0,0.6419357482682391,0.8009445913614728
CQL,Go2JoystickFlatTerrain,go2-joystick-direction,expert,0,CQL-Go2JoystickFlatTerrain-f5638a4f,,humanoid_gym_relative,100.0,-0.3161955008096992,False,full,json,-0.3397134951874613,0.2241169670244809,-0.4436878263950348,1.074378017136671,0.023517994377762,-0.023517994377762,-0.1091869197785854,1.345314590179128,24.0,8.0,1.0069246974914523,1.121310713842712
IQL,Go2JoystickFlatTerrain,go2-joystick-direction,expert,0,IQL-Go2JoystickFlatTerrain-36dc2120,,humanoid_gym_relative,100.0,0.9649311700463294,True,full,json,0.6817240972816944,0.4772397176013438,0.8517743945121765,0.7065002338446198,0.2832070727646351,-0.2832070727646351,-1.307882097363472,-0.3554149124446631,48.0,20.0,0.6142250100113161,0.8050380089804351
TD3-BC,Go2JoystickFlatTerrain,go2-joystick-direction,expert,0,TD3-BC-Go2JoystickFlatTerrain-005175dc,,humanoid_gym_relative,100.0,0.7638318591844291,True,full,json,0.400438904762268,0.5650644469613498,0.6764059960842133,0.524250068843464,0.363392954422161,-0.3633929544221609,-1.2974268957972526,-0.6985765652437727,52.0,33.0,0.4086029345894217,0.6693980643386647
DT,Go2JoystickFlatTerrain,go2-joystick-direction,expert,0,DT-Go2JoystickFlatTerrain-491c1130,,humanoid_gym_relative,100.0,0.9776283167302608,True,full,json,0.7189542270521634,0.4603394051348039,0.8806395828723907,0.7354065085356272,0.2586740896780974,-0.2586740896780975,-1.379840449988842,-0.4114162063183734,46.0,17.0,0.6557048751362464,0.8252659256816137
BC,Go2JoystickFlatTerrain,go2-joystick-direction,expert,1,BC-Go2JoystickFlatTerrain-e9bb5f28,,default,100.0,0.988574383854866,True,full,json,0.988574383854866,0.1125260189447423,1.0056403875350952,1.0,0.0,,,,,,,
AWAC,Go2JoystickFlatTerrain,go2-joystick-direction,expert,1,AWAC-Go2JoystickFlatTerrain-830e2b80,,default,100.0,0.9935549634695052,True,full,json,0.9935549634695052,0.1083931657475871,1.0078508257865906,1.0,0.0,,,,,,,
CQL,Go2JoystickFlatTerrain,go2-joystick-direction,expert,1,CQL-Go2JoystickFlatTerrain-393f2d58,,default,100.0,-0.5022172033786774,False,full,json,-0.5022172033786774,0.0033649620318373,-0.5037301182746887,1.0,0.0,,,,,,,
DT,Go2JoystickFlatTerrain,go2-joystick-direction,expert,1,DT-Go2JoystickFlatTerrain-645bbd42,,default,100.0,0.9931439656019212,True,full,json,0.9931439656019212,0.1166408260455665,1.008752703666687,1.0,0.0,,,,,,,
IQL,Go2JoystickFlatTerrain,go2-joystick-direction,expert,1,IQL-Go2JoystickFlatTerrain-5724f71c,,default,100.0,0.9807950138673186,True,full,json,0.9807950138673186,0.1489184527262356,1.000613272190094,1.0,0.0,,,,,,,
TD3-BC,Go2JoystickFlatTerrain,go2-joystick-direction,expert,1,TD3-BC-Go2JoystickFlatTerrain-57ce21e1,,default,100.0,0.7962105735111982,True,full,json,0.7962105735111982,0.2812508918179683,0.8565502464771271,1.0,0.0,,,,,,,
BC,Go2JoystickFlatTerrain,go2-joystick-direction,expert,1,BC-Go2JoystickFlatTerrain-e9bb5f28,,humanoid_gym_relative,100.0,0.988574383854866,True,full,json,0.599343944825232,0.5292184053189893,0.8329401612281799,0.6062709641414525,0.389230439029634,-0.389230439029634,-1.4061422750353814,-0.4223940029198845,55.00000000000001,29.0,0.5058454075651488,0.7020948754258622
AWAC,Go2JoystickFlatTerrain,go2-joystick-direction,expert,1,AWAC-Go2JoystickFlatTerrain-830e2b80,,humanoid_gym_relative,100.0,0.9935549634695052,True,full,json,0.7712457676231861,0.3831140792674307,0.8787426054477692,0.7762487189737214,0.2223091958463192,-0.2223091958463192,-1.3132347643375395,-0.3217535140197064,47.0,11.0,0.7108878714349616,0.8457045508032205
CQL,Go2JoystickFlatTerrain,go2-joystick-direction,expert,1,CQL-Go2JoystickFlatTerrain-393f2d58,,humanoid_gym_relative,100.0,-0.5022172033786774,False,full,json,-0.5019828477501869,0.0037873062880796,-0.5036332309246063,0.9995333580233536,-0.0002343556284905,0.0002343556284904,-0.0027009829878807,1.0053781172164349,0.0,0.0,0.9986515304069552,1.0006283670906848
DT,Go2JoystickFlatTerrain,go2-joystick-direction,expert,1,DT-Go2JoystickFlatTerrain-645bbd42,,humanoid_gym_relative,100.0,0.9931439656019212,True,full,json,0.7623207799717784,0.4024661767551898,0.8824990093708038,0.7675833578767745,0.2308231856301427,-0.2308231856301427,-1.1836503595113754,-0.191821528909953,49.0,13.0,0.698873912688996,0.8373235560406751
IQL,Go2JoystickFlatTerrain,go2-joystick-direction,expert,1,IQL-Go2JoystickFlatTerrain-5724f71c,,humanoid_gym_relative,100.0,0.9807950138673186,True,full,json,0.6560347865521908,0.5098697426208384,0.8650684952735901,0.6688806297713692,0.3247602273151277,-0.3247602273151278,-1.4268266916275023,-0.4547654417628624,51.0,24.0,0.5750712521880283,0.7752469772388726
TD3-BC,Go2JoystickFlatTerrain,go2-joystick-direction,expert,1,TD3-BC-Go2JoystickFlatTerrain-57ce21e1,,humanoid_gym_relative,100.0,0.7962105735111982,True,full,json,0.4996439888700842,0.4929359051304808,0.6983593702316284,0.6275274475026261,0.2965665846411139,-0.2965665846411138,-1.3054663389921188,-0.6395993502512289,59.0,27.0,0.5286762896090766,0.7333143847657415
AWAC,Go2JoystickFlatTerrain,go2-joystick-direction,expert,2,AWAC-Go2JoystickFlatTerrain-b443beb2,,default,100.0,0.981523510813713,True,full,json,0.981523510813713,0.1745841284318447,1.002406120300293,1.0,0.0,,,,,,,
BC,Go2JoystickFlatTerrain,go2-joystick-direction,expert,2,BC-Go2JoystickFlatTerrain-0c0d90ef,,default,100.0,0.9880350375175476,True,full,json,0.9880350375175476,0.113746631734381,0.9989911019802094,1.0,0.0,,,,,,,
CQL,Go2JoystickFlatTerrain,go2-joystick-direction,expert,2,CQL-Go2JoystickFlatTerrain-90dbb3f1,,default,100.0,-0.4972019603848457,False,full,json,-0.4972019603848457,0.0133213702335374,-0.5017676651477814,1.0,0.0,,,,,,,
DT,Go2JoystickFlatTerrain,go2-joystick-direction,expert,2,DT-Go2JoystickFlatTerrain-278d8f0e,,default,100.0,0.997561229467392,True,full,json,0.997561229467392,0.1060779604481641,1.0098626613616943,1.0,0.0,,,,,,,
IQL,Go2JoystickFlatTerrain,go2-joystick-direction,expert,2,IQL-Go2JoystickFlatTerrain-e3f48b0e,,default,100.0,0.954674142599106,True,full,json,0.954674142599106,0.2549753655751328,1.00405091047287,1.0,0.0,,,,,,,
TD3-BC,Go2JoystickFlatTerrain,go2-joystick-direction,expert,2,TD3-BC-Go2JoystickFlatTerrain-79a3913a,,default,100.0,0.7594000710546971,True,full,json,0.7594000710546971,0.370655157321099,0.8625332117080688,1.0,0.0,,,,,,,
AWAC,Go2JoystickFlatTerrain,go2-joystick-direction,expert,2,AWAC-Go2JoystickFlatTerrain-b443beb2,,humanoid_gym_relative,100.0,0.981523510813713,True,full,json,0.7041189856827259,0.4591461062992334,0.8788169920444489,0.7173735299514015,0.2774045251309871,-0.2774045251309872,-1.3934623032808304,-0.4196932502672376,47.0,19.0,0.6288386478261175,0.812560849893458
BC,Go2JoystickFlatTerrain,go2-joystick-direction,expert,2,BC-Go2JoystickFlatTerrain-0c0d90ef,,humanoid_gym_relative,100.0,0.9880350375175476,True,full,json,0.6206627993658185,0.53479914096987,0.853435754776001,0.6281789367766175,0.3673722381517291,-0.3673722381517291,-1.419580690562725,-0.4367716089597816,50.0,25.0,0.5320700679427224,0.726979409148951
CQL,Go2JoystickFlatTerrain,go2-joystick-direction,expert,2,CQL-Go2JoystickFlatTerrain-90dbb3f1,,humanoid_gym_relative,100.0,-0.4972019603848457,False,full,json,-0.4934483081102371,0.0299696297113904,-0.5010108053684235,0.9924504475571592,-0.0037536522746086,0.0037536522746086,-0.0054857045412063,1.0110331514722113,0.0,0.0,0.9834145539247956,1.0045359111346142
DT,Go2JoystickFlatTerrain,go2-joystick-direction,expert,2,DT-Go2JoystickFlatTerrain-278d8f0e,,humanoid_gym_relative,100.0,0.997561229467392,True,full,json,0.7435675235837698,0.4308938530952793,0.8830083012580872,0.7453853474044575,0.2539937058836222,-0.2539937058836222,-1.2994234159588811,-0.3026001588420358,49.0,16.0,0.6692365185944954,0.8192732067096914
IQL,Go2JoystickFlatTerrain,go2-joystick-direction,expert,2,IQL-Go2JoystickFlatTerrain-e3f48b0e,,humanoid_gym_relative,100.0,0.954674142599106,True,full,json,0.7279127621650696,0.4228057787291239,0.8689585626125336,0.7624724811162508,0.2267613804340362,-0.2267613804340362,-1.1453779563307762,-0.1997580171308275,51.0,17.0,0.6782383255374725,0.8482242697200847
TD3-BC,Go2JoystickFlatTerrain,go2-joystick-direction,expert,2,TD3-BC-Go2JoystickFlatTerrain-79a3913a,,humanoid_gym_relative,100.0,0.7594000710546971,True,full,json,0.4182883358839899,0.5558699597208167,0.6526506841182709,0.5508141911325447,0.3411117351707071,-0.3411117351707071,-1.333025886118412,-0.7553670811052619,50.0,32.0,0.4232634576565598,0.6828906555412416
AWAC,Go2JoystickFlatTerrain,go2-joystick-direction,medium,0,AWAC-Go2JoystickFlatTerrain-050efdf6,,default,100.0,0.4760370681621134,True,full,json,0.4760370681621134,0.2564279180444161,0.4687270522117615,1.0,0.0,,,,,,,
BC,Go2JoystickFlatTerrain,go2-joystick-direction,medium,0,BC-Go2JoystickFlatTerrain-f5f73542,,default,100.0,0.4643269727932056,True,full,json,0.4643269727932056,0.2637908337571326,0.4609656929969787,1.0,0.0,,,,,,,
CQL,Go2JoystickFlatTerrain,go2-joystick-direction,medium,0,CQL-Go2JoystickFlatTerrain-2f760f70,,default,100.0,-0.1314212849800242,False,full,json,-0.1314212849800242,0.3655479059056267,-0.2290370687842369,1.0,0.0,,,,,,,
IQL,Go2JoystickFlatTerrain,go2-joystick-direction,medium,0,IQL-Go2JoystickFlatTerrain-d5b27f97,,default,100.0,0.46526700287126,True,full,json,0.46526700287126,0.2615096749818994,0.4567422568798065,1.0,0.0,,,,,,,
TD3-BC,Go2JoystickFlatTerrain,go2-joystick-direction,medium,0,TD3-BC-Go2JoystickFlatTerrain-97cf9be8,,default,100.0,0.2599149275408126,True,full,json,0.2599149275408126,0.3374173924298213,0.2743795961141586,1.0,0.0,,,,,,,
DT,Go2JoystickFlatTerrain,go2-joystick-direction,medium,0,DT-Go2JoystickFlatTerrain-3004cb43,,default,100.0,0.491506797937327,True,full,json,0.491506797937327,0.251331612275563,0.4887507408857345,1.0,0.0,,,,,,,
AWAC,Go2JoystickFlatTerrain,go2-joystick-direction,medium,0,AWAC-Go2JoystickFlatTerrain-050efdf6,,humanoid_gym_relative,100.0,0.4760370681621134,True,full,json,0.390494642436679,0.2694435317326651,0.3804457634687423,0.8203030153603433,0.0855424257254344,-0.0855424257254344,-0.2548564441502094,0.4646289938425161,54.0,11.0,0.7742581097415332,0.8737512375967809
BC,Go2JoystickFlatTerrain,go2-joystick-direction,medium,0,BC-Go2JoystickFlatTerrain-f5f73542,,humanoid_gym_relative,100.0,0.4643269727932056,True,full,json,0.3773340056277811,0.2832177818816813,0.3527486324310303,0.8126471812694629,0.0869929671654244,-0.0869929671654244,-0.3767577230930328,0.1885939323606189,46.0,10.0,0.7528038790959388,0.8910145176683282
CQL,Go2JoystickFlatTerrain,go2-joystick-direction,medium,0,CQL-Go2JoystickFlatTerrain-2f760f70,,humanoid_gym_relative,100.0,-0.1314212849800242,False,full,json,-0.1464698696730192,0.3609215720829158,-0.2594308108091354,1.114506449204803,0.015048584692995,-0.015048584692995,-0.212254499644041,2.6150694286416645,34.0,13.0,0.7106723004401505,1.342401987881787
IQL,Go2JoystickFlatTerrain,go2-joystick-direction,medium,0,IQL-Go2JoystickFlatTerrain-d5b27f97,,humanoid_gym_relative,100.0,0.46526700287126,True,full,json,0.3959725719969719,0.2648491675911454,0.3715084046125412,0.8510652368496848,0.0692944308742881,-0.069294430874288,-0.2484785243868827,0.4659442366351582,45.0,8.0,0.8002281661276444,0.91078328623782
TD3-BC,Go2JoystickFlatTerrain,go2-joystick-direction,medium,0,TD3-BC-Go2JoystickFlatTerrain-97cf9be8,,humanoid_gym_relative,100.0,0.2599149275408126,True,full,json,0.1591289972979575,0.3496695509097121,0.1840258091688156,0.6122349293422965,0.100785930242855,-0.1007859302428551,-0.7406770244240761,-1.849690209915984,55.00000000000001,27.0,0.3927948383518177,0.8326426902198281
DT,Go2JoystickFlatTerrain,go2-joystick-direction,medium,0,DT-Go2JoystickFlatTerrain-3004cb43,,humanoid_gym_relative,100.0,0.491506797937327,True,full,json,0.4117676929570734,0.2501683271129724,0.392934113740921,0.8377660180593854,0.0797391049802536,-0.0797391049802536,-0.2416899353265762,0.5082673600022221,54.0,7.000000000000001,0.803919071762552,0.8760705833537075
BC,Go2JoystickFlatTerrain,go2-joystick-direction,medium,1,BC-Go2JoystickFlatTerrain-12e7d9a6,,default,100.0,0.4748831920020165,True,full,json,0.4748831920020165,0.2609271733865004,0.4595300555229187,1.0,0.0,,,,,,,
AWAC,Go2JoystickFlatTerrain,go2-joystick-direction,medium,1,AWAC-Go2JoystickFlatTerrain-bedf8f1f,,default,100.0,0.4755500245280564,True,full,json,0.4755500245280564,0.2614520233102319,0.4755073487758636,1.0,0.0,,,,,,,
CQL,Go2JoystickFlatTerrain,go2-joystick-direction,medium,1,CQL-Go2JoystickFlatTerrain-dcd621e8,,default,100.0,-0.2765030157193541,False,full,json,-0.2765030157193541,0.3015501953153296,-0.4119547456502914,1.0,0.0,,,,,,,
DT,Go2JoystickFlatTerrain,go2-joystick-direction,medium,1,DT-Go2JoystickFlatTerrain-2b9595ac,,default,100.0,0.4870109532959759,True,full,json,0.4870109532959759,0.2544695620896373,0.482060968875885,1.0,0.0,,,,,,,
IQL,Go2JoystickFlatTerrain,go2-joystick-direction,medium,1,IQL-Go2JoystickFlatTerrain-79fe8a94,,default,100.0,0.4690007454250008,True,full,json,0.4690007454250008,0.2570139926949031,0.4550851881504059,1.0,0.0,,,,,,,
TD3-BC,Go2JoystickFlatTerrain,go2-joystick-direction,medium,1,TD3-BC-Go2JoystickFlatTerrain-13e7dff6,,default,100.0,0.4498995937546715,True,full,json,0.4498995937546715,0.2650425666028101,0.4497794210910797,1.0,0.0,,,,,,,
BC,Go2JoystickFlatTerrain,go2-joystick-direction,medium,1,BC-Go2JoystickFlatTerrain-12e7d9a6,,humanoid_gym_relative,100.0,0.4748831920020165,True,full,json,0.395579746440053,0.2666335795773557,0.3687535971403122,0.8330043115915823,0.0793034455619635,-0.0793034455619636,-0.303043993934989,0.3618557172819413,53.0,9.0,0.7883648335245445,0.8867837131332059
AWAC,Go2JoystickFlatTerrain,go2-joystick-direction,medium,1,AWAC-Go2JoystickFlatTerrain-bedf8f1f,,humanoid_gym_relative,100.0,0.4755500245280564,True,full,json,0.4037531183939427,0.2539937542024994,0.3710524290800094,0.8490234414237154,0.0717969061341136,-0.0717969061341136,-0.2333672612905502,0.509268743026251,54.0,7.000000000000001,0.8166472939016842,0.8840849028273473
CQL,Go2JoystickFlatTerrain,go2-joystick-direction,medium,1,CQL-Go2JoystickFlatTerrain-dcd621e8,,humanoid_gym_relative,100.0,-0.2765030157193541,False,full,json,-0.3132405929081142,0.2851050655587147,-0.4291213601827621,1.1328650144852237,0.03673757718876,-0.03673757718876,-0.290245995670557,2.049702821198709,31.0,17.0,1.005350655817017,1.2223623419281366
DT,Go2JoystickFlatTerrain,go2-joystick-direction,medium,1,DT-Go2JoystickFlatTerrain-2b9595ac,,humanoid_gym_relative,100.0,0.4870109532959759,True,full,json,0.4103547125170007,0.2524239603740672,0.3960459381341934,0.8425985283078671,0.0766562407789752,-0.0766562407789751,-0.2506914280354976,0.4852447848680263,52.0,8.0,0.8084838596801887,0.8856851846184624
IQL,Go2JoystickFlatTerrain,go2-joystick-direction,medium,1,IQL-Go2JoystickFlatTerrain-79fe8a94,,humanoid_gym_relative,100.0,0.4690007454250008,True,full,json,0.3916691002994776,0.2780124791169431,0.3756266385316849,0.835114025127089,0.0773316451255232,-0.0773316451255232,-0.2775792464613914,0.4081475367169115,44.0,8.0,0.780235166141787,0.9074800990929588
TD3-BC,Go2JoystickFlatTerrain,go2-joystick-direction,medium,1,TD3-BC-Go2JoystickFlatTerrain-13e7dff6,,humanoid_gym_relative,100.0,0.4498995937546715,True,full,json,0.353679869454354,0.2939112529888545,0.3551177084445953,0.7861306708518929,0.0962197243003175,-0.0962197243003174,-0.3291147291660308,0.2684707127219683,54.0,9.0,0.7130142364845833,0.8750794025129414
AWAC,Go2JoystickFlatTerrain,go2-joystick-direction,medium,2,AWAC-Go2JoystickFlatTerrain-aea4acbb,,default,100.0,0.472751920921728,True,full,json,0.472751920921728,0.2614761953035221,0.4578385353088379,1.0,0.0,,,,,,,
BC,Go2JoystickFlatTerrain,go2-joystick-direction,medium,2,BC-Go2JoystickFlatTerrain-eee48d71,,default,100.0,0.4602860842319205,True,full,json,0.4602860842319205,0.2736853432596359,0.4791443645954132,1.0,0.0,,,,,,,
CQL,Go2JoystickFlatTerrain,go2-joystick-direction,medium,2,CQL-Go2JoystickFlatTerrain-4e8171bd,,default,100.0,-0.2651195919886231,False,full,json,-0.2651195919886231,0.2976621741847479,-0.4081446081399917,1.0,0.0,,,,,,,
DT,Go2JoystickFlatTerrain,go2-joystick-direction,medium,2,DT-Go2JoystickFlatTerrain-969fd017,,default,100.0,0.4906770577188581,True,full,json,0.4906770577188581,0.2530140606243996,0.4880841076374054,1.0,0.0,,,,,,,
IQL,Go2JoystickFlatTerrain,go2-joystick-direction,medium,2,IQL-Go2JoystickFlatTerrain-fd6b894a,,default,100.0,0.464710986027494,True,full,json,0.464710986027494,0.2644718912422182,0.4665831476449966,1.0,0.0,,,,,,,
TD3-BC,Go2JoystickFlatTerrain,go2-joystick-direction,medium,2,TD3-BC-Go2JoystickFlatTerrain-9fb3a12c,,default,100.0,0.4290510631218785,True,full,json,0.4290510631218785,0.2673085084908276,0.4232159703969955,1.0,0.0,,,,,,,
AWAC,Go2JoystickFlatTerrain,go2-joystick-direction,medium,2,AWAC-Go2JoystickFlatTerrain-aea4acbb,,humanoid_gym_relative,100.0,0.472751920921728,True,full,json,0.3914340195781551,0.2627396244001147,0.3538890182971954,0.8279903311973292,0.0813179013435728,-0.0813179013435728,-0.2716638449579477,0.4253564439711156,56.00000000000001,12.0,0.780714013720351,0.8789562113101375
BC,Go2JoystickFlatTerrain,go2-joystick-direction,medium,2,BC-Go2JoystickFlatTerrain-eee48d71,,humanoid_gym_relative,100.0,0.4602860842319205,True,full,json,0.4025638086278922,0.2589908729315602,0.3873644322156906,0.874594784458128,0.0577222756040282,-0.0577222756040282,-0.2449248165939934,0.4678856802662206,45.0,7.000000000000001,0.8238347074471325,0.9238917725035004
CQL,Go2JoystickFlatTerrain,go2-joystick-direction,medium,2,CQL-Go2JoystickFlatTerrain-4e8171bd,,humanoid_gym_relative,100.0,-0.2651195919886231,False,full,json,-0.2899923885427415,0.2816826183852534,-0.4497354030609131,1.0938172707929703,0.0248727965541184,-0.0248727965541183,-0.2828735336661339,2.0669657853059484,28.000000000000004,12.0,0.8915330694907562,1.2490478633745354
DT,Go2JoystickFlatTerrain,go2-joystick-direction,medium,2,DT-Go2JoystickFlatTerrain-969fd017,,humanoid_gym_relative,100.0,0.4906770577188581,True,full,json,0.4102479542791843,0.2541560028057635,0.3985897600650787,0.8360854615587978,0.0804291034396737,-0.0804291034396737,-0.2513818815350532,0.4876836453211822,53.0,9.0,0.796405681083695,0.8795683553891308
IQL,Go2JoystickFlatTerrain,go2-joystick-direction,medium,2,IQL-Go2JoystickFlatTerrain-fd6b894a,,humanoid_gym_relative,100.0,0.464710986027494,True,full,json,0.4008447131235153,0.2562698835561982,0.3659476786851883,0.8625677575433944,0.0638662729039787,-0.0638662729039788,-0.2478212460875511,0.4667196310420579,48.0,9.0,0.8283043874860946,0.9035208229785536
TD3-BC,Go2JoystickFlatTerrain,go2-joystick-direction,medium,2,TD3-BC-Go2JoystickFlatTerrain-9fb3a12c,,humanoid_gym_relative,100.0,0.4290510631218785,True,full,json,0.3607090537180192,0.2878756879805648,0.3424852788448334,0.8407135763594515,0.0683420094038592,-0.0683420094038592,-0.407352089555934,0.0505743381872953,48.0,14.000000000000002,0.7553842558430022,0.9211966218301818
AWAC,Go2JoystickFlatTerrain,go2-joystick-direction,medium-expert,0,AWAC-Go2JoystickFlatTerrain-dfba3409,,default,100.0,0.687548774474999,True,full,json,0.687548774474999,0.3584933233145231,0.7585665881633759,1.0,0.0,,,,,,,
BC,Go2JoystickFlatTerrain,go2-joystick-direction,medium-expert,0,BC-Go2JoystickFlatTerrain-7f20c852,,default,100.0,0.5850624028220772,True,full,json,0.5850624028220772,0.3296970296903238,0.5322157442569733,1.0,0.0,,,,,,,
CQL,Go2JoystickFlatTerrain,go2-joystick-direction,medium-expert,0,CQL-Go2JoystickFlatTerrain-c1dea74d,,default,100.0,0.0408841843996196,False,full,json,0.0408841843996196,0.418125671142707,0.0349480500444769,1.0,0.0,,,,,,,
IQL,Go2JoystickFlatTerrain,go2-joystick-direction,medium-expert,0,IQL-Go2JoystickFlatTerrain-6920e9b5,,default,100.0,0.5480333259981126,True,full,json,0.5480333259981126,0.3440237616807971,0.5132760107517242,1.0,0.0,,,,,,,
TD3-BC,Go2JoystickFlatTerrain,go2-joystick-direction,medium-expert,0,TD3-BC-Go2JoystickFlatTerrain-d87bec62,,default,100.0,0.3519449412263929,True,full,json,0.3519449412263929,0.5402655655450528,0.5012191236019135,1.0,0.0,,,,,,,
DT,Go2JoystickFlatTerrain,go2-joystick-direction,medium-expert,0,DT-Go2JoystickFlatTerrain-0eb9a08d,,default,100.0,0.7250430010631681,True,full,json,0.7250430010631681,0.3537820224953935,0.8384056687355042,1.0,0.0,,,,,,,
AWAC,Go2JoystickFlatTerrain,go2-joystick-direction,medium-expert,0,AWAC-Go2JoystickFlatTerrain-dfba3409,,humanoid_gym_relative,100.0,0.687548774474999,True,full,json,0.426030818070285,0.3736510968966715,0.3486229330301285,0.6196372299486611,0.2615179564047139,-0.2615179564047139,-0.8427718423306942,-0.2257629911044799,70.0,30.0,0.5308701278622872,0.7155204211301215
BC,Go2JoystickFlatTerrain,go2-joystick-direction,medium-expert,0,BC-Go2JoystickFlatTerrain-7f20c852,,humanoid_gym_relative,100.0,0.5850624028220772,True,full,json,0.4244498191215098,0.3166797708713861,0.370591938495636,0.7254778585568912,0.1606125837005674,-0.1606125837005675,-0.6338701575994492,-0.083423160575599,63.0,16.0,0.6536655301976567,0.7996710276951722
CQL,Go2JoystickFlatTerrain,go2-joystick-direction,medium-expert,0,CQL-Go2JoystickFlatTerrain-c1dea74d,,humanoid_gym_relative,100.0,0.0408841843996196,False,full,json,-0.0039080028329044,0.3992168467389353,-0.0049566156230866,-0.0955871540619704,0.0447921872325241,-0.0447921872325241,-0.5932137072086334,-13.509613336303987,39.0,18.0,-9.852146626351471,5.006164968373171
IQL,Go2JoystickFlatTerrain,go2-joystick-direction,medium-expert,0,IQL-Go2JoystickFlatTerrain-6920e9b5,,humanoid_gym_relative,100.0,0.5480333259981126,True,full,json,0.4281426313985139,0.2939409023540821,0.3848384022712707,0.7812346641853464,0.1198906945995986,-0.1198906945995986,-0.5336171738803387,0.0263052472064875,55.00000000000001,16.0,0.7178679907334088,0.8468092190350407
TD3-BC,Go2JoystickFlatTerrain,go2-joystick-direction,medium-expert,0,TD3-BC-Go2JoystickFlatTerrain-d87bec62,,humanoid_gym_relative,100.0,0.3519449412263929,True,full,json,0.0458552703694294,0.5410015901880866,-0.2062208503484726,0.1302910341874541,0.3060896708569635,-0.3060896708569635,-1.245826880633831,-2.53983460109585,59.0,42.0,-0.1306891378269512,0.4616997391005536
DT,Go2JoystickFlatTerrain,go2-joystick-direction,medium-expert,0,DT-Go2JoystickFlatTerrain-0eb9a08d,,humanoid_gym_relative,100.0,0.7250430010631681,True,full,json,0.5148850784357637,0.3408665986065489,0.4424490183591842,0.7101441951453377,0.2101579226274044,-0.2101579226274043,-0.7285732761025429,-0.0048690560893603,60.0,27.0,0.6391653458303981,0.783214594683896
BC,Go2JoystickFlatTerrain,go2-joystick-direction,medium-expert,1,BC-Go2JoystickFlatTerrain-f8d5f8d2,,default,100.0,0.5736016256548464,True,full,json,0.5736016256548464,0.3364857039984328,0.5715497434139252,1.0,0.0,,,,,,,
AWAC,Go2JoystickFlatTerrain,go2-joystick-direction,medium-expert,1,AWAC-Go2JoystickFlatTerrain-a0bb60a4,,default,100.0,0.708697825949639,True,full,json,0.708697825949639,0.3393323307289886,0.8123383820056915,1.0,0.0,,,,,,,
CQL,Go2JoystickFlatTerrain,go2-joystick-direction,medium-expert,1,CQL-Go2JoystickFlatTerrain-9b7536ef,,default,100.0,-0.4964970391988754,False,full,json,-0.4964970391988754,0.0106454673309346,-0.4996742308139801,1.0,0.0,,,,,,,
DT,Go2JoystickFlatTerrain,go2-joystick-direction,medium-expert,1,DT-Go2JoystickFlatTerrain-fb52bee0,,default,100.0,0.7834625291731209,True,full,json,0.7834625291731209,0.3344898871177881,0.9224893748760224,1.0,0.0,,,,,,,
IQL,Go2JoystickFlatTerrain,go2-joystick-direction,medium-expert,1,IQL-Go2JoystickFlatTerrain-1ff29ba2,,default,100.0,0.6102210797980661,True,full,json,0.6102210797980661,0.3391834019000893,0.6393164396286011,1.0,0.0,,,,,,,
TD3-BC,Go2JoystickFlatTerrain,go2-joystick-direction,medium-expert,1,TD3-BC-Go2JoystickFlatTerrain-f33a4081,,default,100.0,0.1434210575278848,True,full,json,0.1434210575278848,0.5506168233237235,-0.0097633264958858,1.0,0.0,,,,,,,
BC,Go2JoystickFlatTerrain,go2-joystick-direction,medium-expert,1,BC-Go2JoystickFlatTerrain-f8d5f8d2,,humanoid_gym_relative,100.0,0.5736016256548464,True,full,json,0.4278518237546086,0.3109284781074031,0.3729374408721924,0.7459041338422916,0.1457498019002377,-0.1457498019002377,-0.6085076630115509,-0.0608541464938394,59.0,18.0,0.6647517123607989,0.8318300689062981
AWAC,Go2JoystickFlatTerrain,go2-joystick-direction,medium-expert,1,AWAC-Go2JoystickFlatTerrain-a0bb60a4,,humanoid_gym_relative,100.0,0.708697825949639,True,full,json,0.4306370895821601,0.3182774240707194,0.3840062767267227,0.6076455631920645,0.2780607363674789,-0.2780607363674789,-0.8291123822331429,-0.1699095889311513,69.0,35.0,0.5368574453710354,0.6893176375819162
CQL,Go2JoystickFlatTerrain,go2-joystick-direction,medium-expert,1,CQL-Go2JoystickFlatTerrain-9b7536ef,,humanoid_gym_relative,100.0,-0.4964970391988754,False,full,json,-0.4969892743229866,0.0085894610158226,-0.5000957548618317,1.0009914160312123,0.0004922351241111,-0.0004922351241111,-0.0046991467475891,1.0094646017530566,0.0,0.0,0.9994583135936312,1.0022273314206784
DT,Go2JoystickFlatTerrain,go2-joystick-direction,medium-expert,1,DT-Go2JoystickFlatTerrain-fb52bee0,,humanoid_gym_relative,100.0,0.7834625291731209,True,full,json,0.5267720872559585,0.4401909037931025,0.515733152627945,0.672364111416946,0.2566904419171624,-0.2566904419171624,-1.3026698499917984,-0.6627085552727804,51.0,27.0,0.5849783022117143,0.7800905011636665
IQL,Go2JoystickFlatTerrain,go2-joystick-direction,medium-expert,1,IQL-Go2JoystickFlatTerrain-1ff29ba2,,humanoid_gym_relative,100.0,0.6102210797980661,True,full,json,0.4310456271190196,0.330996123332334,0.3793610036373138,0.7063761665881174,0.1791754526790464,-0.1791754526790464,-0.7716295264661311,-0.2645081463286687,64.0,21.0,0.6272108342175324,0.7925075086715049
TD3-BC,Go2JoystickFlatTerrain,go2-joystick-direction,medium-expert,1,TD3-BC-Go2JoystickFlatTerrain-f33a4081,,humanoid_gym_relative,100.0,0.1434210575278848,True,full,json,-0.0677177528105676,0.5202162689631176,-0.3817226141691208,-0.4721604621929489,0.2111388103384524,-0.2111388103384524,-1.0870246067643166,-6.579253880156129,57.99999999999999,35.0,-1.089103003645871,2.355506148842168
AWAC,Go2JoystickFlatTerrain,go2-joystick-direction,medium-expert,2,AWAC-Go2JoystickFlatTerrain-a0e4eb6c,,default,100.0,0.6446866075322032,True,full,json,0.6446866075322032,0.349257320165563,0.6301467716693878,1.0,0.0,,,,,,,
BC,Go2JoystickFlatTerrain,go2-joystick-direction,medium-expert,2,BC-Go2JoystickFlatTerrain-6c0f673d,,default,100.0,0.5642093107476831,True,full,json,0.5642093107476831,0.346498824376241,0.5442348718643188,1.0,0.0,,,,,,,
CQL,Go2JoystickFlatTerrain,go2-joystick-direction,medium-expert,2,CQL-Go2JoystickFlatTerrain-a9832866,,default,100.0,-0.4641207419708371,False,full,json,-0.4641207419708371,0.1443048249776015,-0.5028945505619049,1.0,0.0,,,,,,,
DT,Go2JoystickFlatTerrain,go2-joystick-direction,medium-expert,2,DT-Go2JoystickFlatTerrain-2f97b056,,default,100.0,0.8302628846978769,True,full,json,0.8302628846978769,0.30303155099775,0.9329879283905028,1.0,0.0,,,,,,,
IQL,Go2JoystickFlatTerrain,go2-joystick-direction,medium-expert,2,IQL-Go2JoystickFlatTerrain-91eecfcc,,default,100.0,0.5411054221983068,True,full,json,0.5411054221983068,0.3261849850639541,0.51767498254776,1.0,0.0,,,,,,,
TD3-BC,Go2JoystickFlatTerrain,go2-joystick-direction,medium-expert,2,TD3-BC-Go2JoystickFlatTerrain-0b781bf1,,default,100.0,0.224123304116074,True,full,json,0.224123304116074,0.5479126090147458,0.2475960403680801,1.0,0.0,,,,,,,
AWAC,Go2JoystickFlatTerrain,go2-joystick-direction,medium-expert,2,AWAC-Go2JoystickFlatTerrain-a0e4eb6c,,humanoid_gym_relative,100.0,0.6446866075322032,True,full,json,0.4442822515312582,0.3084631123044913,0.3865786045789718,0.6891445337013078,0.2004043560009449,-0.2004043560009449,-0.7958435386419296,-0.2344657533500505,65.0,24.0,0.6173581510158803,0.755132997046957
BC,Go2JoystickFlatTerrain,go2-joystick-direction,medium-expert,2,BC-Go2JoystickFlatTerrain-6c0f673d,,humanoid_gym_relative,100.0,0.5642093107476831,True,full,json,0.4274526374525157,0.3123610930612207,0.3895041644573211,0.7576135829556958,0.1367566732951673,-0.1367566732951672,-0.6095908507704735,-0.0804338729586921,56.99999999999999,14.000000000000002,0.6829636480613035,0.8365076055388835
CQL,Go2JoystickFlatTerrain,go2-joystick-direction,medium-expert,2,CQL-Go2JoystickFlatTerrain-a9832866,,humanoid_gym_relative,100.0,-0.4641207419708371,False,full,json,-0.4595153091847896,0.1431499510970672,-0.5027788281440735,0.990077080445724,-0.0046054327860474,0.0046054327860474,-0.0210873581469058,1.0454350694549026,5.0,2.0,0.9706357049160949,1.0164057431926898
DT,Go2JoystickFlatTerrain,go2-joystick-direction,medium-expert,2,DT-Go2JoystickFlatTerrain-2f97b056,,humanoid_gym_relative,100.0,0.8302628846978769,True,full,json,0.5932394284382463,0.390890474877659,0.6830947697162628,0.7145199904414844,0.2370234562596306,-0.2370234562596306,-0.8424194071441888,-0.0146417751176912,54.0,26.0,0.6363519445105803,0.7874053050550746
IQL,Go2JoystickFlatTerrain,go2-joystick-direction,medium-expert,2,IQL-Go2JoystickFlatTerrain-91eecfcc,,humanoid_gym_relative,100.0,0.5411054221983068,True,full,json,0.4174158500973135,0.3307288077158439,0.3716377168893814,0.7714131719499514,0.1236895721009933,-0.1236895721009932,-0.628589528799057,-0.1616766400996969,50.0,15.0,0.6959931321638554,0.8505787002493266
TD3-BC,Go2JoystickFlatTerrain,go2-joystick-direction,medium-expert,2,TD3-BC-Go2JoystickFlatTerrain-0b781bf1,,humanoid_gym_relative,100.0,0.224123304116074,True,full,json,-0.0276832002401351,0.5198544086188314,-0.2872931063175201,-0.1235177231984675,0.2518065043562092,-0.2518065043562092,-1.206092058122158,-4.381377286395529,55.00000000000001,35.0,-0.5190919231591132,0.8084726286763404
AWAC,Go2JoystickFlatTerrain,go2-joystick-direction,medium-replay,0,AWAC-Go2JoystickFlatTerrain-260a2b8e,,default,100.0,0.375180728379637,True,full,json,0.375180728379637,0.3739929319883872,0.3546967953443527,1.0,0.0,,,,,,,
BC,Go2JoystickFlatTerrain,go2-joystick-direction,medium-replay,0,BC-Go2JoystickFlatTerrain-8ac64cb1,,default,100.0,0.3039197613019496,True,full,json,0.3039197613019496,0.3570331214840724,0.3067449629306793,1.0,0.0,,,,,,,
CQL,Go2JoystickFlatTerrain,go2-joystick-direction,medium-replay,0,CQL-Go2JoystickFlatTerrain-a9878531,,default,100.0,0.5501668418571353,True,full,json,0.5501668418571353,0.3740417844572039,0.6374156177043915,1.0,0.0,,,,,,,
IQL,Go2JoystickFlatTerrain,go2-joystick-direction,medium-replay,0,IQL-Go2JoystickFlatTerrain-5abac3a9,,default,100.0,0.3781562515953556,True,full,json,0.3781562515953556,0.33471888467919,0.3613484650850296,1.0,0.0,,,,,,,
TD3-BC,Go2JoystickFlatTerrain,go2-joystick-direction,medium-replay,0,TD3-BC-Go2JoystickFlatTerrain-6a3e7abe,,default,100.0,0.6437911286600866,True,full,json,0.6437911286600866,0.3168231726725386,0.7284551560878754,1.0,0.0,,,,,,,
DT,Go2JoystickFlatTerrain,go2-joystick-direction,medium-replay,0,DT-Go2JoystickFlatTerrain-2d3550b4,,default,100.0,0.0099904847843572,False,full,json,0.0099904847843572,0.4122685030737027,0.0873840097337961,1.0,0.0,,,,,,,
AWAC,Go2JoystickFlatTerrain,go2-joystick-direction,medium-replay,0,AWAC-Go2JoystickFlatTerrain-260a2b8e,,humanoid_gym_relative,100.0,0.375180728379637,True,full,json,0.2505758329201489,0.3734905441913799,0.2655491083860397,0.6678803413020641,0.124604895459488,-0.124604895459488,-1.0273083239793777,-1.738169224246154,54.0,24.0,0.512577562181945,0.8143973750549368
BC,Go2JoystickFlatTerrain,go2-joystick-direction,medium-replay,0,BC-Go2JoystickFlatTerrain-8ac64cb1,,humanoid_gym_relative,100.0,0.3039197613019496,True,full,json,0.2425480358395725,0.3375272541260655,0.2423568144440651,0.7980660250604659,0.0613717254623771,-0.061371725462377,-0.3513680282980203,-0.1561210327120848,54.0,9.0,0.6501065387589694,0.952784250974758
CQL,Go2JoystickFlatTerrain,go2-joystick-direction,medium-replay,0,CQL-Go2JoystickFlatTerrain-a9878531,,humanoid_gym_relative,100.0,0.5501668418571353,True,full,json,0.2491398881748318,0.4676345708113474,0.256748765707016,0.452844245090887,0.3010269536823033,-0.3010269536823034,-1.2490062922239304,-1.2702318591353177,64.0,44.0,0.2703295629548635,0.619011765971528
IQL,Go2JoystickFlatTerrain,go2-joystick-direction,medium-replay,0,IQL-Go2JoystickFlatTerrain-5abac3a9,,humanoid_gym_relative,100.0,0.3781562515953556,True,full,json,0.2638586610089987,0.3339644313099373,0.2678647041320801,0.6977503608517347,0.1142975905863568,-0.1142975905863568,-0.7045206688344479,-0.8630411790423527,54.0,22.0,0.5747063152937003,0.834990395040575
TD3-BC,Go2JoystickFlatTerrain,go2-joystick-direction,medium-replay,0,TD3-BC-Go2JoystickFlatTerrain-6a3e7abe,,humanoid_gym_relative,100.0,0.6437911286600866,True,full,json,0.2189903432037681,0.5278570157819649,0.3255828469991684,0.340157441528512,0.4248007854563184,-0.4248007854563184,-1.2203022837638855,-0.8954940965149418,68.0,48.0,0.1871387892818539,0.5026596356960689
DT,Go2JoystickFlatTerrain,go2-joystick-direction,medium-replay,0,DT-Go2JoystickFlatTerrain-2d3550b4,,humanoid_gym_relative,100.0,0.0099904847843572,False,full,json,-0.056040318403393,0.424567040133723,-0.1164193339645862,-5.609369276167558,0.0660308031877502,-0.0660308031877502,-0.8737249970436096,-86.4557157037722,38.0,26.0,-32.542810233214524,17.976291689337152
BC,Go2JoystickFlatTerrain,go2-joystick-direction,medium-replay,1,BC-Go2JoystickFlatTerrain-f91bf68c,,default,100.0,0.3118638982530683,True,full,json,0.3118638982530683,0.3512029250810757,0.3097348511219024,1.0,0.0,,,,,,,
AWAC,Go2JoystickFlatTerrain,go2-joystick-direction,medium-replay,1,AWAC-Go2JoystickFlatTerrain-177a8646,,default,100.0,0.352797511043027,True,full,json,0.352797511043027,0.3619683719526112,0.346911296248436,1.0,0.0,,,,,,,
CQL,Go2JoystickFlatTerrain,go2-joystick-direction,medium-replay,1,CQL-Go2JoystickFlatTerrain-e9acc0f0,,default,100.0,0.4730406615510583,True,full,json,0.4730406615510583,0.4492346491117633,0.5607202351093292,1.0,0.0,,,,,,,
DT,Go2JoystickFlatTerrain,go2-joystick-direction,medium-replay,1,DT-Go2JoystickFlatTerrain-131647ae,,default,100.0,0.2519135161675512,True,full,json,0.2519135161675512,0.344759909817165,0.2993080019950866,1.0,0.0,,,,,,,
IQL,Go2JoystickFlatTerrain,go2-joystick-direction,medium-replay,1,IQL-Go2JoystickFlatTerrain-bb0a8ba6,,default,100.0,0.3446287634782493,True,full,json,0.3446287634782493,0.3952880105555571,0.3495789617300033,1.0,0.0,,,,,,,
TD3-BC,Go2JoystickFlatTerrain,go2-joystick-direction,medium-replay,1,TD3-BC-Go2JoystickFlatTerrain-b92a9272,,default,100.0,0.3859304658696055,True,full,json,0.3859304658696055,0.5579607907825593,0.6774282157421112,1.0,0.0,,,,,,,
BC,Go2JoystickFlatTerrain,go2-joystick-direction,medium-replay,1,BC-Go2JoystickFlatTerrain-f91bf68c,,humanoid_gym_relative,100.0,0.3118638982530683,True,full,json,0.2594044095138088,0.333754111025197,0.2276687249541282,0.831787234645896,0.0524594887392595,-0.0524594887392595,-0.4643721941858529,-0.4890219637061955,51.0,21.0,0.665833475455928,0.9884473621476452
AWAC,Go2JoystickFlatTerrain,go2-joystick-direction,medium-replay,1,AWAC-Go2JoystickFlatTerrain-177a8646,,humanoid_gym_relative,100.0,0.352797511043027,True,full,json,0.2621466676238924,0.3589068307854317,0.2810220569372177,0.74305135217329,0.0906508434191346,-0.0906508434191346,-0.7686581045389175,-1.178751494777899,48.0,18.0,0.5693391966521787,0.9037408729614962
CQL,Go2JoystickFlatTerrain,go2-joystick-direction,medium-replay,1,CQL-Go2JoystickFlatTerrain-e9acc0f0,,humanoid_gym_relative,100.0,0.4730406615510583,True,full,json,0.1451761137600988,0.4697293182569539,0.1692387349903583,0.3068998620204852,0.3278645477909594,-0.3278645477909594,-1.3416582673788071,-1.8362430049451328,63.0,42.0,0.1297576569724268,0.4903417039653411
DT,Go2JoystickFlatTerrain,go2-joystick-direction,medium-replay,1,DT-Go2JoystickFlatTerrain-131647ae,,humanoid_gym_relative,100.0,0.2519135161675512,True,full,json,0.2039908693684265,0.3669623828059805,0.2633909881114959,0.809765480121159,0.0479226467991247,-0.0479226467991247,-0.5980164464563131,-1.3738958335945892,26.0,17.0,0.60189247579098,1.0333432501455015
IQL,Go2JoystickFlatTerrain,go2-joystick-direction,medium-replay,1,IQL-Go2JoystickFlatTerrain-bb0a8ba6,,humanoid_gym_relative,100.0,0.3446287634782493,True,full,json,0.274466639154125,0.3702532707634235,0.2853378653526306,0.7964124537487931,0.0701621243241243,-0.0701621243241243,-0.580737355351448,-0.6851099411732656,53.0,19.0,0.6171780136160182,0.9552766329121054
TD3-BC,Go2JoystickFlatTerrain,go2-joystick-direction,medium-replay,1,TD3-BC-Go2JoystickFlatTerrain-b92a9272,,humanoid_gym_relative,100.0,0.3859304658696055,True,full,json,0.1536207632091827,0.5343514551851606,0.1274555176496505,0.3980529571901863,0.2323097026604227,-0.2323097026604227,-1.0461025148630143,-1.7105984299681103,62.0,33.0,0.1974460015968361,0.6533913868348423
AWAC,Go2JoystickFlatTerrain,go2-joystick-direction,medium-replay,2,AWAC-Go2JoystickFlatTerrain-88e8beaa,,default,100.0,0.3572853384818881,True,full,json,0.3572853384818881,0.4139191108924407,0.3776783496141433,1.0,0.0,,,,,,,
BC,Go2JoystickFlatTerrain,go2-joystick-direction,medium-replay,2,BC-Go2JoystickFlatTerrain-9823ada8,,default,100.0,0.2959566240152344,True,full,json,0.2959566240152344,0.3510429348456068,0.30903160572052,1.0,0.0,,,,,,,
CQL,Go2JoystickFlatTerrain,go2-joystick-direction,medium-replay,2,CQL-Go2JoystickFlatTerrain-4c266784,,default,100.0,0.6125865466182586,True,full,json,0.6125865466182586,0.403486248817439,0.7499456107616425,1.0,0.0,,,,,,,
DT,Go2JoystickFlatTerrain,go2-joystick-direction,medium-replay,2,DT-Go2JoystickFlatTerrain-94fda674,,default,100.0,0.0643540502293035,True,full,json,0.0643540502293035,0.4380433057362329,0.1368375271558761,1.0,0.0,,,,,,,
IQL,Go2JoystickFlatTerrain,go2-joystick-direction,medium-replay,2,IQL-Go2JoystickFlatTerrain-d5685e01,,default,100.0,0.2980598389948136,True,full,json,0.2980598389948136,0.3683727358882884,0.303193062543869,1.0,0.0,,,,,,,
TD3-BC,Go2JoystickFlatTerrain,go2-joystick-direction,medium-replay,2,TD3-BC-Go2JoystickFlatTerrain-434f5cb0,,default,100.0,0.5314987115748226,True,full,json,0.5314987115748226,0.4769338710197499,0.7589362263679504,1.0,0.0,,,,,,,
AWAC,Go2JoystickFlatTerrain,go2-joystick-direction,medium-replay,2,AWAC-Go2JoystickFlatTerrain-88e8beaa,,humanoid_gym_relative,100.0,0.3572853384818881,True,full,json,0.2188568308822141,0.388813993866731,0.2032592818140983,0.6125547491317186,0.138428507599674,-0.138428507599674,-0.9172516368329524,-1.5672803724059077,53.0,25.0,0.4569684342973229,0.7899438678948747
BC,Go2JoystickFlatTerrain,go2-joystick-direction,medium-replay,2,BC-Go2JoystickFlatTerrain-9823ada8,,humanoid_gym_relative,100.0,0.2959566240152344,True,full,json,0.19035009148065,0.3536329103077089,0.1972809135913849,0.6431688836633429,0.1056065325345844,-0.1056065325345844,-0.6653857551515102,-1.2482543087707991,50.0,18.0,0.4883925999272948,0.824757092345616
CQL,Go2JoystickFlatTerrain,go2-joystick-direction,medium-replay,2,CQL-Go2JoystickFlatTerrain-4c266784,,humanoid_gym_relative,100.0,0.6125865466182586,True,full,json,0.241045241355896,0.4701616112696178,0.2515759393572807,0.3934876511516119,0.3715413052623626,-0.3715413052623625,-1.3463325783610345,-1.1977834573634856,65.0,43.0,0.2459152740907463,0.5461873651342666
DT,Go2JoystickFlatTerrain,go2-joystick-direction,medium-replay,2,DT-Go2JoystickFlatTerrain-94fda674,,humanoid_gym_relative,100.0,0.0643540502293035,True,full,json,0.0152786837611347,0.4325146984739047,-0.0127203078009188,0.2374160399647637,0.0490753664681688,-0.0490753664681688,-0.620996230840683,-8.64968372041816,35.0,17.0,-3.554860467002676,4.2627011830469845
IQL,Go2JoystickFlatTerrain,go2-joystick-direction,medium-replay,2,IQL-Go2JoystickFlatTerrain-d5685e01,,humanoid_gym_relative,100.0,0.2980598389948136,True,full,json,0.215558133116283,0.3722939996419964,0.2286101505160331,0.7232042191367949,0.0825017058785306,-0.0825017058785306,-0.6918707974255085,-1.3212479740940453,48.0,21.0,0.5441257167367083,0.9372599535554448
TD3-BC,Go2JoystickFlatTerrain,go2-joystick-direction,medium-replay,2,TD3-BC-Go2JoystickFlatTerrain-434f5cb0,,humanoid_gym_relative,100.0,0.5314987115748226,True,full,json,0.1982718682289123,0.5594127994367687,0.2613221108913421,0.3730429894014904,0.3332268433459103,-0.3332268433459103,-1.2594830989837646,-1.36968231823542,66.0,38.0,0.2069604477646172,0.5688938070641455
AWAC,Go2PushRecovery,go2-push-recovery,expert,0,AWAC-Go2PushRecovery-fb404822,,default,100.0,0.9729340271651744,True,full,json,0.9729340271651744,0.2750040028599317,1.045677363872528,1.0,0.0,,,,,,,
BC,Go2PushRecovery,go2-push-recovery,expert,0,BC-Go2PushRecovery-ea10f111,,default,100.0,0.9532765084132552,True,full,json,0.9532765084132552,0.3070497285698454,1.0365226864814758,1.0,0.0,,,,,,,
CQL,Go2PushRecovery,go2-push-recovery,expert,0,CQL-Go2PushRecovery-794951fa,,default,100.0,-0.011225789010059,False,full,json,-0.011225789010059,0.0274770884944885,-0.0211655776947736,1.0,0.0,,,,,,,
IQL,Go2PushRecovery,go2-push-recovery,expert,0,IQL-Go2PushRecovery-0da664c3,,default,100.0,0.9102212864346804,True,full,json,0.9102212864346804,0.3458402880959424,1.040120780467987,1.0,0.0,,,,,,,
TD3-BC,Go2PushRecovery,go2-push-recovery,expert,0,TD3-BC-Go2PushRecovery-5d33529d,,default,100.0,0.7769196765869856,True,full,json,0.7769196765869856,0.3756364090879405,0.9257475435733796,1.0,0.0,,,,,,,
DT,Go2PushRecovery,go2-push-recovery,expert,0,DT-Go2PushRecovery-1ee7f29c,,default,100.0,1.0004337392747402,True,full,json,1.0004337392747402,0.2620502107046178,1.0493682622909546,1.0,0.0,,,,,,,
AWAC,Go2PushRecovery,go2-push-recovery,expert,0,AWAC-Go2PushRecovery-fb404822,,humanoid_gym_relative,100.0,0.9729340271651744,True,full,json,0.6254455448233057,0.4204481292310786,0.7317319512367249,0.6428447637355829,0.3474884823418688,-0.3474884823418688,-1.022389842668781,-0.0508316228261696,60.0,39.0,0.5642035618186265,0.7240715408374326
BC,Go2PushRecovery,go2-push-recovery,expert,0,BC-Go2PushRecovery-ea10f111,,humanoid_gym_relative,100.0,0.9532765084132552,True,full,json,0.552928101727739,0.420204324718422,0.5360741019248962,0.5800290858400541,0.4003484066855162,-0.4003484066855162,-1.0876572381705043,-0.1409672100080682,66.0,41.0,0.5000754374131935,0.6634779673875995
CQL,Go2PushRecovery,go2-push-recovery,expert,0,CQL-Go2PushRecovery-794951fa,,humanoid_gym_relative,100.0,-0.011225789010059,False,full,json,-0.0113407421496231,0.025793489037423,-0.020721829496324,1.0102400944344327,0.000114953139564,-0.000114953139564,-0.0108032124582678,1.9623566279917943,20.0,7.000000000000001,0.8307983735917761,1.11056991351353
IQL,Go2PushRecovery,go2-push-recovery,expert,0,IQL-Go2PushRecovery-0da664c3,,humanoid_gym_relative,100.0,0.9102212864346804,True,full,json,0.4755656673037447,0.4256921791637484,0.2960277050733566,0.5224725837455708,0.4346556191309355,-0.4346556191309355,-1.0531025098636746,-0.1569741617323161,73.0,50.0,0.4289936166825345,0.6087033929753878
TD3-BC,Go2PushRecovery,go2-push-recovery,expert,0,TD3-BC-Go2PushRecovery-5d33529d,,humanoid_gym_relative,100.0,0.7769196765869856,True,full,json,0.4545380582136568,0.3936456350688753,0.3254252225160599,0.5850515463972366,0.3223816183733288,-0.3223816183733288,-0.980066692084074,-0.2614775009812017,62.0,47.0,0.4837961760993535,0.6852039117580941
DT,Go2PushRecovery,go2-push-recovery,expert,0,DT-Go2PushRecovery-1ee7f29c,,humanoid_gym_relative,100.0,1.0004337392747402,True,full,json,0.6291081342974212,0.4409411317857024,0.8411911725997925,0.6288353836941667,0.371325604977319,-0.371325604977319,-1.100201215967536,-0.0997242223809063,57.99999999999999,43.0,0.5447866262818528,0.7165317825528948
BC,Go2PushRecovery,go2-push-recovery,expert,1,BC-Go2PushRecovery-230ed69a,,default,100.0,0.9151510364376008,True,full,json,0.9151510364376008,0.3509927835780848,1.0353240370750427,1.0,0.0,,,,,,,
AWAC,Go2PushRecovery,go2-push-recovery,expert,1,AWAC-Go2PushRecovery-715add7a,,default,100.0,0.969512785859406,True,full,json,0.969512785859406,0.2824877997887219,1.0522465109825134,1.0,0.0,,,,,,,
CQL,Go2PushRecovery,go2-push-recovery,expert,1,CQL-Go2PushRecovery-16b7dbb0,,default,100.0,-0.0093229516845894,False,full,json,-0.0093229516845894,0.0286092847542754,-0.018265007995069,1.0,0.0,,,,,,,
DT,Go2PushRecovery,go2-push-recovery,expert,1,DT-Go2PushRecovery-9774e389,,default,100.0,0.9544295881967992,True,full,json,0.9544295881967992,0.3098088015347363,1.055182933807373,1.0,0.0,,,,,,,
IQL,Go2PushRecovery,go2-push-recovery,expert,1,IQL-Go2PushRecovery-e43c3873,,default,100.0,0.907010218249634,True,full,json,0.907010218249634,0.3448278182878947,1.0250027179718018,1.0,0.0,,,,,,,
TD3-BC,Go2PushRecovery,go2-push-recovery,expert,1,TD3-BC-Go2PushRecovery-8ffd55f9,,default,100.0,0.7924853601830546,True,full,json,0.7924853601830546,0.3501719533410427,0.8935892283916473,1.0,0.0,,,,,,,
BC,Go2PushRecovery,go2-push-recovery,expert,1,BC-Go2PushRecovery-230ed69a,,humanoid_gym_relative,100.0,0.9151510364376008,True,full,json,0.5372302788775414,0.4462661475969505,0.3562885373830795,0.5870400157866971,0.3779207575600595,-0.3779207575600594,-1.0462851940421387,-0.1432923663781253,60.0,46.0,0.4918680615864724,0.682237695514988
AWAC,Go2PushRecovery,go2-push-recovery,expert,1,AWAC-Go2PushRecovery-715add7a,,humanoid_gym_relative,100.0,0.969512785859406,True,full,json,0.6068608724349178,0.4318570981445923,0.6851878464221954,0.6259441662721112,0.3626519134244882,-0.3626519134244881,-1.0577257324010134,-0.0909868831316264,60.0,38.0,0.547668923961714,0.7097293744622343
CQL,Go2PushRecovery,go2-push-recovery,expert,1,CQL-Go2PushRecovery-16b7dbb0,,humanoid_gym_relative,100.0,-0.0093229516845894,False,full,json,-0.0107534349977504,0.0266664122793883,-0.0192930223420262,1.153436739946372,0.0014304833131609,-0.0014304833131609,-0.011991299863439,2.2862128078235395,25.0,13.0,0.6418587432779344,1.3219895732244584
DT,Go2PushRecovery,go2-push-recovery,expert,1,DT-Go2PushRecovery-9774e389,,humanoid_gym_relative,100.0,0.9544295881967992,True,full,json,0.6386065030563622,0.4315540724265383,0.7708094120025635,0.6690975541347995,0.3158230851404369,-0.3158230851404369,-1.0002826370298863,-0.0480423589127378,56.00000000000001,37.0,0.5904057572363063,0.7487411115311959
IQL,Go2PushRecovery,go2-push-recovery,expert,1,IQL-Go2PushRecovery-e43c3873,,humanoid_gym_relative,100.0,0.907010218249634,True,full,json,0.53478686155373,0.4349507279351225,0.4592395573854446,0.5896150349725632,0.3722233566959039,-0.3722233566959039,-1.0333334972616286,-0.1392743725156435,66.0,42.0,0.5013803209837564,0.6805938345969655
TD3-BC,Go2PushRecovery,go2-push-recovery,expert,1,TD3-BC-Go2PushRecovery-8ffd55f9,,humanoid_gym_relative,100.0,0.7924853601830546,True,full,json,0.4477371518218569,0.4003866088533214,0.2915311008691787,0.5649784517387615,0.3447482083611976,-0.3447482083611976,-0.9955080149695276,-0.256184738528895,64.0,51.0,0.4622154207440324,0.6591269965668558
AWAC,Go2PushRecovery,go2-push-recovery,expert,2,AWAC-Go2PushRecovery-8ac3f4b0,,default,100.0,0.9839966196380556,True,full,json,0.9839966196380556,0.2658435509789602,1.0436792373657229,1.0,0.0,,,,,,,
BC,Go2PushRecovery,go2-push-recovery,expert,2,BC-Go2PushRecovery-0e7ded7a,,default,100.0,0.9781339568644762,True,full,json,0.9781339568644762,0.2769553108924702,1.041783630847931,1.0,0.0,,,,,,,
CQL,Go2PushRecovery,go2-push-recovery,expert,2,CQL-Go2PushRecovery-7b7fca2d,,default,100.0,-0.0116228948149364,False,full,json,-0.0116228948149364,0.0259496615257655,-0.0214443253353238,1.0,0.0,,,,,,,
DT,Go2PushRecovery,go2-push-recovery,expert,2,DT-Go2PushRecovery-71001b3c,,default,100.0,0.9921585024148226,True,full,json,0.9921585024148226,0.2686932945198004,1.0591124296188354,1.0,0.0,,,,,,,
IQL,Go2PushRecovery,go2-push-recovery,expert,2,IQL-Go2PushRecovery-b8c6f953,,default,100.0,0.9026954517688136,True,full,json,0.9026954517688136,0.3486792367791281,1.0256189703941343,1.0,0.0,,,,,,,
TD3-BC,Go2PushRecovery,go2-push-recovery,expert,2,TD3-BC-Go2PushRecovery-a91d08bf,,default,100.0,0.8012623618170619,True,full,json,0.8012623618170619,0.3598411905600265,0.9251787960529329,1.0,0.0,,,,,,,
AWAC,Go2PushRecovery,go2-push-recovery,expert,2,AWAC-Go2PushRecovery-8ac3f4b0,,humanoid_gym_relative,100.0,0.9839966196380556,True,full,json,0.5616954764351249,0.4398039741454371,0.4208856672048569,0.5708306972047666,0.4223011432029306,-0.4223011432029306,-1.1144267316907643,-0.1325513822402002,62.0,47.0,0.4907981460162204,0.6482838259537693
BC,Go2PushRecovery,go2-push-recovery,expert,2,BC-Go2PushRecovery-0e7ded7a,,humanoid_gym_relative,100.0,0.9781339568644762,True,full,json,0.5931851829309016,0.431673964266645,0.7183124721050262,0.6064457519013312,0.3849487739335746,-0.3849487739335746,-0.9978876350447536,-0.020195268798969,62.0,43.0,0.523661998669618,0.6875637395927671
CQL,Go2PushRecovery,go2-push-recovery,expert,2,CQL-Go2PushRecovery-7b7fca2d,,humanoid_gym_relative,100.0,-0.0116228948149364,False,full,json,-0.0128776251373346,0.0226970181467455,-0.0217448659241199,1.1079533405727635,0.0012547303223982,-0.0012547303223982,-0.0171824892051517,2.478331300311759,20.0,9.0,0.8379228922349959,1.2606696587274802
DT,Go2PushRecovery,go2-push-recovery,expert,2,DT-Go2PushRecovery-71001b3c,,humanoid_gym_relative,100.0,0.9921585024148226,True,full,json,0.6130078705772758,0.4262830843173845,0.5435859560966492,0.6178527615146884,0.3791506318375468,-0.3791506318375468,-1.012001932784915,-0.0200002623792421,61.0,44.0,0.5469334775928639,0.7037059869271881
IQL,Go2PushRecovery,go2-push-recovery,expert,2,IQL-Go2PushRecovery-b8c6f953,,humanoid_gym_relative,100.0,0.9026954517688136,True,full,json,0.5001698889653199,0.4112499070110102,0.3360979706048965,0.5540848665906614,0.4025255628034937,-0.4025255628034938,-1.0819609001278878,-0.1985890678941687,66.0,46.0,0.46609494160587,0.6379976299281136
TD3-BC,Go2PushRecovery,go2-push-recovery,expert,2,TD3-BC-Go2PushRecovery-a91d08bf,,humanoid_gym_relative,100.0,0.8012623618170619,True,full,json,0.4256348200654611,0.3743060572316398,0.2733719199895859,0.5312053084588026,0.3756275417516008,-0.3756275417516008,-1.0422775007784366,-0.30079428467701,71.0,49.0,0.4477121958244905,0.6173002491506259
AWAC,Go2PushRecovery,go2-push-recovery,medium,0,AWAC-Go2PushRecovery-d0c66ef6,,default,100.0,0.0575045117479749,True,full,json,0.0575045117479749,0.0769140212238468,0.0394844692200422,1.0,0.0,,,,,,,
BC,Go2PushRecovery,go2-push-recovery,medium,0,BC-Go2PushRecovery-444aece3,,default,100.0,0.2625873854570091,True,full,json,0.2625873854570091,0.2516905409542936,0.1709900945425033,1.0,0.0,,,,,,,
CQL,Go2PushRecovery,go2-push-recovery,medium,0,CQL-Go2PushRecovery-74745dbe,,default,100.0,0.3801377466507256,True,full,json,0.3801377466507256,0.2990441723684895,0.2572927325963974,1.0,0.0,,,,,,,
IQL,Go2PushRecovery,go2-push-recovery,medium,0,IQL-Go2PushRecovery-78d95485,,default,100.0,0.2657080825604498,True,full,json,0.2657080825604498,0.2389793737697207,0.193378247320652,1.0,0.0,,,,,,,
TD3-BC,Go2PushRecovery,go2-push-recovery,medium,0,TD3-BC-Go2PushRecovery-70e0f4e8,,default,100.0,0.3858204460516572,True,full,json,0.3858204460516572,0.2952558126878259,0.3128922134637832,1.0,0.0,,,,,,,
DT,Go2PushRecovery,go2-push-recovery,medium,0,DT-Go2PushRecovery-81b81bd5,,default,100.0,0.2867400787398219,True,full,json,0.2867400787398219,0.2717671896350243,0.1963890194892883,1.0,0.0,,,,,,,
AWAC,Go2PushRecovery,go2-push-recovery,medium,0,AWAC-Go2PushRecovery-d0c66ef6,,humanoid_gym_relative,100.0,0.0575045117479749,True,full,json,0.0386100118956528,0.0450648976938651,0.0298466710373759,0.6714257842040118,0.018894499852322,-0.018894499852322,-0.1059597011655569,-0.8426328290542944,56.00000000000001,27.0,0.4883242589426114,0.8337377061118633
BC,Go2PushRecovery,go2-push-recovery,medium,0,BC-Go2PushRecovery-444aece3,,humanoid_gym_relative,100.0,0.2625873854570091,True,full,json,0.1544355449185604,0.1622311330757909,0.0928756259381771,0.5881300986708851,0.1081518405384486,-0.1081518405384485,-0.6555788226425647,-1.4966120192772792,64.0,36.0,0.4336878537951943,0.707169369360553
CQL,Go2PushRecovery,go2-push-recovery,medium,0,CQL-Go2PushRecovery-74745dbe,,humanoid_gym_relative,100.0,0.3801377466507256,True,full,json,0.2140578382019884,0.2276296350648487,0.0949730910360813,0.5631059795771005,0.1660799084487371,-0.1660799084487371,-0.717373476177454,-0.8871408653784228,67.0,46.0,0.4586694510718714,0.657946583628234
IQL,Go2PushRecovery,go2-push-recovery,medium,0,IQL-Go2PushRecovery-78d95485,,humanoid_gym_relative,100.0,0.2657080825604498,True,full,json,0.1698724269075319,0.1935343452206765,0.0906416438519954,0.6393197574969708,0.0958356556529179,-0.0958356556529179,-0.5419988699257373,-1.0398283134741677,65.0,32.0,0.4899405248248905,0.7644684259281571
TD3-BC,Go2PushRecovery,go2-push-recovery,medium,0,TD3-BC-Go2PushRecovery-70e0f4e8,,humanoid_gym_relative,100.0,0.3858204460516572,True,full,json,0.2435315048135817,0.2358328911389132,0.1395374312996864,0.6312042487789138,0.1422889412380755,-0.1422889412380755,-0.7106042958796024,-0.841800514077629,66.0,40.0,0.4865378941170849,0.7467744075865469
DT,Go2PushRecovery,go2-push-recovery,medium,0,DT-Go2PushRecovery-81b81bd5,,humanoid_gym_relative,100.0,0.2867400787398219,True,full,json,0.2025944163464009,0.2197335676957004,0.11272494494915,0.7065437703608506,0.0841456623934209,-0.0841456623934209,-0.5890608560293913,-1.0543373588311131,62.0,34.0,0.5513721675924388,0.8386821396478176
BC,Go2PushRecovery,go2-push-recovery,medium,1,BC-Go2PushRecovery-44172f17,,default,100.0,0.2701485577970743,True,full,json,0.2701485577970743,0.2507424980802389,0.1921573132276535,1.0,0.0,,,,,,,
AWAC,Go2PushRecovery,go2-push-recovery,medium,1,AWAC-Go2PushRecovery-59a48477,,default,100.0,0.2039362796396017,True,full,json,0.2039362796396017,0.2144832409333252,0.1253165639936924,1.0,0.0,,,,,,,
CQL,Go2PushRecovery,go2-push-recovery,medium,1,CQL-Go2PushRecovery-876eacf2,,default,100.0,0.3119162277784199,True,full,json,0.3119162277784199,0.2428634286593484,0.2543006464838981,1.0,0.0,,,,,,,
DT,Go2PushRecovery,go2-push-recovery,medium,1,DT-Go2PushRecovery-bd7b417c,,default,100.0,0.2686023876257241,True,full,json,0.2686023876257241,0.2596232706460475,0.1765950694680214,1.0,0.0,,,,,,,
IQL,Go2PushRecovery,go2-push-recovery,medium,1,IQL-Go2PushRecovery-1b18cdf5,,default,100.0,0.3007782531715929,True,full,json,0.3007782531715929,0.2700129993985671,0.2093697488307953,1.0,0.0,,,,,,,
TD3-BC,Go2PushRecovery,go2-push-recovery,medium,1,TD3-BC-Go2PushRecovery-88ae02e3,,default,100.0,0.3613246636092663,True,full,json,0.3613246636092663,0.2892860885440923,0.2883076518774032,1.0,0.0,,,,,,,
BC,Go2PushRecovery,go2-push-recovery,medium,1,BC-Go2PushRecovery-44172f17,,humanoid_gym_relative,100.0,0.2701485577970743,True,full,json,0.1645029330579564,0.1789797235168826,0.0928402580320835,0.6089350777934746,0.1056456247391179,-0.1056456247391179,-0.7135745510458946,-1.6414153636974278,56.00000000000001,35.0,0.4485869589112397,0.7237454109011028
AWAC,Go2PushRecovery,go2-push-recovery,medium,1,AWAC-Go2PushRecovery-59a48477,,humanoid_gym_relative,100.0,0.2039362796396017,True,full,json,0.1056847004708834,0.1136472187376937,0.0687792599201202,0.518224126955981,0.0982515791687183,-0.0982515791687183,-0.6320294197648764,-2.0991514647702965,66.0,35.0,0.385618813808504,0.6153662184796114
CQL,Go2PushRecovery,go2-push-recovery,medium,1,CQL-Go2PushRecovery-876eacf2,,humanoid_gym_relative,100.0,0.3119162277784199,True,full,json,0.1820427799166646,0.2090396394614431,0.0896921530365943,0.5836271527558508,0.1298734478617552,-0.1298734478617552,-0.6306791251525283,-1.0219503475162324,67.0,42.0,0.4427686028298774,0.711473065975309
DT,Go2PushRecovery,go2-push-recovery,medium,1,DT-Go2PushRecovery-bd7b417c,,humanoid_gym_relative,100.0,0.2686023876257241,True,full,json,0.1653454075823538,0.1532801638620847,0.1155980117619037,0.6155768347552792,0.1032569800433702,-0.1032569800433702,-0.6572223164141178,-1.4468223168957992,64.0,26.0,0.4973608230849954,0.7202857517920834
IQL,Go2PushRecovery,go2-push-recovery,medium,1,IQL-Go2PushRecovery-1b18cdf5,,humanoid_gym_relative,100.0,0.3007782531715929,True,full,json,0.1703754497657064,0.1742579745108573,0.0983051396906375,0.5664486975675992,0.1304028034058865,-0.1304028034058865,-0.667473717406392,-1.2191555086451034,66.0,33.0,0.4574903635930011,0.6722898062507421
TD3-BC,Go2PushRecovery,go2-push-recovery,medium,1,TD3-BC-Go2PushRecovery-88ae02e3,,humanoid_gym_relative,100.0,0.3613246636092663,True,full,json,0.2193412280315533,0.2319529040396455,0.1117336302995681,0.6070474842225196,0.1419834355777129,-0.1419834355777129,-0.5898702137172221,-0.6325213115125272,59.0,37.0,0.5081161369937361,0.702633909224511
AWAC,Go2PushRecovery,go2-push-recovery,medium,2,AWAC-Go2PushRecovery-b27b05ad,,default,100.0,-0.02229421665892,False,full,json,-0.02229421665892,0.013409401653324,-0.0247318083420395,1.0,0.0,,,,,,,
BC,Go2PushRecovery,go2-push-recovery,medium,2,BC-Go2PushRecovery-627ce80a,,default,100.0,0.2822460709325969,True,full,json,0.2822460709325969,0.2788781755960787,0.1667560413479805,1.0,0.0,,,,,,,
CQL,Go2PushRecovery,go2-push-recovery,medium,2,CQL-Go2PushRecovery-20170997,,default,100.0,0.3115839770436286,True,full,json,0.3115839770436286,0.283790290721654,0.1904500052332878,1.0,0.0,,,,,,,
DT,Go2PushRecovery,go2-push-recovery,medium,2,DT-Go2PushRecovery-78c8e608,,default,100.0,0.295050276145339,True,full,json,0.295050276145339,0.2728838818188254,0.2199421226978302,1.0,0.0,,,,,,,
IQL,Go2PushRecovery,go2-push-recovery,medium,2,IQL-Go2PushRecovery-66ff057a,,default,100.0,0.3018080367706716,True,full,json,0.3018080367706716,0.2830057796158868,0.1959523931145668,1.0,0.0,,,,,,,
TD3-BC,Go2PushRecovery,go2-push-recovery,medium,2,TD3-BC-Go2PushRecovery-8c7d1c2e,,default,100.0,0.3502632254175842,True,full,json,0.3502632254175842,0.2902444987890867,0.2301560342311859,1.0,0.0,,,,,,,
AWAC,Go2PushRecovery,go2-push-recovery,medium,2,AWAC-Go2PushRecovery-b27b05ad,,humanoid_gym_relative,100.0,-0.02229421665892,False,full,json,-0.0218365851021371,0.0120797542625978,-0.0244876416400074,0.9794730820201404,-0.0004576315567828,0.0004576315567828,-0.000975714996457,1.043765385946705,4.0,2.0,0.9519717792384416,1.0098242711274357
BC,Go2PushRecovery,go2-push-recovery,medium,2,BC-Go2PushRecovery-627ce80a,,humanoid_gym_relative,100.0,0.2822460709325969,True,full,json,0.1600286884745582,0.1798321029577595,0.0913034006953239,0.5669828740070386,0.1222173824580386,-0.1222173824580386,-0.548602657020092,-0.9437034329916452,62.0,31.0,0.4229235078551966,0.6730494544026013
CQL,Go2PushRecovery,go2-push-recovery,medium,2,CQL-Go2PushRecovery-20170997,,humanoid_gym_relative,100.0,0.3115839770436286,True,full,json,0.186983864873182,0.2173680994489507,0.0846876613795757,0.6001074466258582,0.1246001121704466,-0.1246001121704466,-0.6718493981286884,-1.156238598991291,65.0,43.0,0.4406354446355789,0.7239251300435203
DT,Go2PushRecovery,go2-push-recovery,medium,2,DT-Go2PushRecovery-78c8e608,,humanoid_gym_relative,100.0,0.295050276145339,True,full,json,0.1779176001041196,0.1953229185594825,0.1136453486979007,0.6030077396588475,0.1171326760412193,-0.1171326760412193,-0.728506607748568,-1.4690931229283528,61.0,34.0,0.4633907661253187,0.7097643449304419
IQL,Go2PushRecovery,go2-push-recovery,medium,2,IQL-Go2PushRecovery-66ff057a,,humanoid_gym_relative,100.0,0.3018080367706716,True,full,json,0.1662001888779923,0.1891155316143975,0.0883085168898105,0.5506817865300231,0.1356078478926792,-0.1356078478926792,-0.66389524564147,-1.199726861965342,64.0,36.0,0.4417747496652459,0.6536613860364001
TD3-BC,Go2PushRecovery,go2-push-recovery,medium,2,TD3-BC-Go2PushRecovery-8c7d1c2e,,humanoid_gym_relative,100.0,0.3502632254175842,True,full,json,0.2219865709246369,0.229406147196941,0.1212133094668388,0.6337707039041404,0.1282766544929472,-0.1282766544929472,-0.7205113932490349,-1.0570569245173838,63.0,36.0,0.497457215754284,0.7572189834856257
AWAC,Go2PushRecovery,go2-push-recovery,medium-expert,0,AWAC-Go2PushRecovery-2b7f37d4,,default,100.0,0.3823188034677878,True,full,json,0.3823188034677878,0.3767821540019879,0.2287859618663787,1.0,0.0,,,,,,,
BC,Go2PushRecovery,go2-push-recovery,medium-expert,0,BC-Go2PushRecovery-7b925de8,,default,100.0,0.4522668142057955,True,full,json,0.4522668142057955,0.3890054371496746,0.3010177165269851,1.0,0.0,,,,,,,
CQL,Go2PushRecovery,go2-push-recovery,medium-expert,0,CQL-Go2PushRecovery-9e5337e0,,default,100.0,0.099666151104102,True,full,json,0.099666151104102,0.1279971971814257,0.0630288310348987,1.0,0.0,,,,,,,
IQL,Go2PushRecovery,go2-push-recovery,medium-expert,0,IQL-Go2PushRecovery-777b565f,,default,100.0,0.3780963926506229,True,full,json,0.3780963926506229,0.3519131930548201,0.2410053983330726,1.0,0.0,,,,,,,
TD3-BC,Go2PushRecovery,go2-push-recovery,medium-expert,0,TD3-BC-Go2PushRecovery-9bff9ba1,,default,100.0,0.4507538259099237,True,full,json,0.4507538259099237,0.3615653058019798,0.3542578965425491,1.0,0.0,,,,,,,
DT,Go2PushRecovery,go2-push-recovery,medium-expert,0,DT-Go2PushRecovery-a53c936a,,default,100.0,0.820558953396976,True,full,json,0.820558953396976,0.367109653984758,0.987576961517334,1.0,0.0,,,,,,,
AWAC,Go2PushRecovery,go2-push-recovery,medium-expert,0,AWAC-Go2PushRecovery-2b7f37d4,,humanoid_gym_relative,100.0,0.3823188034677878,True,full,json,0.2093504251725971,0.2501897141371226,0.1052656322717666,0.5475807710049918,0.1729683782951906,-0.1729683782951906,-0.8765097036957741,-1.2926146863441528,65.0,39.0,0.4154632056306434,0.6603668112155368
BC,Go2PushRecovery,go2-push-recovery,medium-expert,0,BC-Go2PushRecovery-7b925de8,,humanoid_gym_relative,100.0,0.4522668142057955,True,full,json,0.200081407611724,0.2490414782034211,0.1016975380480289,0.4423968359541868,0.2521854065940715,-0.2521854065940715,-0.9635214443318546,-1.130427026851062,70.0,43.0,0.3371165883797338,0.5413996419900604
CQL,Go2PushRecovery,go2-push-recovery,medium-expert,0,CQL-Go2PushRecovery-9e5337e0,,humanoid_gym_relative,100.0,0.099666151104102,True,full,json,0.0705187239836959,0.1095792830346166,0.039717411622405,0.7075493856488814,0.029147427120406,-0.029147427120406,-0.2464151183143258,-1.4724052808755843,55.00000000000001,36.0,0.4356000198785131,0.9094239344699236
IQL,Go2PushRecovery,go2-push-recovery,medium-expert,0,IQL-Go2PushRecovery-777b565f,,humanoid_gym_relative,100.0,0.3780963926506229,True,full,json,0.1718845496623544,0.2292003224512958,0.0909030213952064,0.4546051033636362,0.2062118429882685,-0.2062118429882684,-0.9621951073408128,-1.544840749723634,69.0,47.0,0.3154289162354153,0.5656431626846423
TD3-BC,Go2PushRecovery,go2-push-recovery,medium-expert,0,TD3-BC-Go2PushRecovery-9bff9ba1,,humanoid_gym_relative,100.0,0.4507538259099237,True,full,json,0.2483403623021513,0.2994203365037623,0.1090753637254238,0.550944546728658,0.2024134636077724,-0.2024134636077724,-0.8644438138697296,-0.9177736586588072,64.0,55.00000000000001,0.4049247231539988,0.6751280811124627
DT,Go2PushRecovery,go2-push-recovery,medium-expert,0,DT-Go2PushRecovery-a53c936a,,humanoid_gym_relative,100.0,0.820558953396976,True,full,json,0.4268983068247325,0.401792866046128,0.202383778989315,0.5202530604991212,0.3936606465722435,-0.3936606465722434,-1.0661453393287956,-0.2992915803491428,67.0,50.0,0.4166107077233537,0.6123579054409973
BC,Go2PushRecovery,go2-push-recovery,medium-expert,1,BC-Go2PushRecovery-5adca331,,default,100.0,0.3378275670669973,True,full,json,0.3378275670669973,0.3520920279811951,0.2035664841532707,1.0,0.0,,,,,,,
AWAC,Go2PushRecovery,go2-push-recovery,medium-expert,1,AWAC-Go2PushRecovery-5c49f4f7,,default,100.0,0.0053484695438237,False,full,json,0.0053484695438237,0.024570495407341,-0.0025213464396074,1.0,0.0,,,,,,,
CQL,Go2PushRecovery,go2-push-recovery,medium-expert,1,CQL-Go2PushRecovery-cbfca24d,,default,100.0,-0.0044258823043492,False,full,json,-0.0044258823043492,0.0224887296796767,-0.0117113408632576,1.0,0.0,,,,,,,
DT,Go2PushRecovery,go2-push-recovery,medium-expert,1,DT-Go2PushRecovery-bd46d75e,,default,100.0,0.6834493763186038,True,full,json,0.6834493763186038,0.433754450308079,0.8217789530754089,1.0,0.0,,,,,,,
IQL,Go2PushRecovery,go2-push-recovery,medium-expert,1,IQL-Go2PushRecovery-dea75e73,,default,100.0,0.3881135600805283,True,full,json,0.3881135600805283,0.3711263718807868,0.2585111930966377,1.0,0.0,,,,,,,
TD3-BC,Go2PushRecovery,go2-push-recovery,medium-expert,1,TD3-BC-Go2PushRecovery-941a6926,,default,100.0,0.4380920629971661,True,full,json,0.4380920629971661,0.3488662735278499,0.3236891478300094,1.0,0.0,,,,,,,
BC,Go2PushRecovery,go2-push-recovery,medium-expert,1,BC-Go2PushRecovery-5adca331,,humanoid_gym_relative,100.0,0.3378275670669973,True,full,json,0.2094850298020174,0.2533999242106584,0.1060888580977916,0.6200945400067743,0.1283425372649799,-0.1283425372649799,-0.846229529287666,-1.504915559836014,63.0,41.0,0.4568396900894018,0.7625621763498871
AWAC,Go2PushRecovery,go2-push-recovery,medium-expert,1,AWAC-Go2PushRecovery-5c49f4f7,,humanoid_gym_relative,100.0,0.0053484695438237,False,full,json,0.0019771608401788,0.0227860356239886,-0.0047759509179741,0.3696685236736571,0.0033713087036448,-0.0033713087036448,-0.0224694194039329,-3.201093269733588,52.0,24.0,-0.0702106874491991,1.903546803280211
CQL,Go2PushRecovery,go2-push-recovery,medium-expert,1,CQL-Go2PushRecovery-cbfca24d,,humanoid_gym_relative,100.0,-0.0044258823043492,False,full,json,-0.0075360810174606,0.0189455818697138,-0.0131828584708273,1.7027296478388356,0.0031101987131114,-0.0031101987131114,-0.0324675739742815,8.335842153411173,33.0,20.0,-5.392955181653456,5.298651098748851
DT,Go2PushRecovery,go2-push-recovery,medium-expert,1,DT-Go2PushRecovery-bd46d75e,,humanoid_gym_relative,100.0,0.6834493763186038,True,full,json,0.331977496772306,0.3610468918389958,0.1542510464787483,0.4857382394004088,0.3514718795462977,-0.3514718795462977,-1.017483008466661,-0.4887467071040836,74.0,52.0,0.3910574202609891,0.570000029286422
IQL,Go2PushRecovery,go2-push-recovery,medium-expert,1,IQL-Go2PushRecovery-dea75e73,,humanoid_gym_relative,100.0,0.3881135600805283,True,full,json,0.193634571111761,0.222783957427559,0.095942884683609,0.4989121510508019,0.1944789889687672,-0.1944789889687672,-0.9271466289646924,-1.3888539961662818,66.0,45.0,0.3648378583606421,0.6083304593816605
TD3-BC,Go2PushRecovery,go2-push-recovery,medium-expert,1,TD3-BC-Go2PushRecovery-941a6926,,humanoid_gym_relative,100.0,0.4380920629971661,True,full,json,0.2099789765989408,0.2914471346808884,0.0887122824788093,0.4793033116427382,0.2281130863982252,-0.2281130863982252,-0.9069996335543692,-1.0703402553089312,75.0,56.99999999999999,0.3475642238524234,0.5980684267758098
AWAC,Go2PushRecovery,go2-push-recovery,medium-expert,2,AWAC-Go2PushRecovery-4f13dce4,,default,100.0,,False,full,json,,,,,,,,,,,,
BC,Go2PushRecovery,go2-push-recovery,medium-expert,2,BC-Go2PushRecovery-f1548d85,,default,100.0,0.4536709061823785,True,full,json,0.4536709061823785,0.3868020568006168,0.2858601659536361,1.0,0.0,,,,,,,
CQL,Go2PushRecovery,go2-push-recovery,medium-expert,2,CQL-Go2PushRecovery-aa3d602a,,default,100.0,0.0039820268942276,False,full,json,0.0039820268942276,0.0335319858886421,-0.0060156532563269,1.0,0.0,,,,,,,
DT,Go2PushRecovery,go2-push-recovery,medium-expert,2,DT-Go2PushRecovery-4638fae0,,default,100.0,0.7673743340373039,True,full,json,0.7673743340373039,0.3794650364000156,0.9382368326187134,1.0,0.0,,,,,,,
IQL,Go2PushRecovery,go2-push-recovery,medium-expert,2,IQL-Go2PushRecovery-df3cc89c,,default,100.0,0.4478820269668358,True,full,json,0.4478820269668358,0.3973614777519959,0.3075472414493561,1.0,0.0,,,,,,,
TD3-BC,Go2PushRecovery,go2-push-recovery,medium-expert,2,TD3-BC-Go2PushRecovery-455d98e2,,default,100.0,0.5173228377886698,True,full,json,0.5173228377886698,0.4184072689842531,0.4255940914154053,1.0,0.0,,,,,,,
AWAC,Go2PushRecovery,go2-push-recovery,medium-expert,2,AWAC-Go2PushRecovery-4f13dce4,,humanoid_gym_relative,100.0,,False,full,json,,,,,,,,,0.0,0.0,,
BC,Go2PushRecovery,go2-push-recovery,medium-expert,2,BC-Go2PushRecovery-f1548d85,,humanoid_gym_relative,100.0,0.4536709061823785,True,full,json,0.240219023192767,0.2738533619679565,0.112154871225357,0.5295006135927912,0.2134518829896114,-0.2134518829896114,-0.9856657910626382,-1.1726449230720437,68.0,43.0,0.3992103391777024,0.6441160605705103
CQL,Go2PushRecovery,go2-push-recovery,medium-expert,2,CQL-Go2PushRecovery-aa3d602a,,humanoid_gym_relative,100.0,0.0039820268942276,False,full,json,-0.0025106760539347,0.0278850924437434,-0.0126099162735044,-0.6305020334177651,0.0064927029481623,-0.0064927029481623,-0.0281829027924686,-6.077526983387021,54.0,34.0,-11.051521069154738,13.542315182977504
DT,Go2PushRecovery,go2-push-recovery,medium-expert,2,DT-Go2PushRecovery-4638fae0,,humanoid_gym_relative,100.0,0.7673743340373039,True,full,json,0.4520717229932779,0.4163309516214249,0.2383810132741928,0.5891149898314186,0.3153026110440259,-0.3153026110440259,-0.974745986610651,-0.27023532502361,69.0,46.0,0.4862491102857306,0.697292959174846
IQL,Go2PushRecovery,go2-push-recovery,medium-expert,2,IQL-Go2PushRecovery-df3cc89c,,humanoid_gym_relative,100.0,0.4478820269668358,True,full,json,0.2064439571183174,0.2421510044956521,0.1089541651308536,0.4609337832027003,0.2414380698485183,-0.2414380698485183,-1.0773015493527054,-1.405324358846121,63.0,44.0,0.3430575339627212,0.5649537536967659
TD3-BC,Go2PushRecovery,go2-push-recovery,medium-expert,2,TD3-BC-Go2PushRecovery-455d98e2,,humanoid_gym_relative,100.0,0.5173228377886698,True,full,json,0.2145446735795121,0.2851697582889415,0.1076087765395641,0.4147210559978317,0.3027781642091577,-0.3027781642091577,-1.0652597457170487,-1.0591778825589275,70.0,52.0,0.3104248931591139,0.5199237034799873
AWAC,Go2PushRecovery,go2-push-recovery,medium-replay,0,AWAC-Go2PushRecovery-f9059b07,,default,100.0,0.1462933374522254,True,full,json,0.1462933374522254,0.1720025997312493,0.076227243989706,1.0,0.0,,,,,,,
BC,Go2PushRecovery,go2-push-recovery,medium-replay,0,BC-Go2PushRecovery-06723141,,default,100.0,0.1532075096736662,True,full,json,0.1532075096736662,0.186347521591705,0.073318101465702,1.0,0.0,,,,,,,
CQL,Go2PushRecovery,go2-push-recovery,medium-replay,0,CQL-Go2PushRecovery-db13abe0,,default,100.0,0.3045806934870779,True,full,json,0.3045806934870779,0.2522029772638234,0.2257425487041473,1.0,0.0,,,,,,,
IQL,Go2PushRecovery,go2-push-recovery,medium-replay,0,IQL-Go2PushRecovery-0372813f,,default,100.0,0.1507520337030291,True,full,json,0.1507520337030291,0.1753413901844071,0.0765566527843475,1.0,0.0,,,,,,,
TD3-BC,Go2PushRecovery,go2-push-recovery,medium-replay,0,TD3-BC-Go2PushRecovery-7f3b0c93,,default,100.0,0.267493701223284,True,full,json,0.267493701223284,0.2358009286986976,0.1960818171501159,1.0,0.0,,,,,,,
DT,Go2PushRecovery,go2-push-recovery,medium-replay,0,DT-Go2PushRecovery-d86520e7,,default,100.0,0.229439660385251,True,full,json,0.229439660385251,0.2250453910323266,0.131170816719532,1.0,0.0,,,,,,,
AWAC,Go2PushRecovery,go2-push-recovery,medium-replay,0,AWAC-Go2PushRecovery-f9059b07,,humanoid_gym_relative,100.0,0.1462933374522254,True,full,json,0.0930332982586696,0.1014126343743488,0.0606629215180873,0.6359366727076774,0.0532600391935557,-0.0532600391935557,-0.3771318688988685,-1.5779155460311205,55.00000000000001,27.0,0.4602554101645938,0.7672114826462807
BC,Go2PushRecovery,go2-push-recovery,medium-replay,0,BC-Go2PushRecovery-06723141,,humanoid_gym_relative,100.0,0.1532075096736662,True,full,json,0.0905735221109353,0.1194477433658572,0.0573216527700424,0.5911820008291889,0.0626339875627308,-0.0626339875627309,-0.4491003082133829,-1.931320463141604,56.00000000000001,29.0,0.4292550593924894,0.7227318011047847
CQL,Go2PushRecovery,go2-push-recovery,medium-replay,0,CQL-Go2PushRecovery-db13abe0,,humanoid_gym_relative,100.0,0.3045806934870779,True,full,json,0.1858114311483223,0.208832764444346,0.0906974226236343,0.6100564977412315,0.1187692623387556,-0.1187692623387556,-0.5057607832364738,-0.6605149113232649,76.0,46.0,0.4712646510802172,0.7347006513752596
IQL,Go2PushRecovery,go2-push-recovery,medium-replay,0,IQL-Go2PushRecovery-0372813f,,humanoid_gym_relative,100.0,0.1507520337030291,True,full,json,0.091785151339136,0.1142204022788896,0.0611486583948135,0.6088485115892123,0.058966882363893,-0.058966882363893,-0.4154679995030165,-1.7559694506109225,59.0,26.0,0.4659814533051355,0.7268588478593263
TD3-BC,Go2PushRecovery,go2-push-recovery,medium-replay,0,TD3-BC-Go2PushRecovery-7f3b0c93,,humanoid_gym_relative,100.0,0.267493701223284,True,full,json,0.1922352721274364,0.2051154451176023,0.1157917119562625,0.7186534533273836,0.0752584290958475,-0.0752584290958475,-0.456835538521409,-0.7078366198240921,55.00000000000001,30.0,0.5624192996053423,0.8427668131784919
DT,Go2PushRecovery,go2-push-recovery,medium-replay,0,DT-Go2PushRecovery-d86520e7,,humanoid_gym_relative,100.0,0.229439660385251,True,full,json,0.1411958260834217,0.1474720073951867,0.0761793442070484,0.6153941556849434,0.0882438343018293,-0.0882438343018293,-0.5189983699470758,-1.2620255324455594,64.0,25.0,0.499325159761527,0.716712061413517
BC,Go2PushRecovery,go2-push-recovery,medium-replay,1,BC-Go2PushRecovery-188c6659,,default,100.0,0.1488097319821827,True,full,json,0.1488097319821827,0.1826246517411205,0.0745351649820804,1.0,0.0,,,,,,,
AWAC,Go2PushRecovery,go2-push-recovery,medium-replay,1,AWAC-Go2PushRecovery-6d8b8027,,default,100.0,0.1413157906290143,True,full,json,0.1413157906290143,0.1835188744155081,0.0775905884802341,1.0,0.0,,,,,,,
CQL,Go2PushRecovery,go2-push-recovery,medium-replay,1,CQL-Go2PushRecovery-ebb21b3f,,default,100.0,0.3093034461140632,True,full,json,0.3093034461140632,0.2693500981462364,0.2091292887926101,1.0,0.0,,,,,,,
DT,Go2PushRecovery,go2-push-recovery,medium-replay,1,DT-Go2PushRecovery-ddf9cf45,,default,100.0,0.2182350360322743,True,full,json,0.2182350360322743,0.2250982902678497,0.1168814077973365,1.0,0.0,,,,,,,
IQL,Go2PushRecovery,go2-push-recovery,medium-replay,1,IQL-Go2PushRecovery-77bf34f4,,default,100.0,0.150565525740385,True,full,json,0.150565525740385,0.1942116794457506,0.0684971176087856,1.0,0.0,,,,,,,
TD3-BC,Go2PushRecovery,go2-push-recovery,medium-replay,1,TD3-BC-Go2PushRecovery-922d64d0,,default,100.0,0.2945557401282713,True,full,json,0.2945557401282713,0.2835017727422694,0.1782244145870208,1.0,0.0,,,,,,,
BC,Go2PushRecovery,go2-push-recovery,medium-replay,1,BC-Go2PushRecovery-188c6659,,humanoid_gym_relative,100.0,0.1488097319821827,True,full,json,0.0936333113675937,0.1063617303425026,0.065549086779356,0.6292149721686522,0.055176420614589,-0.055176420614589,-0.3748846672475338,-1.5192214397134955,55.00000000000001,22.0,0.4904971764027939,0.7480102373102991
AWAC,Go2PushRecovery,go2-push-recovery,medium-replay,1,AWAC-Go2PushRecovery-6d8b8027,,humanoid_gym_relative,100.0,0.1413157906290143,True,full,json,0.0868625743151642,0.0985980666473843,0.0593249313533306,0.6146699808176284,0.0544532163138501,-0.0544532163138501,-0.2732542909681797,-0.9336430115268116,54.0,26.0,0.4376649036352003,0.7578456549521063
CQL,Go2PushRecovery,go2-push-recovery,medium-replay,1,CQL-Go2PushRecovery-ebb21b3f,,humanoid_gym_relative,100.0,0.3093034461140632,True,full,json,0.172658650886733,0.1895485664061119,0.095885120332241,0.5582176760586784,0.1366447952273301,-0.1366447952273301,-0.667366699129343,-1.1576439173692077,71.0,38.0,0.4486748529211239,0.6582018386301077
DT,Go2PushRecovery,go2-push-recovery,medium-replay,1,DT-Go2PushRecovery-ddf9cf45,,humanoid_gym_relative,100.0,0.2182350360322743,True,full,json,0.1363201812654733,0.1555993740766547,0.0746739916503429,0.624648469576229,0.0819148547668009,-0.0819148547668009,-0.4971943698823451,-1.2782518284956592,53.0,30.0,0.4803104218136086,0.7439285326127957
IQL,Go2PushRecovery,go2-push-recovery,medium-replay,1,IQL-Go2PushRecovery-77bf34f4,,humanoid_gym_relative,100.0,0.150565525740385,True,full,json,0.0998789544240571,0.1230539899610632,0.0636538490653038,0.6633587199521024,0.0506865713163279,-0.0506865713163279,-0.4304672732949257,-1.8590028904569131,49.0,22.0,0.5119059212873271,0.7748316548062164
TD3-BC,Go2PushRecovery,go2-push-recovery,medium-replay,1,TD3-BC-Go2PushRecovery-922d64d0,,humanoid_gym_relative,100.0,0.2945557401282713,True,full,json,0.188943355968222,0.2245412214188935,0.0866788029670715,0.6414519570589327,0.1056123841600492,-0.1056123841600492,-0.6929488241672516,-1.352521882158842,56.00000000000001,39.0,0.45170160260459,0.7941238866598406
AWAC,Go2PushRecovery,go2-push-recovery,medium-replay,2,AWAC-Go2PushRecovery-42f65c25,,default,100.0,0.1346653427901037,True,full,json,0.1346653427901037,0.1834338481000889,0.0707727782428264,1.0,0.0,,,,,,,
BC,Go2PushRecovery,go2-push-recovery,medium-replay,2,BC-Go2PushRecovery-e26f868e,,default,100.0,0.1381060889596119,True,full,json,0.1381060889596119,0.1768107050113971,0.0726872012019157,1.0,0.0,,,,,,,
CQL,Go2PushRecovery,go2-push-recovery,medium-replay,2,CQL-Go2PushRecovery-ef7a7e6f,,default,100.0,0.3332844055001624,True,full,json,0.3332844055001624,0.2555793284458523,0.2604580968618393,1.0,0.0,,,,,,,
DT,Go2PushRecovery,go2-push-recovery,medium-replay,2,DT-Go2PushRecovery-4ad3990d,,default,100.0,0.2570246467925608,True,full,json,0.2570246467925608,0.2523084346907128,0.1703934147953987,1.0,0.0,,,,,,,
IQL,Go2PushRecovery,go2-push-recovery,medium-replay,2,IQL-Go2PushRecovery-a0d601f6,,default,100.0,0.1772237618034705,True,full,json,0.1772237618034705,0.2075949851944795,0.0752927102148532,1.0,0.0,,,,,,,
TD3-BC,Go2PushRecovery,go2-push-recovery,medium-replay,2,TD3-BC-Go2PushRecovery-8a6035ab,,default,100.0,0.3498483333922922,True,full,json,0.3498483333922922,0.2797763082230122,0.282969206571579,1.0,0.0,,,,,,,
AWAC,Go2PushRecovery,go2-push-recovery,medium-replay,2,AWAC-Go2PushRecovery-42f65c25,,humanoid_gym_relative,100.0,0.1346653427901037,True,full,json,0.0865266135032288,0.1005213422803145,0.0534405540674924,0.642530674266308,0.0481387292868748,-0.0481387292868748,-0.3055170431733131,-1.2687132178433431,54.0,24.0,0.468531736942685,0.778884344580255
BC,Go2PushRecovery,go2-push-recovery,medium-replay,2,BC-Go2PushRecovery-e26f868e,,humanoid_gym_relative,100.0,0.1381060889596119,True,full,json,0.0909561386890709,0.0987870567221946,0.063011422753334,0.6585961515112513,0.047149950270541,-0.047149950270541,-0.3291045108810067,-1.382983352582309,51.0,22.0,0.4597605862298506,0.8150561643147144
CQL,Go2PushRecovery,go2-push-recovery,medium-replay,2,CQL-Go2PushRecovery-ef7a7e6f,,humanoid_gym_relative,100.0,0.3332844055001624,True,full,json,0.187695330879651,0.1990356746811389,0.0993209518492221,0.5631686565051708,0.1455890746205114,-0.1455890746205113,-0.4624794922769069,-0.3876421598030081,71.0,39.0,0.4607074005651693,0.6613093668720487
DT,Go2PushRecovery,go2-push-recovery,medium-replay,2,DT-Go2PushRecovery-4ad3990d,,humanoid_gym_relative,100.0,0.2570246467925608,True,full,json,0.1591567969508469,0.1629612817235356,0.0889694802463054,0.6192277625394386,0.0978678498417139,-0.0978678498417139,-0.6026610668748618,-1.344759829049612,56.99999999999999,31.0,0.502422165243707,0.7181336827492318
IQL,Go2PushRecovery,go2-push-recovery,medium-replay,2,IQL-Go2PushRecovery-a0d601f6,,humanoid_gym_relative,100.0,0.1772237618034705,True,full,json,0.1064576366380788,0.1409335578356577,0.0619059149175882,0.6006961795345103,0.0707661251653917,-0.0707661251653917,-0.3754242185503244,-1.118362767666816,53.0,32.0,0.4463501863816068,0.7541501712891561
TD3-BC,Go2PushRecovery,go2-push-recovery,medium-replay,2,TD3-BC-Go2PushRecovery-8a6035ab,,humanoid_gym_relative,100.0,0.3498483333922922,True,full,json,0.2324257279094308,0.2553444518970953,0.1067152060568332,0.6643613981399392,0.1174226054828614,-0.1174226054828614,-0.6486618802882731,-0.8541231110022609,62.0,37.0,0.5086576436387225,0.7976446096687826
AWAC,Go2RoughCurriculum,go2-rough-terrain,expert,0,AWAC-Go2RoughCurriculum-dfa0d988,,default,100.0,0.9424897974357008,True,full,json,0.9424897974357008,0.161084877488912,0.9301253855228424,1.0,0.0,,,,,,,
BC,Go2RoughCurriculum,go2-rough-terrain,expert,0,BC-Go2RoughCurriculum-6497e81a,,default,100.0,0.9321458876878024,True,full,json,0.9321458876878024,0.1752184132978106,0.9290605187416076,1.0,0.0,,,,,,,
CQL,Go2RoughCurriculum,go2-rough-terrain,expert,0,CQL-Go2RoughCurriculum-0a64b740,,default,100.0,-0.0493198573589324,False,full,json,-0.0493198573589324,0.0051468942359493,-0.0498326048254966,1.0,0.0,,,,,,,
IQL,Go2RoughCurriculum,go2-rough-terrain,expert,0,IQL-Go2RoughCurriculum-c3bab948,,default,100.0,0.958283236026764,True,full,json,0.958283236026764,0.0895816380949213,0.9323176145553588,1.0,0.0,,,,,,,
TD3-BC,Go2RoughCurriculum,go2-rough-terrain,expert,0,TD3-BC-Go2RoughCurriculum-bd8c34e5,,default,100.0,0.7493564289994538,True,full,json,0.7493564289994538,0.2749569042305766,0.812806248664856,1.0,0.0,,,,,,,
DT,Go2RoughCurriculum,go2-rough-terrain,expert,0,DT-Go2RoughCurriculum-10488c9b,,default,100.0,0.9584797275066376,True,full,json,0.9584797275066376,0.0879748450334769,0.9338802397251128,1.0,0.0,,,,,,,
AWAC,Go2RoughCurriculum,go2-rough-terrain,expert,0,AWAC-Go2RoughCurriculum-dfa0d988,,humanoid_gym_relative,100.0,0.9424897974357008,True,full,json,0.7759108051098883,0.3120871671148957,0.8711465895175934,0.8232564503307771,0.1665789923258126,-0.1665789923258125,-0.9499880846589804,-0.0079558285338265,29.0,15.0,0.7577385172181809,0.8982414611172593
BC,Go2RoughCurriculum,go2-rough-terrain,expert,0,BC-Go2RoughCurriculum-6497e81a,,humanoid_gym_relative,100.0,0.9321458876878024,True,full,json,0.7475875644292682,0.3248202274769142,0.8561728298664093,0.8020070402109127,0.184558323258534,-0.184558323258534,-0.9026873093564064,0.0316029697931386,34.0,16.0,0.733466782010834,0.8781009176679841
CQL,Go2RoughCurriculum,go2-rough-terrain,expert,0,CQL-Go2RoughCurriculum-0a64b740,,humanoid_gym_relative,100.0,-0.0493198573589324,False,full,json,-0.0493457435071468,0.0052658512795727,-0.0502021070569753,1.0005248625928893,2.5886148214339377e-05,-2.588614821434021e-05,-0.0027352252975106,1.0554589052763197,4.0,0.0,0.9915022736220452,1.0092313834375188
IQL,Go2RoughCurriculum,go2-rough-terrain,expert,0,IQL-Go2RoughCurriculum-c3bab948,,humanoid_gym_relative,100.0,0.958283236026764,True,full,json,0.7040737126482418,0.3623438678580815,0.8516189157962799,0.7347240212272457,0.2542095233785221,-0.2542095233785221,-1.0086271945387124,-0.0525355725940534,38.0,24.0,0.6594942195644663,0.8127371900631118
TD3-BC,Go2RoughCurriculum,go2-rough-terrain,expert,0,TD3-BC-Go2RoughCurriculum-bd8c34e5,,humanoid_gym_relative,100.0,0.7493564289994538,True,full,json,0.4766334007564001,0.3823604016784278,0.5604153871536255,0.6360569981267853,0.2727230282430536,-0.2727230282430537,-1.0972268095239996,-0.4642255234788937,48.0,36.0,0.5407905095426994,0.7341929930685355
DT,Go2RoughCurriculum,go2-rough-terrain,expert,0,DT-Go2RoughCurriculum-10488c9b,,humanoid_gym_relative,100.0,0.9584797275066376,True,full,json,0.8037053495272994,0.2764083722165688,0.8786852955818176,0.8385209686364845,0.1547743779793381,-0.1547743779793381,-0.8722460408229381,0.0899692337865354,27.0,12.0,0.786166240385183,0.9015257735980196
BC,Go2RoughCurriculum,go2-rough-terrain,expert,1,BC-Go2RoughCurriculum-ae40150c,,default,100.0,0.9358476161956788,True,full,json,0.9358476161956788,0.1576396768999561,0.9265937507152556,1.0,0.0,,,,,,,
AWAC,Go2RoughCurriculum,go2-rough-terrain,expert,1,AWAC-Go2RoughCurriculum-e08dea9c,,default,100.0,-0.0540799538791179,False,full,json,-0.0540799538791179,0.0032027354137795,-0.0556979272514581,1.0,0.0,,,,,,,
CQL,Go2RoughCurriculum,go2-rough-terrain,expert,1,CQL-Go2RoughCurriculum-69c321fe,,default,100.0,-0.0525154980644583,False,full,json,-0.0525154980644583,0.0050217415955678,-0.0541968792676925,1.0,0.0,,,,,,,
DT,Go2RoughCurriculum,go2-rough-terrain,expert,1,DT-Go2RoughCurriculum-8f4d8d5c,,default,100.0,0.9468911719694734,True,full,json,0.9468911719694734,0.1338824379498995,0.9310749769210817,1.0,0.0,,,,,,,
IQL,Go2RoughCurriculum,go2-rough-terrain,expert,1,IQL-Go2RoughCurriculum-af04999a,,default,100.0,0.9094883334822952,True,full,json,0.9094883334822952,0.2118365733559256,0.9277853667736052,1.0,0.0,,,,,,,
TD3-BC,Go2RoughCurriculum,go2-rough-terrain,expert,1,TD3-BC-Go2RoughCurriculum-dd85804d,,default,100.0,0.7942065368965268,True,full,json,0.7942065368965268,0.2124664665146098,0.8271970450878143,1.0,0.0,,,,,,,
BC,Go2RoughCurriculum,go2-rough-terrain,expert,1,BC-Go2RoughCurriculum-ae40150c,,humanoid_gym_relative,100.0,0.9358476161956788,True,full,json,0.685379788375094,0.3744473419785694,0.8500026762485504,0.7323625946297075,0.2504678278205847,-0.2504678278205847,-1.136262544710189,-0.2141533782275565,37.0,25.0,0.6493030044170758,0.8121466065851208
AWAC,Go2RoughCurriculum,go2-rough-terrain,expert,1,AWAC-Go2RoughCurriculum-e08dea9c,,humanoid_gym_relative,100.0,-0.0540799538791179,False,full,json,-0.0537447538319975,0.0052518757836253,-0.055527152493596,0.9938017689906004,-0.0003352000471204,0.0003352000471204,-0.0023803612217307,1.044015592673237,1.0,0.0,0.9834608284156658,1.0101263568577057
CQL,Go2RoughCurriculum,go2-rough-terrain,expert,1,CQL-Go2RoughCurriculum-69c321fe,,humanoid_gym_relative,100.0,-0.0525154980644583,False,full,json,-0.0518994656205177,0.004767352366332,-0.053416583687067,0.9882695115414404,-0.0006160324439406,0.0006160324439406,-0.0021720901131629,1.0413609352137714,2.0,1.0,0.9734382780899966,1.0017941259625067
DT,Go2RoughCurriculum,go2-rough-terrain,expert,1,DT-Go2RoughCurriculum-8f4d8d5c,,humanoid_gym_relative,100.0,0.9468911719694734,True,full,json,0.7722087767487392,0.2994316247976766,0.8684829771518707,0.8155200931302318,0.1746823952207341,-0.1746823952207341,-0.9269765572622418,0.021031577119692,35.0,15.0,0.7464031717196508,0.881979609401661
IQL,Go2RoughCurriculum,go2-rough-terrain,expert,1,IQL-Go2RoughCurriculum-af04999a,,humanoid_gym_relative,100.0,0.9094883334822952,True,full,json,0.6965199748199302,0.3776663289780171,0.859491378068924,0.7658371736920022,0.212968358662365,-0.212968358662365,-0.9754710428416729,-0.072549264163444,33.0,23.0,0.6915127984607996,0.8475587398870069
TD3-BC,Go2RoughCurriculum,go2-rough-terrain,expert,1,TD3-BC-Go2RoughCurriculum-dd85804d,,humanoid_gym_relative,100.0,0.7942065368965268,True,full,json,0.5023292599059641,0.3873373811788544,0.6723848283290863,0.6324919735222604,0.2918772769905626,-0.2918772769905626,-0.9807726481929422,-0.2349088085140278,46.0,38.0,0.5454887836673908,0.7215312398648352
AWAC,Go2RoughCurriculum,go2-rough-terrain,expert,2,AWAC-Go2RoughCurriculum-5c45e8d7,,default,100.0,0.9546258123219014,True,full,json,0.9546258123219014,0.1170026991490084,0.9331187307834624,1.0,0.0,,,,,,,
BC,Go2RoughCurriculum,go2-rough-terrain,expert,2,BC-Go2RoughCurriculum-aa015118,,default,100.0,0.917652305327356,True,full,json,0.917652305327356,0.2099382999757077,0.924399107694626,1.0,0.0,,,,,,,
CQL,Go2RoughCurriculum,go2-rough-terrain,expert,2,CQL-Go2RoughCurriculum-f853750b,,default,100.0,-0.0461580771121225,False,full,json,-0.0461580771121225,0.0259906144834504,-0.0531790610402822,1.0,0.0,,,,,,,
DT,Go2RoughCurriculum,go2-rough-terrain,expert,2,DT-Go2RoughCurriculum-2658cebb,,default,100.0,0.9369736259803176,True,full,json,0.9369736259803176,0.1565443948232672,0.9318073987960817,1.0,0.0,,,,,,,
IQL,Go2RoughCurriculum,go2-rough-terrain,expert,2,IQL-Go2RoughCurriculum-45c03089,,default,100.0,0.946678452603519,True,full,json,0.946678452603519,0.1322391488777017,0.9293143153190612,1.0,0.0,,,,,,,
TD3-BC,Go2RoughCurriculum,go2-rough-terrain,expert,2,TD3-BC-Go2RoughCurriculum-7a29d6a4,,default,100.0,0.7924709255434572,True,full,json,0.7924709255434572,0.2416795420308253,0.8248269557952881,1.0,0.0,,,,,,,
AWAC,Go2RoughCurriculum,go2-rough-terrain,expert,2,AWAC-Go2RoughCurriculum-5c45e8d7,,humanoid_gym_relative,100.0,0.9546258123219014,True,full,json,0.7065303950570524,0.3625044533985126,0.8632236123085022,0.7401123937122384,0.2480954172648489,-0.2480954172648489,-1.0470899166539311,-0.0968590029083047,34.0,24.0,0.6672924387248691,0.8163200508895142
BC,Go2RoughCurriculum,go2-rough-terrain,expert,2,BC-Go2RoughCurriculum-aa015118,,humanoid_gym_relative,100.0,0.917652305327356,True,full,json,0.7025122303829994,0.360135288524424,0.8519494235515594,0.765553822841856,0.2151400749443565,-0.2151400749443564,-1.0544470087625086,-0.149070298893167,37.0,23.0,0.6951808256476589,0.8418192266435376
CQL,Go2RoughCurriculum,go2-rough-terrain,expert,2,CQL-Go2RoughCurriculum-f853750b,,humanoid_gym_relative,100.0,-0.0461580771121225,False,full,json,-0.0487324657011777,0.016540621641213,-0.0524894353002309,1.0557733066479722,0.0025743885890551,-0.0025743885890551,-0.0094236718490719,1.2041608411498803,8.0,5.0,0.9343438632574363,1.1279896695848484
DT,Go2RoughCurriculum,go2-rough-terrain,expert,2,DT-Go2RoughCurriculum-2658cebb,,humanoid_gym_relative,100.0,0.9369736259803176,True,full,json,0.7543159477133304,0.3188751681992344,0.8735474348068237,0.8050556886530505,0.1826576782669872,-0.1826576782669872,-0.9398229349404572,-0.0030409702910885,32.0,18.0,0.7445542392084993,0.870029433602961
IQL,Go2RoughCurriculum,go2-rough-terrain,expert,2,IQL-Go2RoughCurriculum-45c03089,,humanoid_gym_relative,100.0,0.946678452603519,True,full,json,0.6820942447520792,0.3882447654251664,0.8614846169948578,0.7205131191865725,0.2645842078514397,-0.2645842078514397,-1.035509697534144,-0.0938346538746336,39.0,26.0,0.6425754695733483,0.7926604531403505
TD3-BC,Go2RoughCurriculum,go2-rough-terrain,expert,2,TD3-BC-Go2RoughCurriculum-7a29d6a4,,humanoid_gym_relative,100.0,0.7924709255434572,True,full,json,0.5531907896173652,0.3840213394750784,0.7390342056751251,0.69805815177131,0.2392801359260919,-0.239280135926092,-1.068383358977735,-0.3481672633542533,40.0,30.0,0.60959420984646,0.7940373196629382
AWAC,Go2RoughCurriculum,go2-rough-terrain,medium,0,AWAC-Go2RoughCurriculum-7d5c5d15,,default,100.0,0.5565452763449866,True,full,json,0.5565452763449866,0.2431261135825232,0.6400058567523956,1.0,0.0,,,,,,,
BC,Go2RoughCurriculum,go2-rough-terrain,medium,0,BC-Go2RoughCurriculum-ff09c5ce,,default,100.0,0.5171783630829304,True,full,json,0.5171783630829304,0.2166659527723153,0.5664657950401306,1.0,0.0,,,,,,,
CQL,Go2RoughCurriculum,go2-rough-terrain,medium,0,CQL-Go2RoughCurriculum-6e8e9a43,,default,100.0,0.5865845400094986,True,full,json,0.5865845400094986,0.172791258300593,0.6521348357200623,1.0,0.0,,,,,,,
IQL,Go2RoughCurriculum,go2-rough-terrain,medium,0,IQL-Go2RoughCurriculum-caac6091,,default,100.0,0.5155748048122041,True,full,json,0.5155748048122041,0.2552824141407254,0.5974910259246826,1.0,0.0,,,,,,,
TD3-BC,Go2RoughCurriculum,go2-rough-terrain,medium,0,TD3-BC-Go2RoughCurriculum-a1bc7972,,default,100.0,0.6665566267073154,True,full,json,0.6665566267073154,0.1274784668675857,0.6842648386955261,1.0,0.0,,,,,,,
DT,Go2RoughCurriculum,go2-rough-terrain,medium,0,DT-Go2RoughCurriculum-56f8b525,,default,100.0,0.5433750179782509,True,full,json,0.5433750179782509,0.2469068402164431,0.6111251413822174,1.0,0.0,,,,,,,
AWAC,Go2RoughCurriculum,go2-rough-terrain,medium,0,AWAC-Go2RoughCurriculum-7d5c5d15,,humanoid_gym_relative,100.0,0.5565452763449866,True,full,json,0.4628985082916915,0.2438024567444295,0.5446328520774841,0.831735580134102,0.093646768053295,-0.0936467680532951,-0.5547960817813873,0.0031429510552795,47.0,19.0,0.7654878452324833,0.908551492514375
BC,Go2RoughCurriculum,go2-rough-terrain,medium,0,BC-Go2RoughCurriculum-ff09c5ce,,humanoid_gym_relative,100.0,0.5171783630829304,True,full,json,0.4385467084555421,0.2684364487316332,0.5309747159481049,0.8479602778456151,0.0786316546273883,-0.0786316546273883,-0.6787256555166096,-0.3123628209631321,40.0,24.0,0.741783025778862,0.949340408083506
CQL,Go2RoughCurriculum,go2-rough-terrain,medium,0,CQL-Go2RoughCurriculum-6e8e9a43,,humanoid_gym_relative,100.0,0.5865845400094986,True,full,json,0.463671595081687,0.2096105766604615,0.5210432708263397,0.7904599651981601,0.1229129449278115,-0.1229129449278116,-0.6172415796201676,-0.0522636338321712,50.0,13.0,0.7268282002476041,0.8542999652540401
IQL,Go2RoughCurriculum,go2-rough-terrain,medium,0,IQL-Go2RoughCurriculum-caac6091,,humanoid_gym_relative,100.0,0.5155748048122041,True,full,json,0.4385512103667133,0.2671427406024094,0.5264392197132111,0.8506063645341508,0.0770235944454907,-0.0770235944454907,-0.6415544364892412,-0.2443479210023162,45.0,16.0,0.7597612641911591,0.9356208794206936
TD3-BC,Go2RoughCurriculum,go2-rough-terrain,medium,0,TD3-BC-Go2RoughCurriculum-a1bc7972,,humanoid_gym_relative,100.0,0.6665566267073154,True,full,json,0.5959809727827087,0.1713030938142373,0.6311266720294952,0.8941190424086858,0.0705756539246067,-0.0705756539246067,-0.4057300180196762,0.3913045017286551,33.0,9.0,0.8455379829405294,0.9496743866220884
DT,Go2RoughCurriculum,go2-rough-terrain,medium,0,DT-Go2RoughCurriculum-56f8b525,,humanoid_gym_relative,100.0,0.5433750179782509,True,full,json,0.4475971461308654,0.261817254427341,0.534803181886673,0.8237352313255979,0.0957778718473855,-0.0957778718473855,-0.6461009878665209,-0.189051698163241,49.0,14.000000000000002,0.7497616526432332,0.9027637061988816
BC,Go2RoughCurriculum,go2-rough-terrain,medium,1,BC-Go2RoughCurriculum-1fd8aa3c,,default,100.0,0.540323558789678,True,full,json,0.540323558789678,0.2318136399178209,0.6117481887340546,1.0,0.0,,,,,,,
AWAC,Go2RoughCurriculum,go2-rough-terrain,medium,1,AWAC-Go2RoughCurriculum-b45f3edc,,default,100.0,0.5687985971337184,True,full,json,0.5687985971337184,0.2412521251875612,0.655678927898407,1.0,0.0,,,,,,,
CQL,Go2RoughCurriculum,go2-rough-terrain,medium,1,CQL-Go2RoughCurriculum-ea9fd0a5,,default,100.0,0.5871250816527754,True,full,json,0.5871250816527754,0.1479374306243834,0.6494434773921967,1.0,0.0,,,,,,,
DT,Go2RoughCurriculum,go2-rough-terrain,medium,1,DT-Go2RoughCurriculum-bff3b624,,default,100.0,0.5322523724194617,True,full,json,0.5322523724194617,0.2505104470882477,0.6094705164432526,1.0,0.0,,,,,,,
IQL,Go2RoughCurriculum,go2-rough-terrain,medium,1,IQL-Go2RoughCurriculum-52be6a74,,default,100.0,0.5403905314602889,True,full,json,0.5403905314602889,0.2459031107679137,0.6248509287834167,1.0,0.0,,,,,,,
TD3-BC,Go2RoughCurriculum,go2-rough-terrain,medium,1,TD3-BC-Go2RoughCurriculum-6cf3cb80,,default,100.0,0.6353835866600275,True,full,json,0.6353835866600275,0.151993321328054,0.6536297500133514,1.0,0.0,,,,,,,
BC,Go2RoughCurriculum,go2-rough-terrain,medium,1,BC-Go2RoughCurriculum-1fd8aa3c,,humanoid_gym_relative,100.0,0.540323558789678,True,full,json,0.4649084012431558,0.2590624462151534,0.5667150616645813,0.8604259312411775,0.0754151575465221,-0.0754151575465221,-0.6619638819247484,-0.2251249666173064,44.0,20.0,0.7735090262690973,0.9569755599077624
AWAC,Go2RoughCurriculum,go2-rough-terrain,medium,1,AWAC-Go2RoughCurriculum-b45f3edc,,humanoid_gym_relative,100.0,0.5687985971337184,True,full,json,0.4764725518575869,0.2697541078744137,0.5860458314418793,0.8376823611355945,0.0923260452761314,-0.0923260452761314,-0.6858146701473743,-0.2057249676833269,44.0,18.0,0.7493039855498002,0.9214317743402064
CQL,Go2RoughCurriculum,go2-rough-terrain,medium,1,CQL-Go2RoughCurriculum-ea9fd0a5,,humanoid_gym_relative,100.0,0.5871250816527754,True,full,json,0.4616018127067945,0.2067892448129283,0.5106496214866638,0.786206938063983,0.1255232689459808,-0.1255232689459808,-0.5436420202255249,0.0740609842537204,49.0,15.0,0.7215428805317523,0.8525577050603922
DT,Go2RoughCurriculum,go2-rough-terrain,medium,1,DT-Go2RoughCurriculum-bff3b624,,humanoid_gym_relative,100.0,0.5322523724194617,True,full,json,0.4533275557681918,0.2698757714429161,0.5605943202972412,0.8517154253488792,0.0789248166512698,-0.0789248166512698,-0.6770376052008942,-0.2720236494640347,45.0,20.0,0.7444220868559356,0.9485403999914216
IQL,Go2RoughCurriculum,go2-rough-terrain,medium,1,IQL-Go2RoughCurriculum-52be6a74,,humanoid_gym_relative,100.0,0.5403905314602889,True,full,json,0.4352388525696005,0.2715462588394191,0.512629896402359,0.8054153935552153,0.1051516788906883,-0.1051516788906883,-0.6604673940688371,-0.2222038611299616,46.0,21.0,0.7081064422460196,0.8993057239054404
TD3-BC,Go2RoughCurriculum,go2-rough-terrain,medium,1,TD3-BC-Go2RoughCurriculum-6cf3cb80,,humanoid_gym_relative,100.0,0.6353835866600275,True,full,json,0.5887733785063028,0.1437381406216162,0.6011765599250793,0.926642410769946,0.0466102081537246,-0.0466102081537246,-0.2248768240213394,0.6460770647170282,35.0,2.0,0.8846393273289661,0.967153590243221
AWAC,Go2RoughCurriculum,go2-rough-terrain,medium,2,AWAC-Go2RoughCurriculum-42af96f1,,default,100.0,0.5383393601827265,True,full,json,0.5383393601827265,0.2376503059824904,0.6170826554298401,1.0,0.0,,,,,,,
BC,Go2RoughCurriculum,go2-rough-terrain,medium,2,BC-Go2RoughCurriculum-b4b4f60f,,default,100.0,0.5404649925371632,True,full,json,0.5404649925371632,0.2453009986089044,0.6301856935024261,1.0,0.0,,,,,,,
CQL,Go2RoughCurriculum,go2-rough-terrain,medium,2,CQL-Go2RoughCurriculum-ab707794,,default,100.0,0.5870528258290142,True,full,json,0.5870528258290142,0.1399635501781509,0.6330974698066711,1.0,0.0,,,,,,,
DT,Go2RoughCurriculum,go2-rough-terrain,medium,2,DT-Go2RoughCurriculum-141709a4,,default,100.0,0.5255832721013576,True,full,json,0.5255832721013576,0.2542650598573756,0.6045123636722565,1.0,0.0,,,,,,,
IQL,Go2RoughCurriculum,go2-rough-terrain,medium,2,IQL-Go2RoughCurriculum-e24930c3,,default,100.0,0.5453255778271705,True,full,json,0.5453255778271705,0.2475624316815612,0.6239258050918579,1.0,0.0,,,,,,,
TD3-BC,Go2RoughCurriculum,go2-rough-terrain,medium,2,TD3-BC-Go2RoughCurriculum-67948cd1,,default,100.0,0.6740692695789039,True,full,json,0.6740692695789039,0.1451364998709564,0.698577493429184,1.0,0.0,,,,,,,
AWAC,Go2RoughCurriculum,go2-rough-terrain,medium,2,AWAC-Go2RoughCurriculum-42af96f1,,humanoid_gym_relative,100.0,0.5383393601827265,True,full,json,0.4884963979013264,0.2557499106774855,0.5876216292381287,0.9074134905081396,0.0498429622814001,-0.0498429622814001,-0.584420872433111,-0.0855993740356328,42.0,19.0,0.8095028222734113,0.9997384736394423
BC,Go2RoughCurriculum,go2-rough-terrain,medium,2,BC-Go2RoughCurriculum-b4b4f60f,,humanoid_gym_relative,100.0,0.5404649925371632,True,full,json,0.4636210539424792,0.2686976978176579,0.5700173079967499,0.8578188418199907,0.0768439385946839,-0.076843938594684,-0.5438991978764534,-0.0063541679603865,41.0,20.0,0.7810995603028271,0.9351479124970722
CQL,Go2RoughCurriculum,go2-rough-terrain,medium,2,CQL-Go2RoughCurriculum-ab707794,,humanoid_gym_relative,100.0,0.5870528258290142,True,full,json,0.4536373843206093,0.2105312988608701,0.5095848143100739,0.772736906052704,0.1334154415084049,-0.1334154415084049,-0.5805539262481033,0.0110703829280327,51.0,18.0,0.7093162155446818,0.8402708353111173
DT,Go2RoughCurriculum,go2-rough-terrain,medium,2,DT-Go2RoughCurriculum-141709a4,,humanoid_gym_relative,100.0,0.5255832721013576,True,full,json,0.4355735342996195,0.2803512992652083,0.5295882523059845,0.8287431457971137,0.0900097378017381,-0.090009737801738,-0.6950314386747778,-0.3224002276479273,46.0,19.0,0.7224650126888501,0.92757222019533
IQL,Go2RoughCurriculum,go2-rough-terrain,medium,2,IQL-Go2RoughCurriculum-e24930c3,,humanoid_gym_relative,100.0,0.5453255778271705,True,full,json,0.4590790445823222,0.2756361896764985,0.5403690040111542,0.8418439612011335,0.0862465332448482,-0.0862465332448482,-0.6238961523398757,-0.1440801196704668,43.0,23.0,0.7544830328590735,0.9267077947060708
TD3-BC,Go2RoughCurriculum,go2-rough-terrain,medium,2,TD3-BC-Go2RoughCurriculum-67948cd1,,humanoid_gym_relative,100.0,0.6740692695789039,True,full,json,0.5769247143727262,0.2130382924069791,0.6284744143486023,0.8558834238699761,0.0971445552061777,-0.0971445552061777,-0.5957017853856087,0.1162602832231944,40.0,11.0,0.8009633686185086,0.915089054592305
AWAC,Go2RoughCurriculum,go2-rough-terrain,medium-expert,0,AWAC-Go2RoughCurriculum-65636487,,default,100.0,0.5481990137579851,True,full,json,0.5481990137579851,0.3950654240114558,0.7085939347743988,1.0,0.0,,,,,,,
BC,Go2RoughCurriculum,go2-rough-terrain,medium-expert,0,BC-Go2RoughCurriculum-a77e4ed6,,default,100.0,0.7607427131570875,True,full,json,0.7607427131570875,0.2963749393870836,0.864463210105896,1.0,0.0,,,,,,,
CQL,Go2RoughCurriculum,go2-rough-terrain,medium-expert,0,CQL-Go2RoughCurriculum-aeb6a979,,default,100.0,0.0881254897192957,True,full,json,0.0881254897192957,0.1738219873006289,0.0187504570931196,1.0,0.0,,,,,,,
IQL,Go2RoughCurriculum,go2-rough-terrain,medium-expert,0,IQL-Go2RoughCurriculum-9997123b,,default,100.0,0.8365220443438739,True,full,json,0.8365220443438739,0.2377545969253924,0.8797292113304138,1.0,0.0,,,,,,,
TD3-BC,Go2RoughCurriculum,go2-rough-terrain,medium-expert,0,TD3-BC-Go2RoughCurriculum-db22f4cf,,default,100.0,0.8146167832612992,True,full,json,0.8146167832612992,0.2345990703095668,0.8553416430950165,1.0,0.0,,,,,,,
DT,Go2RoughCurriculum,go2-rough-terrain,medium-expert,0,DT-Go2RoughCurriculum-9ee7a560,,default,100.0,0.9115173817332834,True,full,json,0.9115173817332834,0.1933535462009583,0.9194575548171996,1.0,0.0,,,,,,,
AWAC,Go2RoughCurriculum,go2-rough-terrain,medium-expert,0,AWAC-Go2RoughCurriculum-65636487,,humanoid_gym_relative,100.0,0.5481990137579851,True,full,json,0.2953526027197949,0.360896676595037,0.1099060103297233,0.5387689421312697,0.2528464110381901,-0.2528464110381901,-0.9144441479817031,-0.6680879115652795,57.99999999999999,39.0,0.4126378745481597,0.6560821850649452
BC,Go2RoughCurriculum,go2-rough-terrain,medium-expert,0,BC-Go2RoughCurriculum-a77e4ed6,,humanoid_gym_relative,100.0,0.7607427131570875,True,full,json,0.4924916470970493,0.366570280918375,0.5983626544475555,0.6473826677263927,0.2682510660600382,-0.2682510660600383,-0.9471873274073004,-0.2450823531078813,55.00000000000001,34.0,0.5681584597382389,0.7398730011585878
CQL,Go2RoughCurriculum,go2-rough-terrain,medium-expert,0,CQL-Go2RoughCurriculum-aeb6a979,,humanoid_gym_relative,100.0,0.0881254897192957,True,full,json,0.0744691062299534,0.169400834557118,-0.0007699956186115,0.8450348073770522,0.0136563834893422,-0.0136563834893422,-0.0402496568858623,0.5432688429412564,31.0,9.0,0.7673074500468507,0.9654000990331946
IQL,Go2RoughCurriculum,go2-rough-terrain,medium-expert,0,IQL-Go2RoughCurriculum-9997123b,,humanoid_gym_relative,100.0,0.8365220443438739,True,full,json,0.4926594227285386,0.3713728019410921,0.6054563224315643,0.5889377644733272,0.3438626216153352,-0.3438626216153352,-0.9413791559636592,-0.1253488922722055,61.0,39.0,0.5055680728012054,0.6758264550388728
TD3-BC,Go2RoughCurriculum,go2-rough-terrain,medium-expert,0,TD3-BC-Go2RoughCurriculum-db22f4cf,,humanoid_gym_relative,100.0,0.8146167832612992,True,full,json,0.5591236407193355,0.3713893453117979,0.7335858047008514,0.6863640084616194,0.2554931425419636,-0.2554931425419636,-0.9706222584471106,-0.1915078088144061,46.0,32.0,0.5962764458068828,0.7724094772020574
DT,Go2RoughCurriculum,go2-rough-terrain,medium-expert,0,DT-Go2RoughCurriculum-9ee7a560,,humanoid_gym_relative,100.0,0.9115173817332834,True,full,json,0.6465377572295256,0.3945949341885325,0.8361592888832092,0.7092983306583913,0.2649796245037579,-0.2649796245037578,-1.0451685752719642,-0.1466249533108607,39.0,27.0,0.6294407502659165,0.7969180040931373
BC,Go2RoughCurriculum,go2-rough-terrain,medium-expert,1,BC-Go2RoughCurriculum-01e0abd4,,default,100.0,0.7929666808643379,True,full,json,0.7929666808643379,0.297983939977998,0.8779505789279938,1.0,0.0,,,,,,,
AWAC,Go2RoughCurriculum,go2-rough-terrain,medium-expert,1,AWAC-Go2RoughCurriculum-02214574,,default,100.0,0.3222807820723392,True,full,json,0.3222807820723392,0.3765165555084708,0.1496228873729705,1.0,0.0,,,,,,,
CQL,Go2RoughCurriculum,go2-rough-terrain,medium-expert,1,CQL-Go2RoughCurriculum-0f40d674,,default,100.0,0.0986463826405815,True,full,json,0.0986463826405815,0.1873251951590111,0.0179806509986519,1.0,0.0,,,,,,,
DT,Go2RoughCurriculum,go2-rough-terrain,medium-expert,1,DT-Go2RoughCurriculum-e6020149,,default,100.0,0.8716149776242673,True,full,json,0.8716149776242673,0.2443346872184173,0.9139163792133332,1.0,0.0,,,,,,,
IQL,Go2RoughCurriculum,go2-rough-terrain,medium-expert,1,IQL-Go2RoughCurriculum-1febf357,,default,100.0,0.7208187850937248,True,full,json,0.7208187850937248,0.3356139888342294,0.8508554399013519,1.0,0.0,,,,,,,
TD3-BC,Go2RoughCurriculum,go2-rough-terrain,medium-expert,1,TD3-BC-Go2RoughCurriculum-daedf78b,,default,100.0,0.7632327697542496,True,full,json,0.7632327697542496,0.3114146191109793,0.8447231650352478,1.0,0.0,,,,,,,
BC,Go2RoughCurriculum,go2-rough-terrain,medium-expert,1,BC-Go2RoughCurriculum-01e0abd4,,humanoid_gym_relative,100.0,0.7929666808643379,True,full,json,0.4994225984998047,0.3649556241267332,0.624876856803894,0.6298153636864433,0.2935440823645331,-0.2935440823645331,-1.035918054357171,-0.3063828271170422,64.0,33.0,0.536129460155945,0.7199337992069115
AWAC,Go2RoughCurriculum,go2-rough-terrain,medium-expert,1,AWAC-Go2RoughCurriculum-02214574,,humanoid_gym_relative,100.0,0.3222807820723392,True,full,json,0.1799704752722755,0.3208255697120215,-0.016507108695805,0.5584275739776481,0.1423103068000637,-0.1423103068000637,-0.8528899547178298,-1.646418906003492,56.00000000000001,38.0,0.3789931594104266,0.7294300359920718
CQL,Go2RoughCurriculum,go2-rough-terrain,medium-expert,1,CQL-Go2RoughCurriculum-0f40d674,,humanoid_gym_relative,100.0,0.0986463826405815,True,full,json,0.0771296939440071,0.1702496829993356,-0.0185514623299241,0.7818806111221479,0.0215166886965744,-0.0215166886965744,-0.3302283633965999,-2.347597292034397,36.0,22.0,0.4385514256490495,1.0354764792750877
DT,Go2RoughCurriculum,go2-rough-terrain,medium-expert,1,DT-Go2RoughCurriculum-e6020149,,humanoid_gym_relative,100.0,0.8716149776242673,True,full,json,0.6461936665140092,0.3902264728367033,0.8418577015399933,0.741375129045302,0.2254213111102581,-0.2254213111102581,-1.0422869903966785,-0.1958112436727583,42.0,26.0,0.6489092191641893,0.8348895049788635
IQL,Go2RoughCurriculum,go2-rough-terrain,medium-expert,1,IQL-Go2RoughCurriculum-1febf357,,humanoid_gym_relative,100.0,0.7208187850937248,True,full,json,0.4592715380107984,0.3513615190807084,0.5121231824159622,0.6371525652610197,0.2615472470829263,-0.2615472470829263,-0.9315255101770162,-0.2923158073022392,60.0,36.0,0.5385957058458231,0.7367468305067921
TD3-BC,Go2RoughCurriculum,go2-rough-terrain,medium-expert,1,TD3-BC-Go2RoughCurriculum-daedf78b,,humanoid_gym_relative,100.0,0.7632327697542496,True,full,json,0.5348139641934541,0.3770882192106039,0.7021206021308899,0.700721962404283,0.2284188055607955,-0.2284188055607955,-0.9610247047618032,-0.2591502132059133,48.0,29.0,0.6162150299192075,0.7967857296481831
AWAC,Go2RoughCurriculum,go2-rough-terrain,medium-expert,2,AWAC-Go2RoughCurriculum-50def463,,default,100.0,0.3201155290426686,True,full,json,0.3201155290426686,0.3400850252694463,0.1980954259634018,1.0,0.0,,,,,,,
BC,Go2RoughCurriculum,go2-rough-terrain,medium-expert,2,BC-Go2RoughCurriculum-5911c881,,default,100.0,0.8184113729000092,True,full,json,0.8184113729000092,0.272023572198427,0.8868699371814728,1.0,0.0,,,,,,,
CQL,Go2RoughCurriculum,go2-rough-terrain,medium-expert,2,CQL-Go2RoughCurriculum-c013abf3,,default,100.0,-0.0315351260732859,False,full,json,-0.0315351260732859,0.0635130574650924,-0.0524409487843513,1.0,0.0,,,,,,,
DT,Go2RoughCurriculum,go2-rough-terrain,medium-expert,2,DT-Go2RoughCurriculum-99d26741,,default,100.0,0.8793881095433608,True,full,json,0.8793881095433608,0.2456221672366896,0.9156189560890198,1.0,0.0,,,,,,,
IQL,Go2RoughCurriculum,go2-rough-terrain,medium-expert,2,IQL-Go2RoughCurriculum-379a841a,,default,100.0,0.8096722629107534,True,full,json,0.8096722629107534,0.2739801339220001,0.8838320374488831,1.0,0.0,,,,,,,
TD3-BC,Go2RoughCurriculum,go2-rough-terrain,medium-expert,2,TD3-BC-Go2RoughCurriculum-c2141932,,default,100.0,0.8444778227433563,True,full,json,0.8444778227433563,0.2177277640608313,0.8679856061935425,1.0,0.0,,,,,,,
AWAC,Go2RoughCurriculum,go2-rough-terrain,medium-expert,2,AWAC-Go2RoughCurriculum-50def463,,humanoid_gym_relative,100.0,0.3201155290426686,True,full,json,0.1641582998005469,0.2727114193921168,0.0294500095769763,0.5128095481386848,0.1559572292421217,-0.1559572292421217,-0.7947877122089266,-1.482815234193116,54.0,41.0,0.3720329771851386,0.6614254759417213
BC,Go2RoughCurriculum,go2-rough-terrain,medium-expert,2,BC-Go2RoughCurriculum-5911c881,,humanoid_gym_relative,100.0,0.8184113729000092,True,full,json,0.5287717362679542,0.3861254275103173,0.671443909406662,0.6460952936104393,0.289639636632055,-0.289639636632055,-1.0246797936037182,-0.252035134815887,54.0,34.0,0.5422077936273941,0.7361155411258006
CQL,Go2RoughCurriculum,go2-rough-terrain,medium-expert,2,CQL-Go2RoughCurriculum-c013abf3,,humanoid_gym_relative,100.0,-0.0315351260732859,False,full,json,-0.0359124479023739,0.0580608748080468,-0.0528079122304916,1.1388078112932027,0.004377321829088,-0.004377321829088,-0.0432562107220292,2.371683456140435,20.0,12.0,0.8656906208651804,1.2748440352945258
DT,Go2RoughCurriculum,go2-rough-terrain,medium-expert,2,DT-Go2RoughCurriculum-99d26741,,humanoid_gym_relative,100.0,0.8793881095433608,True,full,json,0.6373736757127335,0.402192566299355,0.8402224779129028,0.7247922376886606,0.2420144338306272,-0.2420144338306272,-1.011282785795629,-0.1499846027264993,43.0,28.000000000000004,0.6379853506509983,0.8178901163896717
IQL,Go2RoughCurriculum,go2-rough-terrain,medium-expert,2,IQL-Go2RoughCurriculum-379a841a,,humanoid_gym_relative,100.0,0.8096722629107534,True,full,json,0.5507485168788117,0.3632121733459108,0.6906277537345886,0.6802116635425836,0.2589237460319418,-0.2589237460319418,-1.02703422838822,-0.2684567267946852,55.00000000000001,28.000000000000004,0.5891388745330807,0.7644951863828852
TD3-BC,Go2RoughCurriculum,go2-rough-terrain,medium-expert,2,TD3-BC-Go2RoughCurriculum-c2141932,,humanoid_gym_relative,100.0,0.8444778227433563,True,full,json,0.6066684721823549,0.3624391227149002,0.7754338383674622,0.7183947947993968,0.2378093505610014,-0.2378093505610013,-0.9989108301349916,-0.1828739645168501,41.0,24.0,0.637923136500893,0.7978379055860025
AWAC,Go2RoughCurriculum,go2-rough-terrain,medium-replay,0,AWAC-Go2RoughCurriculum-618c7f15,,default,100.0,0.6743745577335357,True,full,json,0.6743745577335357,0.3774719094287952,0.8631099164485931,1.0,0.0,,,,,,,
BC,Go2RoughCurriculum,go2-rough-terrain,medium-replay,0,BC-Go2RoughCurriculum-f118da38,,default,100.0,0.2627272856028867,True,full,json,0.2627272856028867,0.3557818565165558,0.0657421350479126,1.0,0.0,,,,,,,
CQL,Go2RoughCurriculum,go2-rough-terrain,medium-replay,0,CQL-Go2RoughCurriculum-91a45d7c,,default,100.0,0.2758380719134584,True,full,json,0.2758380719134584,0.4229720951630074,-0.0346735250204801,1.0,0.0,,,,,,,
IQL,Go2RoughCurriculum,go2-rough-terrain,medium-replay,0,IQL-Go2RoughCurriculum-1c55b821,,default,100.0,0.5919580164388754,True,full,json,0.5919580164388754,0.3927180568770584,0.8033374845981598,1.0,0.0,,,,,,,
TD3-BC,Go2RoughCurriculum,go2-rough-terrain,medium-replay,0,TD3-BC-Go2RoughCurriculum-2f198241,,default,100.0,0.836213076133281,True,full,json,0.836213076133281,0.194412541844491,0.8530799746513367,1.0,0.0,,,,,,,
DT,Go2RoughCurriculum,go2-rough-terrain,medium-replay,0,DT-Go2RoughCurriculum-93eab48d,,default,100.0,0.1348050400509964,True,full,json,0.1348050400509964,0.2803317398000449,-0.0062873136484995,1.0,0.0,,,,,,,
AWAC,Go2RoughCurriculum,go2-rough-terrain,medium-replay,0,AWAC-Go2RoughCurriculum-618c7f15,,humanoid_gym_relative,100.0,0.6743745577335357,True,full,json,0.3621286321431398,0.4013659500915139,0.1695845276117324,0.5369844220698299,0.3122459255903959,-0.3122459255903959,-1.0769846951588988,-0.5970126435055185,54.0,43.0,0.4037168686432429,0.6645029578627808
BC,Go2RoughCurriculum,go2-rough-terrain,medium-replay,0,BC-Go2RoughCurriculum-f118da38,,humanoid_gym_relative,100.0,0.2627272856028867,True,full,json,0.140951115861535,0.2902029518363694,-0.0132842436432838,0.5364921102050406,0.1217761697413516,-0.1217761697413516,-0.8117067020386457,-2.089540929013149,45.0,33.0,0.3383203589646965,0.7168464821988265
CQL,Go2RoughCurriculum,go2-rough-terrain,medium-replay,0,CQL-Go2RoughCurriculum-91a45d7c,,humanoid_gym_relative,100.0,0.2758380719134584,True,full,json,0.0902706925780512,0.2910204911839668,-0.0487431436777114,0.3272597286946409,0.1855673793354071,-0.1855673793354071,-1.0239149337634443,-2.712014540489857,40.0,34.0,0.0938402434167584,0.503417747510283
IQL,Go2RoughCurriculum,go2-rough-terrain,medium-replay,0,IQL-Go2RoughCurriculum-1c55b821,,humanoid_gym_relative,100.0,0.5919580164388754,True,full,json,0.332156821032986,0.3897681235435729,0.1533095762133598,0.5611155044933563,0.2598011954058893,-0.2598011954058893,-1.0058955057524144,-0.6992683227836337,48.0,40.0,0.4248836196079572,0.674513951026952
TD3-BC,Go2RoughCurriculum,go2-rough-terrain,medium-replay,0,TD3-BC-Go2RoughCurriculum-2f198241,,humanoid_gym_relative,100.0,0.836213076133281,True,full,json,0.5799122982332483,0.3577425499791454,0.7472200691699982,0.6934982419968977,0.2563007779000327,-0.2563007779000327,-1.0108417612500489,-0.2088327605737349,48.0,28.000000000000004,0.6137779903569072,0.7839805783438782
DT,Go2RoughCurriculum,go2-rough-terrain,medium-replay,0,DT-Go2RoughCurriculum-93eab48d,,humanoid_gym_relative,100.0,0.1348050400509964,True,full,json,0.0654494222416542,0.2381702031478558,-0.0339688397943973,0.4855116857418303,0.0693556178093422,-0.0693556178093422,-0.6722309155389666,-3.9866897801793097,51.0,40.0,0.1360707853923034,0.7781808046200558
BC,Go2RoughCurriculum,go2-rough-terrain,medium-replay,1,BC-Go2RoughCurriculum-c386ab90,,default,100.0,0.4562330513622146,True,full,json,0.4562330513622146,0.3875873985722275,0.4589205831289291,1.0,0.0,,,,,,,
AWAC,Go2RoughCurriculum,go2-rough-terrain,medium-replay,1,AWAC-Go2RoughCurriculum-75a9e10e,,default,100.0,0.6486741258669645,True,full,json,0.6486741258669645,0.3960070309927761,0.8469880223274231,1.0,0.0,,,,,,,
CQL,Go2RoughCurriculum,go2-rough-terrain,medium-replay,1,CQL-Go2RoughCurriculum-c4972256,,default,100.0,0.1831056351587176,True,full,json,0.1831056351587176,0.3638609154306327,-0.0425446927547454,1.0,0.0,,,,,,,
DT,Go2RoughCurriculum,go2-rough-terrain,medium-replay,1,DT-Go2RoughCurriculum-bc2ebb4d,,default,100.0,0.2793937090912368,True,full,json,0.2793937090912368,0.3290147098685168,0.1520430147647857,1.0,0.0,,,,,,,
IQL,Go2RoughCurriculum,go2-rough-terrain,medium-replay,1,IQL-Go2RoughCurriculum-5fb91021,,default,100.0,0.4634471589152235,True,full,json,0.4634471589152235,0.4049507385268786,0.4721525460481643,1.0,0.0,,,,,,,
TD3-BC,Go2RoughCurriculum,go2-rough-terrain,medium-replay,1,TD3-BC-Go2RoughCurriculum-aefc0896,,default,100.0,0.7998585773259401,True,full,json,0.7998585773259401,0.2182404008705944,0.8328225314617157,1.0,0.0,,,,,,,
BC,Go2RoughCurriculum,go2-rough-terrain,medium-replay,1,BC-Go2RoughCurriculum-c386ab90,,humanoid_gym_relative,100.0,0.4562330513622146,True,full,json,0.2877305370592512,0.3527767767651512,0.1133069135248661,0.6306657007863617,0.1685025143029633,-0.1685025143029634,-0.917582495510578,-1.0112144281762852,48.0,35.0,0.4910783975311291,0.7530384156791867
AWAC,Go2RoughCurriculum,go2-rough-terrain,medium-replay,1,AWAC-Go2RoughCurriculum-75a9e10e,,humanoid_gym_relative,100.0,0.6486741258669645,True,full,json,0.3444482224388048,0.4096521650859026,0.0987906083464622,0.5310034865017063,0.3042259034281597,-0.3042259034281596,-1.046705269953236,-0.613607246249102,61.0,47.0,0.3854788048212741,0.6534336908255824
CQL,Go2RoughCurriculum,go2-rough-terrain,medium-replay,1,CQL-Go2RoughCurriculum-c4972256,,humanoid_gym_relative,100.0,0.1831056351587176,True,full,json,0.0623846029190463,0.2622763624801388,-0.0453614946454763,0.3407028017732538,0.1207210322396713,-0.1207210322396713,-0.8967389557510614,-3.897385899531491,38.0,31.0,0.0124328698781975,0.604039703081271
DT,Go2RoughCurriculum,go2-rough-terrain,medium-replay,1,DT-Go2RoughCurriculum-bc2ebb4d,,humanoid_gym_relative,100.0,0.2793937090912368,True,full,json,0.1690052257827483,0.296993431154849,-0.0132988700643181,0.6048998967530768,0.1103884833084885,-0.1103884833084885,-0.7198628191137686,-1.5765176369046137,54.0,39.0,0.4235175850017938,0.7777286170087561
IQL,Go2RoughCurriculum,go2-rough-terrain,medium-replay,1,IQL-Go2RoughCurriculum-5fb91021,,humanoid_gym_relative,100.0,0.4634471589152235,True,full,json,0.2881975743081421,0.3685549805988716,0.1285106092691421,0.6218563837627514,0.1752495846070814,-0.1752495846070814,-0.9419023781083524,-1.0323835414441511,45.0,35.0,0.4387305939731692,0.7823263849442539
TD3-BC,Go2RoughCurriculum,go2-rough-terrain,medium-replay,1,TD3-BC-Go2RoughCurriculum-aefc0896,,humanoid_gym_relative,100.0,0.7998585773259401,True,full,json,0.4834654190111905,0.3879493957992667,0.5799218714237213,0.6044386254223786,0.3163931583147495,-0.3163931583147496,-0.9516498532146216,-0.1897726425540686,55.00000000000001,39.0,0.505664482245316,0.6999558370207959
AWAC,Go2RoughCurriculum,go2-rough-terrain,medium-replay,2,AWAC-Go2RoughCurriculum-03277f13,,default,100.0,0.6455752938505611,True,full,json,0.6455752938505611,0.4026702621719819,0.8498875200748444,1.0,0.0,,,,,,,
BC,Go2RoughCurriculum,go2-rough-terrain,medium-replay,2,BC-Go2RoughCurriculum-f134ad2e,,default,100.0,0.3669244838971645,True,full,json,0.3669244838971645,0.3901908546566417,0.214522011578083,1.0,0.0,,,,,,,
CQL,Go2RoughCurriculum,go2-rough-terrain,medium-replay,2,CQL-Go2RoughCurriculum-f05997c6,,default,100.0,0.2334758385375607,True,full,json,0.2334758385375607,0.3881566906187463,-0.0432699918746948,1.0,0.0,,,,,,,
DT,Go2RoughCurriculum,go2-rough-terrain,medium-replay,2,DT-Go2RoughCurriculum-4c9eed3a,,default,100.0,0.1890295902453363,True,full,json,0.1890295902453363,0.3223080449227451,-0.0159043637104332,1.0,0.0,,,,,,,
IQL,Go2RoughCurriculum,go2-rough-terrain,medium-replay,2,IQL-Go2RoughCurriculum-d3c94fed,,default,100.0,0.5181045056064613,True,full,json,0.5181045056064613,0.4154615565562285,0.6034010052680969,1.0,0.0,,,,,,,
TD3-BC,Go2RoughCurriculum,go2-rough-terrain,medium-replay,2,TD3-BC-Go2RoughCurriculum-341f0c17,,default,100.0,0.7753052029153332,True,full,json,0.7753052029153332,0.2677281932990453,0.8530429005622864,1.0,0.0,,,,,,,
AWAC,Go2RoughCurriculum,go2-rough-terrain,medium-replay,2,AWAC-Go2RoughCurriculum-03277f13,,humanoid_gym_relative,100.0,0.6455752938505611,True,full,json,0.3451754649635404,0.4003971166969342,0.1224873811006546,0.5346788643424175,0.3003998288870206,-0.3003998288870207,-1.0141603602096438,-0.570940477230226,57.99999999999999,44.0,0.4243816185319387,0.6423594295709387
BC,Go2RoughCurriculum,go2-rough-terrain,medium-replay,2,BC-Go2RoughCurriculum-f134ad2e,,humanoid_gym_relative,100.0,0.3669244838971645,True,full,json,0.2125961023630225,0.3106569208985114,0.0740448161959648,0.5794001536910397,0.1543283815341419,-0.1543283815341419,-0.8986036881804467,-1.4490153358975424,52.0,33.0,0.4109434846685027,0.729425239641847
CQL,Go2RoughCurriculum,go2-rough-terrain,medium-replay,2,CQL-Go2RoughCurriculum-f05997c6,,humanoid_gym_relative,100.0,0.2334758385375607,True,full,json,0.0484351822474855,0.2487697352265808,-0.0479475166648626,0.2074526535630941,0.1850406562900752,-0.1850406562900752,-0.9375110666733236,-3.015452187882388,40.0,33.0,-0.0225086339147744,0.3916906685954815
DT,Go2RoughCurriculum,go2-rough-terrain,medium-replay,2,DT-Go2RoughCurriculum-4c9eed3a,,humanoid_gym_relative,100.0,0.1890295902453363,True,full,json,0.0995001699071144,0.2639928654266553,-0.0291673457249999,0.5263735152680379,0.0895294203382218,-0.0895294203382218,-0.7076102997176349,-2.7433837675849952,35.0,26.0,0.3014468668349968,0.7458401813822568
IQL,Go2RoughCurriculum,go2-rough-terrain,medium-replay,2,IQL-Go2RoughCurriculum-d3c94fed,,humanoid_gym_relative,100.0,0.5181045056064613,True,full,json,0.3345454214327037,0.3993079314622056,0.1165495030581951,0.6457103109750135,0.1835590841737575,-0.1835590841737575,-0.9754458392038942,-0.8827202401224001,48.0,37.0,0.4760277943926261,0.7855825282345031
TD3-BC,Go2RoughCurriculum,go2-rough-terrain,medium-replay,2,TD3-BC-Go2RoughCurriculum-341f0c17,,humanoid_gym_relative,100.0,0.7753052029153332,True,full,json,0.4999589863503934,0.3626907003939351,0.6318071484565735,0.6448544192279735,0.2753462165649398,-0.2753462165649398,-0.9183897390961648,-0.1845525293043299,55.00000000000001,35.0,0.5570091138931551,0.7388813882768865
BC,H1JoystickGaitTracking,h1-gait-tracking,expert,0,BC-H1JoystickGaitTracking-70270a85,,default,100.0,0.7878389817848802,True,full,json,0.7878389817848802,0.5560464262943934,1.142961323261261,1.0,0.0,,,,,,,
IQL,H1JoystickGaitTracking,h1-gait-tracking,expert,0,IQL-H1JoystickGaitTracking-4fc624f0,,default,100.0,0.7432251868117601,True,full,json,0.7432251868117601,0.5389124814776495,1.0945836901664734,1.0,0.0,,,,,,,
TD3-BC,H1JoystickGaitTracking,h1-gait-tracking,expert,0,TD3-BC-H1JoystickGaitTracking-cf4477b7,,default,100.0,0.0246269282967841,False,full,json,0.0246269282967841,0.0379679488941925,0.0053545942064374,1.0,0.0,,,,,,,
DT,H1JoystickGaitTracking,h1-gait-tracking,expert,0,DT-H1JoystickGaitTracking-94a6a790,,default,100.0,0.7553471708903089,True,full,json,0.7553471708903089,0.5419538908804558,1.0903382301330566,1.0,0.0,,,,,,,
AWAC,H1JoystickGaitTracking,h1-gait-tracking,expert,0,AWAC-H1JoystickGaitTracking-4c9a3d5d,,default,100.0,0.7875674881413579,True,full,json,0.7875674881413579,0.5496136062516559,1.1413763165473938,1.0,0.0,,,,,,,
CQL,H1JoystickGaitTracking,h1-gait-tracking,expert,0,CQL-H1JoystickGaitTracking-7df579a1,,default,100.0,0.017331276515033096,False,full,json,0.017331276515033096,0.012710865267491257,0.012920128181576729,1.0,0.0,,,,,,,
BC,H1JoystickGaitTracking,h1-gait-tracking,expert,0,BC-H1JoystickGaitTracking-70270a85,,humanoid_gym_relative,100.0,0.7878389817848802,True,full,json,0.339735110248439,0.5019489091399746,0.0386319179087877,0.4312240420990032,0.4481038715364412,-0.4481038715364411,-1.20998738668859,-0.5358308165296872,60.0,48.0,0.3232513786788111,0.5434378648065532
IQL,H1JoystickGaitTracking,h1-gait-tracking,expert,0,IQL-H1JoystickGaitTracking-4fc624f0,,humanoid_gym_relative,100.0,0.7432251868117601,True,full,json,0.2558313468261622,0.4359971132689566,0.0283913910388946,0.3442178109216282,0.4873938399855979,-0.4873938399855979,-1.2395454581826926,-0.6677925885423979,75.0,60.0,0.2382788963468051,0.4413748490543032
TD3-BC,H1JoystickGaitTracking,h1-gait-tracking,expert,0,TD3-BC-H1JoystickGaitTracking-cf4477b7,,humanoid_gym_relative,100.0,0.0246269282967841,False,full,json,0.0038732972910634,0.0091451563536249,0.000731658830773,0.1572789445920947,0.0207536310057207,-0.0207536310057207,-0.0912876161812164,-2.7068210489384064,84.0,71.0,0.0739550134766962,0.2136673884343615
DT,H1JoystickGaitTracking,h1-gait-tracking,expert,0,DT-H1JoystickGaitTracking-94a6a790,,humanoid_gym_relative,100.0,0.7553471708903089,True,full,json,0.2995989885739982,0.4564913568377592,0.0532072149217128,0.396637467008539,0.4557481823163107,-0.4557481823163107,-1.1603472713381051,-0.5361774241775906,60.0,46.0,0.3036994358306847,0.4967872738087616
AWAC,H1JoystickGaitTracking,h1-gait-tracking,expert,0,AWAC-H1JoystickGaitTracking-4c9a3d5d,,humanoid_gym_relative,100.0,0.7875674881413579,True,full,json,0.33139346349518745,0.47718046575244893,0.06056874804198742,0.4207810358922621,0.45617402464617046,-0.45617402464617046,-1.1823176581412553,-0.5012271023674418,55.00000000000001,46.0,0.31835156197099823,0.5271176131711154
CQL,H1JoystickGaitTracking,h1-gait-tracking,expert,0,CQL-H1JoystickGaitTracking-7df579a1,,humanoid_gym_relative,100.0,0.017331276515033096,False,full,json,0.011351607787655666,0.008964406766370184,0.0072184603195637465,0.6549781706967353,0.00597966872737743,-0.00597966872737743,-0.0274137569591403,-0.5817505961180466,69.0,31.0,0.5682081223980107,0.7410927231142328
AWAC,H1JoystickGaitTracking,h1-gait-tracking,expert,1,AWAC-H1JoystickGaitTracking-80815913,,default,100.0,0.8056560025876388,True,full,json,0.8056560025876388,0.5247586829499052,1.1206730604171753,1.0,0.0,,,,,,,
BC,H1JoystickGaitTracking,h1-gait-tracking,expert,1,BC-H1JoystickGaitTracking-9ad75407,,default,100.0,0.7717845047917217,True,full,json,0.7717845047917217,0.5527940144262294,1.094179630279541,1.0,0.0,,,,,,,
CQL,H1JoystickGaitTracking,h1-gait-tracking,expert,1,CQL-H1JoystickGaitTracking-af93952e,,default,100.0,-0.0002848939760315,False,full,json,-0.0002848939760315,0.0003041916336322,-0.0004244606825523,1.0,0.0,,,,,,,
DT,H1JoystickGaitTracking,h1-gait-tracking,expert,1,DT-H1JoystickGaitTracking-5c8ef8f1,,default,100.0,0.7239596930425614,True,full,json,0.7239596930425614,0.5520471802297583,1.0708236694335938,1.0,0.0,,,,,,,
IQL,H1JoystickGaitTracking,h1-gait-tracking,expert,1,IQL-H1JoystickGaitTracking-c8b9389e,,default,100.0,0.7423595938505605,True,full,json,0.7423595938505605,0.5539575603754111,1.0960832834243774,1.0,0.0,,,,,,,
TD3-BC,H1JoystickGaitTracking,h1-gait-tracking,expert,1,TD3-BC-H1JoystickGaitTracking-d2f7cfae,,default,100.0,0.3555019792169333,True,full,json,0.3555019792169333,0.4493602382801501,0.0501661747694015,1.0,0.0,,,,,,,
AWAC,H1JoystickGaitTracking,h1-gait-tracking,expert,1,AWAC-H1JoystickGaitTracking-80815913,,humanoid_gym_relative,100.0,0.8056560025876388,True,full,json,0.3672189363045618,0.4936283858662013,0.0646677315235138,0.4558011547423628,0.438437066283077,-0.438437066283077,-1.1912111052311958,-0.4785604543443049,62.0,53.0,0.3557199812327201,0.5595830567408426
BC,H1JoystickGaitTracking,h1-gait-tracking,expert,1,BC-H1JoystickGaitTracking-9ad75407,,humanoid_gym_relative,100.0,0.7717845047917217,True,full,json,0.3349911290535237,0.4885541294489881,0.0408974103629589,0.4340474924978267,0.4367933757381979,-0.4367933757381979,-1.2017957804258912,-0.5571649507918209,60.0,42.0,0.3195913534240113,0.5383645850442139
CQL,H1JoystickGaitTracking,h1-gait-tracking,expert,1,CQL-H1JoystickGaitTracking-af93952e,,humanoid_gym_relative,100.0,-0.0002848939760315,False,full,json,-0.0001788567703579,0.0002981803808434,-0.0002496931265341,0.627801166066539,-0.0001060372056736,0.0001060372056736,-3.3200123289134355e-05,1.1165350133112697,7.000000000000001,2.0,0.5364439106238339,0.7350557200653599
DT,H1JoystickGaitTracking,h1-gait-tracking,expert,1,DT-H1JoystickGaitTracking-5c8ef8f1,,humanoid_gym_relative,100.0,0.7239596930425614,True,full,json,0.2640046748053282,0.4340932843566095,0.0511816386133432,0.3646676428846536,0.4599550182372331,-0.4599550182372331,-1.20541885253042,-0.6650358633426761,64.0,54.0,0.2631189858721571,0.4730699281292095
IQL,H1JoystickGaitTracking,h1-gait-tracking,expert,1,IQL-H1JoystickGaitTracking-c8b9389e,,humanoid_gym_relative,100.0,0.7423595938505605,True,full,json,0.2650728015345521,0.439929438366308,0.0269405450671911,0.3570679273633961,0.4772867923160083,-0.4772867923160083,-1.2309039666317405,-0.6580966647809302,72.0,60.0,0.2584545005416736,0.4573657668739831
TD3-BC,H1JoystickGaitTracking,h1-gait-tracking,expert,1,TD3-BC-H1JoystickGaitTracking-d2f7cfae,,humanoid_gym_relative,100.0,0.3555019792169333,True,full,json,0.0168223501490683,0.0320815170270554,0.0023979517864063,0.0473199901337344,0.3386796290678649,-0.3386796290678648,-1.1685893723042682,-2.287152929157605,89.0,78.0,0.0269196620635339,0.0636157987013954
AWAC,H1JoystickGaitTracking,h1-gait-tracking,expert,2,AWAC-H1JoystickGaitTracking-20b46cf5,,default,100.0,0.765396783365868,True,full,json,0.765396783365868,0.5547126171160952,1.1152133345603945,1.0,0.0,,,,,,,
BC,H1JoystickGaitTracking,h1-gait-tracking,expert,2,BC-H1JoystickGaitTracking-1bdcbbee,,default,100.0,0.7612033523060382,True,full,json,0.7612033523060382,0.5417297969145596,1.1180633902549744,1.0,0.0,,,,,,,
CQL,H1JoystickGaitTracking,h1-gait-tracking,expert,2,CQL-H1JoystickGaitTracking-70c29f6b,,default,100.0,-0.0004689633809903,False,full,json,-0.0004689633809903,0.00026053137217,-0.0005846015410497,1.0,0.0,,,,,,,
DT,H1JoystickGaitTracking,h1-gait-tracking,expert,2,DT-H1JoystickGaitTracking-8f4ba2bd,,default,100.0,0.7489457049500197,True,full,json,0.7489457049500197,0.5498486953245778,1.0960317850112915,1.0,0.0,,,,,,,
IQL,H1JoystickGaitTracking,h1-gait-tracking,expert,2,IQL-H1JoystickGaitTracking-b142c07e,,default,100.0,0.766793000404723,True,full,json,0.766793000404723,0.5418820534922218,1.1189228892326355,1.0,0.0,,,,,,,
TD3-BC,H1JoystickGaitTracking,h1-gait-tracking,expert,2,TD3-BC-H1JoystickGaitTracking-8a8d86bb,,default,100.0,-0.0004926622556649,False,full,json,-0.0004926622556649,0.0001664890472639,-0.0005549928173422,1.0,0.0,,,,,,,
AWAC,H1JoystickGaitTracking,h1-gait-tracking,expert,2,AWAC-H1JoystickGaitTracking-20b46cf5,,humanoid_gym_relative,100.0,0.765396783365868,True,full,json,0.3226092356117442,0.4804336679899411,0.0552604757249355,0.4214928029786786,0.4427875477541238,-0.4427875477541238,-1.195221811812371,-0.5615715113882859,62.0,50.0,0.3184680460660986,0.522234881306149
BC,H1JoystickGaitTracking,h1-gait-tracking,expert,2,BC-H1JoystickGaitTracking-1bdcbbee,,humanoid_gym_relative,100.0,0.7612033523060382,True,full,json,0.3102064906107262,0.4724871210458273,0.0428918059915304,0.4075211829676876,0.450996861695312,-0.4509968616953119,-1.188645075354725,-0.5615342099502946,68.0,54.0,0.2967616010977716,0.5044054097594486
CQL,H1JoystickGaitTracking,h1-gait-tracking,expert,2,CQL-H1JoystickGaitTracking-70c29f6b,,humanoid_gym_relative,100.0,-0.0004689633809903,False,full,json,-0.0003653305201942,0.0002452122890505,-0.0004011670098407,0.7790171578487564,-0.000103632860796,0.000103632860796,-7.786741844029166e-05,1.1660415750924045,8.0,4.0,0.7248540687575705,0.83538980484762
DT,H1JoystickGaitTracking,h1-gait-tracking,expert,2,DT-H1JoystickGaitTracking-8f4ba2bd,,humanoid_gym_relative,100.0,0.7489457049500197,True,full,json,0.3009075103653595,0.4547526713296699,0.0515225436538457,0.4017747993967605,0.4480381945846601,-0.4480381945846602,-1.2082776757888496,-0.6133047666913092,62.0,51.0,0.2961709897563425,0.5012580377037494
IQL,H1JoystickGaitTracking,h1-gait-tracking,expert,2,IQL-H1JoystickGaitTracking-b142c07e,,humanoid_gym_relative,100.0,0.766793000404723,True,full,json,0.3033522098732646,0.4718436468229287,0.0217284271493554,0.3956116053656613,0.4634407905314583,-0.4634407905314583,-1.2370786756277083,-0.6133150341418906,64.0,52.0,0.2919136234666792,0.5030593762722388
TD3-BC,H1JoystickGaitTracking,h1-gait-tracking,expert,2,TD3-BC-H1JoystickGaitTracking-8a8d86bb,,humanoid_gym_relative,100.0,-0.0004926622556649,False,full,json,-0.0003149572042957,0.0002221776437818,-0.0003103134076809,0.6392963956019548,-0.0001777050513692,0.0001777050513692,-2.498492831364274e-05,1.0507141109885083,3.0,1.0,0.5741078244555402,0.7077063985623244
BC,H1JoystickGaitTracking,h1-gait-tracking,medium,0,BC-H1JoystickGaitTracking-50cae4b3,,default,100.0,0.850098418071866,True,full,json,0.850098418071866,0.4354515150388598,1.075783133506775,1.0,0.0,,,,,,,
IQL,H1JoystickGaitTracking,h1-gait-tracking,medium,0,IQL-H1JoystickGaitTracking-07d068ae,,default,100.0,0.919026485607028,True,full,json,0.919026485607028,0.402054693307958,1.0917567014694214,1.0,0.0,,,,,,,
TD3-BC,H1JoystickGaitTracking,h1-gait-tracking,medium,0,TD3-BC-H1JoystickGaitTracking-28dfbe71,,default,100.0,0.8905727302283049,True,full,json,0.8905727302283049,0.4133010867406844,1.0837440490722656,1.0,0.0,,,,,,,
DT,H1JoystickGaitTracking,h1-gait-tracking,medium,0,DT-H1JoystickGaitTracking-009cb5fc,,default,100.0,0.8975101908668875,True,full,json,0.8975101908668875,0.3978694805488576,1.075580596923828,1.0,0.0,,,,,,,
AWAC,H1JoystickGaitTracking,h1-gait-tracking,medium,0,AWAC-H1JoystickGaitTracking-6eaf76c0,,default,100.0,0.8206355068087577,True,full,json,0.8206355068087577,0.43141386380784247,1.0271113514900208,1.0,0.0,,,,,,,
CQL,H1JoystickGaitTracking,h1-gait-tracking,medium,0,CQL-H1JoystickGaitTracking-7b906e34,,default,100.0,0.7655236981064081,True,full,json,0.7655236981064081,0.4359969403214383,1.0065390765666962,1.0,0.0,,,,,,,
BC,H1JoystickGaitTracking,h1-gait-tracking,medium,0,BC-H1JoystickGaitTracking-50cae4b3,,humanoid_gym_relative,100.0,0.850098418071866,True,full,json,0.4100538938981481,0.4918617429981452,0.0813805051147937,0.4823604951861971,0.4400445241737179,-0.4400445241737179,-1.1256028912961482,-0.3240853851359496,63.0,54.0,0.3904964163809284,0.5795034690245899
IQL,H1JoystickGaitTracking,h1-gait-tracking,medium,0,IQL-H1JoystickGaitTracking-07d068ae,,humanoid_gym_relative,100.0,0.919026485607028,True,full,json,0.4117840513307601,0.4925099510210809,0.0758074074983596,0.4480654886227482,0.5072424342762679,-0.5072424342762679,-1.1578091334551572,-0.2598212908852245,67.0,59.0,0.3519334513739531,0.541472774630114
TD3-BC,H1JoystickGaitTracking,h1-gait-tracking,medium,0,TD3-BC-H1JoystickGaitTracking-28dfbe71,,humanoid_gym_relative,100.0,0.8905727302283049,True,full,json,0.3882224675337784,0.4801234792562127,0.0785995125770568,0.4359244948295854,0.5023502626945264,-0.5023502626945264,-1.1633921632543207,-0.3063415527624303,68.0,55.00000000000001,0.3402099258643558,0.5288349854527465
DT,H1JoystickGaitTracking,h1-gait-tracking,medium,0,DT-H1JoystickGaitTracking-009cb5fc,,humanoid_gym_relative,100.0,0.8975101908668875,True,full,json,0.4151341559132561,0.4830489257895069,0.0783549286425113,0.4625397685036714,0.4823760349536314,-0.4823760349536314,-1.119187562353909,-0.2469914812587337,67.0,54.0,0.3653357463523062,0.5583213732252079
AWAC,H1JoystickGaitTracking,h1-gait-tracking,medium,0,AWAC-H1JoystickGaitTracking-6eaf76c0,,humanoid_gym_relative,100.0,0.8206355068087577,True,full,json,0.4006675481330603,0.4923895263472942,0.07577953860163689,0.4882405706415925,0.4199679586756974,-0.4199679586756975,-1.144933038763702,-0.39517852842616413,64.0,55.00000000000001,0.39525871577546934,0.5910277803466784
CQL,H1JoystickGaitTracking,h1-gait-tracking,medium,0,CQL-H1JoystickGaitTracking-7b906e34,,humanoid_gym_relative,100.0,0.7655236981064081,True,full,json,0.332479123333178,0.43472530509878116,0.03993765078485012,0.43431591230368843,0.4330445747732301,-0.4330445747732301,-1.110650709073525,-0.4508377883281989,74.0,54.0,0.3394959680973121,0.5319808453915548
AWAC,H1JoystickGaitTracking,h1-gait-tracking,medium,1,AWAC-H1JoystickGaitTracking-b6caf39b,,default,100.0,0.8793244516104459,True,full,json,0.8793244516104459,0.4154808162674859,1.073172152042389,1.0,0.0,,,,,,,
BC,H1JoystickGaitTracking,h1-gait-tracking,medium,1,BC-H1JoystickGaitTracking-5389211e,,default,100.0,0.8445845870673656,True,full,json,0.8445845870673656,0.4375529477361333,1.0491958260536194,1.0,0.0,,,,,,,
CQL,H1JoystickGaitTracking,h1-gait-tracking,medium,1,CQL-H1JoystickGaitTracking-94abe4f8,,default,100.0,0.706619034782052,True,full,json,0.706619034782052,0.4246694532802778,0.92522993683815,1.0,0.0,,,,,,,
DT,H1JoystickGaitTracking,h1-gait-tracking,medium,1,DT-H1JoystickGaitTracking-5daa024d,,default,100.0,0.9194198883697392,True,full,json,0.9194198883697392,0.3796520850373043,1.0812066197395325,1.0,0.0,,,,,,,
IQL,H1JoystickGaitTracking,h1-gait-tracking,medium,1,IQL-H1JoystickGaitTracking-d3d8c443,,default,100.0,0.8911740110069514,True,full,json,0.8911740110069514,0.422973179725307,1.094846487045288,1.0,0.0,,,,,,,
TD3-BC,H1JoystickGaitTracking,h1-gait-tracking,medium,1,TD3-BC-H1JoystickGaitTracking-c335801f,,default,100.0,0.7214263547211885,True,full,json,0.7214263547211885,0.4775869230026544,0.9690179824829102,1.0,0.0,,,,,,,
AWAC,H1JoystickGaitTracking,h1-gait-tracking,medium,1,AWAC-H1JoystickGaitTracking-b6caf39b,,humanoid_gym_relative,100.0,0.8793244516104459,True,full,json,0.4136254851100966,0.4914073179879685,0.0885748863220214,0.4703900640458239,0.4656989665003493,-0.4656989665003493,-1.1457636335864665,-0.303004404674575,62.0,57.99999999999999,0.3703694218055054,0.5680186244716853
BC,H1JoystickGaitTracking,h1-gait-tracking,medium,1,BC-H1JoystickGaitTracking-5389211e,,humanoid_gym_relative,100.0,0.8445845870673656,True,full,json,0.3958235500520095,0.4852051284804263,0.0818485654890537,0.4686606363803297,0.4487610370153561,-0.4487610370153561,-1.1469101950526237,-0.3579577612646441,65.0,54.0,0.3788943995574524,0.563913115777098
CQL,H1JoystickGaitTracking,h1-gait-tracking,medium,1,CQL-H1JoystickGaitTracking-94abe4f8,,humanoid_gym_relative,100.0,0.706619034782052,True,full,json,0.2387603865982964,0.3419885763314054,0.0364389959722757,0.3378912466912799,0.4678586481837555,-0.4678586481837555,-1.0710099537856876,-0.5156822857397657,89.0,63.0,0.2539212717578823,0.4190181738423695
DT,H1JoystickGaitTracking,h1-gait-tracking,medium,1,DT-H1JoystickGaitTracking-5daa024d,,humanoid_gym_relative,100.0,0.9194198883697392,True,full,json,0.4302359334146604,0.4803773301323687,0.1079040244221687,0.4679428179191656,0.4891839549550787,-0.4891839549550786,-1.1218206715770065,-0.2201396617231681,60.0,54.0,0.3779858898255296,0.5624013636827211
IQL,H1JoystickGaitTracking,h1-gait-tracking,medium,1,IQL-H1JoystickGaitTracking-d3d8c443,,humanoid_gym_relative,100.0,0.8911740110069514,True,full,json,0.4100827586324885,0.5025989340718224,0.066688735038042,0.4601601410807858,0.4810912523744628,-0.4810912523744627,-1.1567703216336669,-0.2980296859494521,65.0,54.0,0.3622516362334779,0.5573423360282279
TD3-BC,H1JoystickGaitTracking,h1-gait-tracking,medium,1,TD3-BC-H1JoystickGaitTracking-c335801f,,humanoid_gym_relative,100.0,0.7214263547211885,True,full,json,0.3393025830946862,0.4557001493120827,0.062044333666563,0.4703218573513541,0.3821237716265023,-0.3821237716265023,-1.1653001580387354,-0.6152725089854694,71.0,56.99999999999999,0.3685680530327359,0.5735715777984326
AWAC,H1JoystickGaitTracking,h1-gait-tracking,medium,2,AWAC-H1JoystickGaitTracking-8f5587be,,default,100.0,0.8942305929213762,True,full,json,0.8942305929213762,0.3999616803633378,1.0992313623428345,1.0,0.0,,,,,,,
BC,H1JoystickGaitTracking,h1-gait-tracking,medium,2,BC-H1JoystickGaitTracking-d72bc1b6,,default,100.0,0.7737346729263663,True,full,json,0.7737346729263663,0.448686329116833,1.0168272256851196,1.0,0.0,,,,,,,
CQL,H1JoystickGaitTracking,h1-gait-tracking,medium,2,CQL-H1JoystickGaitTracking-b424c685,,default,100.0,0.6477274678274989,True,full,json,0.6477274678274989,0.4507443104425656,0.8294803500175476,1.0,0.0,,,,,,,
DT,H1JoystickGaitTracking,h1-gait-tracking,medium,2,DT-H1JoystickGaitTracking-776e08ec,,default,100.0,0.9184650894254446,True,full,json,0.9184650894254446,0.3890758110697445,1.0934367179870603,1.0,0.0,,,,,,,
IQL,H1JoystickGaitTracking,h1-gait-tracking,medium,2,IQL-H1JoystickGaitTracking-5e3dbb47,,default,100.0,0.8959818287193775,True,full,json,0.8959818287193775,0.4238807527881592,1.104438602924347,1.0,0.0,,,,,,,
TD3-BC,H1JoystickGaitTracking,h1-gait-tracking,medium,2,TD3-BC-H1JoystickGaitTracking-d74a9487,,default,100.0,0.8115583547204733,True,full,json,0.8115583547204733,0.4608755357009546,1.0616754293441772,1.0,0.0,,,,,,,
AWAC,H1JoystickGaitTracking,h1-gait-tracking,medium,2,AWAC-H1JoystickGaitTracking-8f5587be,,humanoid_gym_relative,100.0,0.8942305929213762,True,full,json,0.4110209691850468,0.4846818234027923,0.0825953595340251,0.45963644326043,0.4832096237363293,-0.4832096237363293,-1.1339317109435796,-0.2680529160147831,65.0,57.99999999999999,0.3691332757839395,0.5623363733821526
BC,H1JoystickGaitTracking,h1-gait-tracking,medium,2,BC-H1JoystickGaitTracking-d72bc1b6,,humanoid_gym_relative,100.0,0.7737346729263663,True,full,json,0.3792000158550218,0.4714730242256817,0.0700123980641365,0.4900905040494533,0.3945346570713445,-0.3945346570713445,-1.1187885493040084,-0.4459589164753376,66.0,56.99999999999999,0.3943499629400503,0.5903089528465052
CQL,H1JoystickGaitTracking,h1-gait-tracking,medium,2,CQL-H1JoystickGaitTracking-b424c685,,humanoid_gym_relative,100.0,0.6477274678274989,True,full,json,0.2454299898969475,0.3765569323268155,0.0326310619711875,0.3789093439562297,0.4022974779305514,-0.4022974779305514,-1.122800200432539,-0.7334454013482724,84.0,60.0,0.2762792230307187,0.4769653775121422
DT,H1JoystickGaitTracking,h1-gait-tracking,medium,2,DT-H1JoystickGaitTracking-776e08ec,,humanoid_gym_relative,100.0,0.9184650894254446,True,full,json,0.4297081234212965,0.4915174041824879,0.0766504555940628,0.4678546069618224,0.4887569660041481,-0.4887569660041481,-1.1371741050854325,-0.2381244732957717,63.0,56.00000000000001,0.3764034994595744,0.5626665213380939
IQL,H1JoystickGaitTracking,h1-gait-tracking,medium,2,IQL-H1JoystickGaitTracking-5e3dbb47,,humanoid_gym_relative,100.0,0.8959818287193775,True,full,json,0.4160330811142921,0.4985142256644974,0.0655163209885358,0.46433205203383,0.4799487476050853,-0.4799487476050854,-1.155814998410642,-0.289998258181913,64.0,54.0,0.3703491211383243,0.5648968293482801
TD3-BC,H1JoystickGaitTracking,h1-gait-tracking,medium,2,TD3-BC-H1JoystickGaitTracking-d74a9487,,humanoid_gym_relative,100.0,0.8115583547204733,True,full,json,0.3634693851973861,0.4703883451849626,0.0653406120836734,0.4478659890360892,0.4480889695230872,-0.4480889695230871,-1.1411076324060558,-0.4060697247077073,69.0,53.0,0.3459715489601717,0.5439582421532981
BC,H1JoystickGaitTracking,h1-gait-tracking,medium-expert,0,BC-H1JoystickGaitTracking-cd23d29f,,default,100.0,0.8271928397938609,True,full,json,0.8271928397938609,0.4679403142235236,1.073092341423035,1.0,0.0,,,,,,,
IQL,H1JoystickGaitTracking,h1-gait-tracking,medium-expert,0,IQL-H1JoystickGaitTracking-5b36b80b,,default,100.0,0.8713930448517203,True,full,json,0.8713930448517203,0.468044399091583,1.1071182489395142,1.0,0.0,,,,,,,
TD3-BC,H1JoystickGaitTracking,h1-gait-tracking,medium-expert,0,TD3-BC-H1JoystickGaitTracking-df4d040e,,default,100.0,0.6980257576331497,True,full,json,0.6980257576331497,0.4616396134752461,0.977235347032547,1.0,0.0,,,,,,,
DT,H1JoystickGaitTracking,h1-gait-tracking,medium-expert,0,DT-H1JoystickGaitTracking-ba1fc842,,default,100.0,0.9351742564141752,True,full,json,0.9351742564141752,0.3761125002744849,1.0911844372749329,1.0,0.0,,,,,,,
AWAC,H1JoystickGaitTracking,h1-gait-tracking,medium-expert,0,AWAC-H1JoystickGaitTracking-cc2f2620,,default,100.0,0.9156432244181633,True,full,json,0.9156432244181633,0.4078261090056874,1.0792251229286194,1.0,0.0,,,,,,,
CQL,H1JoystickGaitTracking,h1-gait-tracking,medium-expert,0,CQL-H1JoystickGaitTracking-4e20b33e,,default,100.0,-0.0004027450002377009,False,full,json,-0.0004027450002377009,0.0002781826496481354,-0.0005302607023622841,1.0,0.0,,,,,,,
BC,H1JoystickGaitTracking,h1-gait-tracking,medium-expert,0,BC-H1JoystickGaitTracking-cd23d29f,,humanoid_gym_relative,100.0,0.8271928397938609,True,full,json,0.3962385809700936,0.4929511303909483,0.071219015866518,0.4790159705309315,0.4309542588237673,-0.4309542588237673,-1.1760330259799958,-0.4217156742713911,63.0,52.0,0.3807799970088199,0.5814949230260416
IQL,H1JoystickGaitTracking,h1-gait-tracking,medium-expert,0,IQL-H1JoystickGaitTracking-5b36b80b,,humanoid_gym_relative,100.0,0.8713930448517203,True,full,json,0.4104018992977217,0.5032549205364306,0.0793527513742446,0.4709721998843327,0.4609911455539986,-0.4609911455539986,-1.227507387753576,-0.4086724641719553,64.0,53.0,0.3701143190796283,0.568282293396965
TD3-BC,H1JoystickGaitTracking,h1-gait-tracking,medium-expert,0,TD3-BC-H1JoystickGaitTracking-df4d040e,,humanoid_gym_relative,100.0,0.6980257576331497,True,full,json,0.3411739819287323,0.4483554237532451,0.0697861239314079,0.488769903112999,0.3568517757044174,-0.3568517757044174,-1.1077999277040362,-0.587047348310383,70.0,55.00000000000001,0.3722724970053017,0.5958316839709676
DT,H1JoystickGaitTracking,h1-gait-tracking,medium-expert,0,DT-H1JoystickGaitTracking-ba1fc842,,humanoid_gym_relative,100.0,0.9351742564141752,True,full,json,0.4270454574609175,0.4862875931262427,0.0878931954503059,0.4566480038686879,0.5081287989532575,-0.5081287989532575,-1.1634685333818198,-0.244119505431014,67.0,60.0,0.3705280390686148,0.5498401642477082
AWAC,H1JoystickGaitTracking,h1-gait-tracking,medium-expert,0,AWAC-H1JoystickGaitTracking-cc2f2620,,humanoid_gym_relative,100.0,0.9156432244181633,True,full,json,0.4075292768655345,0.493202280816165,0.08541367202997208,0.4450743106022491,0.5081139475526288,-0.5081139475526288,-1.211383063532412,-0.32298588710922194,70.0,59.0,0.3405295130755912,0.5411012571875065
CQL,H1JoystickGaitTracking,h1-gait-tracking,medium-expert,0,CQL-H1JoystickGaitTracking-4e20b33e,,humanoid_gym_relative,100.0,-0.0004027450002377009,False,full,json,-0.00026367663682776767,0.00029340188729760176,-0.0003110664401901886,0.6546987217026784,-0.00013906836340993323,0.00013906836340993323,-2.681395853869617e-05,1.0665780047495823,5.0,1.0,0.586356231208682,0.7326119319609009
AWAC,H1JoystickGaitTracking,h1-gait-tracking,medium-expert,1,AWAC-H1JoystickGaitTracking-bae17bab,,default,100.0,0.5826644539833069,True,full,json,0.5826644539833069,0.4378558070856597,0.5965462774038315,1.0,0.0,,,,,,,
BC,H1JoystickGaitTracking,h1-gait-tracking,medium-expert,1,BC-H1JoystickGaitTracking-514b59fe,,default,100.0,0.8664987658336759,True,full,json,0.8664987658336759,0.4484634839843615,1.1126747131347656,1.0,0.0,,,,,,,
CQL,H1JoystickGaitTracking,h1-gait-tracking,medium-expert,1,CQL-H1JoystickGaitTracking-197c32f0,,default,100.0,-0.0004316325748368,False,full,json,-0.0004316325748368,0.0002259728877414,-0.00051557039842,1.0,0.0,,,,,,,
DT,H1JoystickGaitTracking,h1-gait-tracking,medium-expert,1,DT-H1JoystickGaitTracking-48a5ea49,,default,100.0,0.8690643318742514,True,full,json,0.8690643318742514,0.4273086969229941,1.050628483295441,1.0,0.0,,,,,,,
IQL,H1JoystickGaitTracking,h1-gait-tracking,medium-expert,1,IQL-H1JoystickGaitTracking-946a3820,,default,100.0,0.8964261925965548,True,full,json,0.8964261925965548,0.4452551300709017,1.103948950767517,1.0,0.0,,,,,,,
TD3-BC,H1JoystickGaitTracking,h1-gait-tracking,medium-expert,1,TD3-BC-H1JoystickGaitTracking-0e82c9e6,,default,100.0,0.8058963778987527,True,full,json,0.8058963778987527,0.4527369636259789,1.0515350103378296,1.0,0.0,,,,,,,
AWAC,H1JoystickGaitTracking,h1-gait-tracking,medium-expert,1,AWAC-H1JoystickGaitTracking-bae17bab,,humanoid_gym_relative,100.0,0.5826644539833069,True,full,json,0.2550050008133985,0.3792750057948768,0.0403461251407861,0.4376532652199584,0.3276594531699084,-0.3276594531699083,-1.0066537901060657,-0.7276732486840628,79.0,59.0,0.3416100575248865,0.5473711900682454
BC,H1JoystickGaitTracking,h1-gait-tracking,medium-expert,1,BC-H1JoystickGaitTracking-514b59fe,,humanoid_gym_relative,100.0,0.8664987658336759,True,full,json,0.4025713770417496,0.4916161238360435,0.0774497762322425,0.4645954419270611,0.4639273887919262,-0.4639273887919262,-1.195320188254118,-0.3794828514315036,66.0,56.00000000000001,0.3613708824144734,0.5563717306805012
CQL,H1JoystickGaitTracking,h1-gait-tracking,medium-expert,1,CQL-H1JoystickGaitTracking-197c32f0,,humanoid_gym_relative,100.0,-0.0004316325748368,False,full,json,-0.0003454946918282,0.0002391545845824,-0.0003975305589847,0.8004370197471935,-8.613788300863232e-05,8.613788300863234e-05,-3.528852976160124e-05,1.0817559466519424,5.0,0.0,0.7552295247974345,0.8501119816690725
DT,H1JoystickGaitTracking,h1-gait-tracking,medium-expert,1,DT-H1JoystickGaitTracking-48a5ea49,,humanoid_gym_relative,100.0,0.8690643318742514,True,full,json,0.4182945704460144,0.4880747104175948,0.0871542505919933,0.4813160028601188,0.4507697614282369,-0.4507697614282369,-1.1355519933626057,-0.3066374395019048,60.0,51.0,0.3893835450522743,0.5782556987774174
IQL,H1JoystickGaitTracking,h1-gait-tracking,medium-expert,1,IQL-H1JoystickGaitTracking-946a3820,,humanoid_gym_relative,100.0,0.8964261925965548,True,full,json,0.4246122228610329,0.5024105617645702,0.0704662203788757,0.4736722625552885,0.4718139697355218,-0.4718139697355218,-1.2012084485962986,-0.3399970443934965,65.0,53.0,0.3864044979582439,0.5686737886778361
TD3-BC,H1JoystickGaitTracking,h1-gait-tracking,medium-expert,1,TD3-BC-H1JoystickGaitTracking-0e82c9e6,,humanoid_gym_relative,100.0,0.8058963778987527,True,full,json,0.3209383165743202,0.4339337338468052,0.0601168368011713,0.3982376957830684,0.4849580613244325,-0.4849580613244325,-1.168045813869685,-0.4493746912167289,85.0,60.0,0.3020954760337961,0.4947123458677353
AWAC,H1JoystickGaitTracking,h1-gait-tracking,medium-expert,2,AWAC-H1JoystickGaitTracking-75bb4f15,,default,100.0,0.8746919338777661,True,full,json,0.8746919338777661,0.4195470806524112,1.042400062084198,1.0,0.0,,,,,,,
BC,H1JoystickGaitTracking,h1-gait-tracking,medium-expert,2,BC-H1JoystickGaitTracking-190cc0c5,,default,100.0,0.8697259268164634,True,full,json,0.8697259268164634,0.4750786845674959,1.1067465543746948,1.0,0.0,,,,,,,
CQL,H1JoystickGaitTracking,h1-gait-tracking,medium-expert,2,CQL-H1JoystickGaitTracking-31d7f96a,,default,100.0,-0.0004046672787626,False,full,json,-0.0004046672787626,0.0002291890192113,-0.0004883500223513,1.0,0.0,,,,,,,
DT,H1JoystickGaitTracking,h1-gait-tracking,medium-expert,2,DT-H1JoystickGaitTracking-7967f825,,default,100.0,0.8089426174014807,True,full,json,0.8089426174014807,0.4283432672461813,0.9914366006851196,1.0,0.0,,,,,,,
IQL,H1JoystickGaitTracking,h1-gait-tracking,medium-expert,2,IQL-H1JoystickGaitTracking-0f5af558,,default,100.0,0.8898780562356114,True,full,json,0.8898780562356114,0.4389980312585691,1.0860825777053833,1.0,0.0,,,,,,,
TD3-BC,H1JoystickGaitTracking,h1-gait-tracking,medium-expert,2,TD3-BC-H1JoystickGaitTracking-5154f89d,,default,100.0,0.7969235866516828,True,full,json,0.7969235866516828,0.4583297100113146,1.0449169278144836,1.0,0.0,,,,,,,
AWAC,H1JoystickGaitTracking,h1-gait-tracking,medium-expert,2,AWAC-H1JoystickGaitTracking-75bb4f15,,humanoid_gym_relative,100.0,0.8746919338777661,True,full,json,0.4145608181972056,0.4874149941077552,0.0813942030072212,0.4739506586728608,0.4601311156805605,-0.4601311156805605,-1.1981595128774645,-0.3698074333047424,68.0,52.0,0.3833702887621996,0.5726714834006066
BC,H1JoystickGaitTracking,h1-gait-tracking,medium-expert,2,BC-H1JoystickGaitTracking-190cc0c5,,humanoid_gym_relative,100.0,0.8697259268164634,True,full,json,0.4069485746929422,0.5066101781528629,0.0673136115074157,0.4679043847554746,0.4627773521235212,-0.4627773521235213,-1.2146312594413755,-0.3965678405005132,67.0,50.0,0.3574389542489603,0.5682514681265298
CQL,H1JoystickGaitTracking,h1-gait-tracking,medium-expert,2,CQL-H1JoystickGaitTracking-31d7f96a,,humanoid_gym_relative,100.0,-0.0004046672787626,False,full,json,-0.0002663358840163,0.0002388965636547,-0.000290119292913,0.6581601676091747,-0.0001383313947462,0.0001383313947462,-4.376918805064634e-05,1.1081609271312467,5.0,1.0,0.5900596286092321,0.7250611836648865
DT,H1JoystickGaitTracking,h1-gait-tracking,medium-expert,2,DT-H1JoystickGaitTracking-7967f825,,humanoid_gym_relative,100.0,0.8089426174014807,True,full,json,0.4109235486947,0.4864086819512371,0.0774384289979934,0.5079761405261177,0.3980190687067806,-0.3980190687067806,-1.1529231203719974,-0.4252223774233397,64.0,54.0,0.4110807573324981,0.605977577631329
IQL,H1JoystickGaitTracking,h1-gait-tracking,medium-expert,2,IQL-H1JoystickGaitTracking-0f5af558,,humanoid_gym_relative,100.0,0.8898780562356114,True,full,json,0.4079498132830486,0.5028672457647257,0.0663093812763691,0.4584333891867948,0.4819282429525628,-0.4819282429525628,-1.1973735759034754,-0.3455479293068992,62.0,54.0,0.3668813371210249,0.5636516665153151
TD3-BC,H1JoystickGaitTracking,h1-gait-tracking,medium-expert,2,TD3-BC-H1JoystickGaitTracking-5154f89d,,humanoid_gym_relative,100.0,0.7969235866516828,True,full,json,0.3278650889662094,0.4495033814376475,0.0537868812680244,0.4114134585271244,0.4690584976854734,-0.4690584976854734,-1.158359145000577,-0.4535385379512797,71.0,59.0,0.3074568098531668,0.5091442454986512
BC,H1JoystickGaitTracking,h1-gait-tracking,medium-replay,0,BC-H1JoystickGaitTracking-a7963199,,default,100.0,-6.919918243511347e-05,False,full,json,-6.919918243511347e-05,0.000373394678481,-0.0002472406486049,1.0,0.0,,,,,,,
IQL,H1JoystickGaitTracking,h1-gait-tracking,medium-replay,0,IQL-H1JoystickGaitTracking-c002d04a,,default,100.0,1.0074094290286302,True,full,json,1.0074094290286302,0.4056181588359639,1.2043054103851318,1.0,0.0,,,,,,,
TD3-BC,H1JoystickGaitTracking,h1-gait-tracking,medium-replay,0,TD3-BC-H1JoystickGaitTracking-e48c24c6,,default,100.0,-6.664201759122079e-05,False,full,json,-6.664201759122079e-05,0.0003306233874003,-0.0002121461802744,1.0,0.0,,,,,,,
DT,H1JoystickGaitTracking,h1-gait-tracking,medium-replay,0,DT-H1JoystickGaitTracking-01991ecd,,default,100.0,0.0562769096717238,True,full,json,0.0562769096717238,0.0127319149229511,0.0546890962868928,1.0,0.0,,,,,,,
AWAC,H1JoystickGaitTracking,h1-gait-tracking,medium-replay,0,AWAC-H1JoystickGaitTracking-656795ff,,default,100.0,0.006331731918671721,False,full,json,0.006331731918671721,0.014436156960868161,-0.00013955323811387643,1.0,0.0,,,,,,,
CQL,H1JoystickGaitTracking,h1-gait-tracking,medium-replay,0,CQL-H1JoystickGaitTracking-a26fb81a,,default,100.0,0.11159930184483528,True,full,json,0.11159930184483528,0.26737852847358456,0.04015659913420677,1.0,0.0,,,,,,,
BC,H1JoystickGaitTracking,h1-gait-tracking,medium-replay,0,BC-H1JoystickGaitTracking-a7963199,,humanoid_gym_relative,100.0,-6.919918243511347e-05,False,full,json,7.2817987847884065e-06,0.0003597590107876,-0.0001193484386021,-0.1052295493753323,-7.648098121990188e-05,7.648098121990188e-05,-5.582188896369189e-05,1.8066842265952323,10.0,0.0,-5.364274807708375,5.130704215545694
IQL,H1JoystickGaitTracking,h1-gait-tracking,medium-replay,0,IQL-H1JoystickGaitTracking-c002d04a,,humanoid_gym_relative,100.0,1.0074094290286302,True,full,json,0.2316679535484263,0.3948967086821927,0.0361904744058847,0.2299640512316888,0.7757414754802039,-0.7757414754802039,-1.2878608146915211,-0.2783886844629887,89.0,80.0,0.1544921910419765,0.2956361380730595
TD3-BC,H1JoystickGaitTracking,h1-gait-tracking,medium-replay,0,TD3-BC-H1JoystickGaitTracking-e48c24c6,,humanoid_gym_relative,100.0,-6.664201759122079e-05,False,full,json,4.5658549212248544e-05,0.0003364938591897,-7.417140295729041e-05,-0.6851315560749688,-0.0001123005668034,0.0001123005668034,-3.017744311364368e-05,1.4528290739747824,7.000000000000001,1.0,-1.6442311295999927,5.797742791394256
DT,H1JoystickGaitTracking,h1-gait-tracking,medium-replay,0,DT-H1JoystickGaitTracking-01991ecd,,humanoid_gym_relative,100.0,0.0562769096717238,True,full,json,0.0434347759280353,0.0186842380156078,0.0399258602410554,0.7718045674753716,0.0128421337436884,-0.0128421337436884,-0.0380791091360151,0.3233617595895123,67.0,17.0,0.719859036502,0.8224813241453642
AWAC,H1JoystickGaitTracking,h1-gait-tracking,medium-replay,0,AWAC-H1JoystickGaitTracking-656795ff,,humanoid_gym_relative,100.0,0.006331731918671721,False,full,json,0.0012215694531914779,0.006872413849023152,-0.00010090672367368825,0.19292817018818767,0.0051101624654802435,-0.0051101624654802435,-0.04118547931179819,-5.504615141766477,35.0,23.0,-0.06597617375923481,0.3814800735773447
CQL,H1JoystickGaitTracking,h1-gait-tracking,medium-replay,0,CQL-H1JoystickGaitTracking-a26fb81a,,humanoid_gym_relative,100.0,0.11159930184483528,True,full,json,0.060460863074986264,0.1849059638085566,0.01873273029923439,0.541767395275012,0.05113843876984902,-0.05113843876984902,-0.27509300783276547,-1.465006530374603,70.0,55.00000000000001,0.07300644456607785,0.8123270895534571
BC,H1JoystickGaitTracking,h1-gait-tracking,medium-replay,1,BC-H1JoystickGaitTracking-2cece436,,default,100.0,-6.694958982734533e-05,False,full,json,-6.694958982734533e-05,0.0003619097518417,-0.000235036452068,1.0,0.0,,,,,,,
AWAC,H1JoystickGaitTracking,h1-gait-tracking,medium-replay,1,AWAC-H1JoystickGaitTracking-64f85527,,default,100.0,-5.083489578282752e-05,False,full,json,-5.083489578282752e-05,0.0003761402299165,-0.0002274041908094,1.0,0.0,,,,,,,
CQL,H1JoystickGaitTracking,h1-gait-tracking,medium-replay,1,CQL-H1JoystickGaitTracking-8f123306,,default,100.0,0.6733750805445016,True,full,json,0.6733750805445016,0.5167169945446749,1.0453479290008545,1.0,0.0,,,,,,,
DT,H1JoystickGaitTracking,h1-gait-tracking,medium-replay,1,DT-H1JoystickGaitTracking-f12bb1c4,,default,100.0,0.0529204647243022,True,full,json,0.0529204647243022,0.0113076635170559,0.0520127806812524,1.0,0.0,,,,,,,
IQL,H1JoystickGaitTracking,h1-gait-tracking,medium-replay,1,IQL-H1JoystickGaitTracking-ff007dd9,,default,100.0,0.7375591867789626,True,full,json,0.7375591867789626,0.5378483730978251,1.108416199684143,1.0,0.0,,,,,,,
TD3-BC,H1JoystickGaitTracking,h1-gait-tracking,medium-replay,1,TD3-BC-H1JoystickGaitTracking-d9f9fea2,,default,100.0,0.36985986368265,True,full,json,0.36985986368265,0.3757631807021253,0.2054660096764564,1.0,0.0,,,,,,,
DT,H1JoystickGaitTracking,h1-gait-tracking,medium-replay,1,DT-H1JoystickGaitTracking-d3aa9d94,,default,100.0,0.053270916789770126,True,full,json,0.053270916789770126,0.009050364369934151,0.05268858000636101,1.0,0.0,,,,,,,
BC,H1JoystickGaitTracking,h1-gait-tracking,medium-replay,1,BC-H1JoystickGaitTracking-2cece436,,humanoid_gym_relative,100.0,-6.694958982734533e-05,False,full,json,3.678168136502792e-06,0.0003404363234986,-0.0001264162128791,-0.0549393677539822,-7.062775796384813e-05,7.062775796384813e-05,-3.20553379424382e-05,1.4787981229624398,7.000000000000001,1.0,-3.1500277593483,6.135032165855658
AWAC,H1JoystickGaitTracking,h1-gait-tracking,medium-replay,1,AWAC-H1JoystickGaitTracking-64f85527,,humanoid_gym_relative,100.0,-5.083489578282752e-05,False,full,json,0.0002646859137985,0.0024987935224861,-0.0001164605673693,-5.2067759699813045,-0.0003155208095813,0.0003155208095813,-4.428843385539949e-05,1.8712211006511104,11.0,1.0,-45.92094473502424,56.31158010334455
CQL,H1JoystickGaitTracking,h1-gait-tracking,medium-replay,1,CQL-H1JoystickGaitTracking-8f123306,,humanoid_gym_relative,100.0,0.6733750805445016,True,full,json,0.2070177613646046,0.3728375600460771,0.0134840937098488,0.3074330597402073,0.4663573191798968,-0.4663573191798968,-1.175291016867868,-0.745373493651576,79.0,69.0,0.202902871087407,0.4036740428981119
DT,H1JoystickGaitTracking,h1-gait-tracking,medium-replay,1,DT-H1JoystickGaitTracking-f12bb1c4,,humanoid_gym_relative,100.0,0.0529204647243022,True,full,json,0.0414679496735334,0.018101296525954,0.0372529625892639,0.783590051401994,0.0114525150507688,-0.0114525150507688,-0.0367792541161179,0.3050088598479734,56.00000000000001,13.0,0.732436344044585,0.8358129467852848
IQL,H1JoystickGaitTracking,h1-gait-tracking,medium-replay,1,IQL-H1JoystickGaitTracking-ff007dd9,,humanoid_gym_relative,100.0,0.7375591867789626,True,full,json,0.1890723486534625,0.3663828551746212,0.0092159144114702,0.2563487134899252,0.5484868381255,-0.5484868381255,-1.3000423306584707,-0.7626278052829372,84.0,75.0,0.151353759910941,0.3436539670222046
TD3-BC,H1JoystickGaitTracking,h1-gait-tracking,medium-replay,1,TD3-BC-H1JoystickGaitTracking-d9f9fea2,,humanoid_gym_relative,100.0,0.36985986368265,True,full,json,0.0797926040180027,0.1262180961903988,0.0448669511824846,0.2157373963844506,0.2900672596646472,-0.2900672596646473,-1.1375090762041509,-2.0755136955875946,90.0,70.0,0.1395841359921684,0.273481489028127
DT,H1JoystickGaitTracking,h1-gait-tracking,medium-replay,1,DT-H1JoystickGaitTracking-d3aa9d94,,humanoid_gym_relative,100.0,0.053270916789770126,True,full,json,0.04039401185698807,0.01605704722634381,0.03768608532845974,0.7582751394424121,0.012876904932782055,-0.012876904932782055,-0.03426782377064228,0.35672547356603973,62.0,19.0,0.7099263335863086,0.8034954518612434
AWAC,H1JoystickGaitTracking,h1-gait-tracking,medium-replay,2,AWAC-H1JoystickGaitTracking-4e00cddf,,default,100.0,-7.170016858253802e-05,False,full,json,-7.170016858253802e-05,0.0003460654531157,-0.0002347467889194,1.0,0.0,,,,,,,
BC,H1JoystickGaitTracking,h1-gait-tracking,medium-replay,2,BC-H1JoystickGaitTracking-9032b744,,default,100.0,-7.182383520557777e-05,False,full,json,-7.182383520557777e-05,0.0003585078294556,-0.0002400676894467,1.0,0.0,,,,,,,
CQL,H1JoystickGaitTracking,h1-gait-tracking,medium-replay,2,CQL-H1JoystickGaitTracking-e3334be0,,default,100.0,0.4618529221136123,True,full,json,0.4618529221136123,0.4862094579359406,0.0732542239129543,1.0,0.0,,,,,,,
IQL,H1JoystickGaitTracking,h1-gait-tracking,medium-replay,2,IQL-H1JoystickGaitTracking-1cc8ac37,,default,100.0,0.8959002849087119,True,full,json,0.8959002849087119,0.4988460786358913,1.205627739429474,1.0,0.0,,,,,,,
TD3-BC,H1JoystickGaitTracking,h1-gait-tracking,medium-replay,2,TD3-BC-H1JoystickGaitTracking-232b0294,,default,100.0,0.2163635404920205,True,full,json,0.2163635404920205,0.1989468707322331,0.1705378890037536,1.0,0.0,,,,,,,
DT,H1JoystickGaitTracking,h1-gait-tracking,medium-replay,2,DT-H1JoystickGaitTracking-a498528c,,default,100.0,0.05824046298861504,True,full,json,0.05824046298861504,0.015138833263357073,0.05396372638642788,1.0,0.0,,,,,,,
AWAC,H1JoystickGaitTracking,h1-gait-tracking,medium-replay,2,AWAC-H1JoystickGaitTracking-4e00cddf,,humanoid_gym_relative,100.0,-7.170016858253802e-05,False,full,json,1.9326363678828784e-06,0.0003355388050419,-0.0001242441067006,-0.0269544187425182,-7.36328049504209e-05,7.363280495042091e-05,-2.292717981617897e-05,1.3197646570354469,4.0,2.0,-0.6160186711510239,4.331164199114092
BC,H1JoystickGaitTracking,h1-gait-tracking,medium-replay,2,BC-H1JoystickGaitTracking-9032b744,,humanoid_gym_relative,100.0,-7.182383520557777e-05,False,full,json,1.0928999313364329e-05,0.000358023942964,-0.0001233179209521,-0.1521639617556316,-8.27528345189421e-05,8.27528345189421e-05,-1.1194689432159066e-05,1.1558631532292458,3.0,1.0,-6.5684590948105335,3.537792258377669
CQL,H1JoystickGaitTracking,h1-gait-tracking,medium-replay,2,CQL-H1JoystickGaitTracking-e3334be0,,humanoid_gym_relative,100.0,0.4618529221136123,True,full,json,0.1035071118754422,0.2188157110304796,0.0131268533878028,0.2241127140687014,0.3583458102381701,-0.3583458102381701,-1.064525832085201,-1.304902234273048,82.0,68.0,0.1354126982633918,0.3036682033138788
IQL,H1JoystickGaitTracking,h1-gait-tracking,medium-replay,2,IQL-H1JoystickGaitTracking-1cc8ac37,,humanoid_gym_relative,100.0,0.8959002849087119,True,full,json,0.2292522885706057,0.4043119115989676,0.0230398066341877,0.2558904070378385,0.6666479963381061,-0.6666479963381061,-1.2987220260300092,-0.4496278747833448,84.0,75.0,0.1648028668702807,0.3376312722570446
TD3-BC,H1JoystickGaitTracking,h1-gait-tracking,medium-replay,2,TD3-BC-H1JoystickGaitTracking-232b0294,,humanoid_gym_relative,100.0,0.2163635404920205,True,full,json,0.075392919788137,0.1281003002935125,0.0474519208073616,0.3484548256914734,0.1409706207038835,-0.1409706207038834,-0.3827181553468108,-0.7688662076636954,82.0,65.0,0.2036733221671246,0.4412354109146224
DT,H1JoystickGaitTracking,h1-gait-tracking,medium-replay,2,DT-H1JoystickGaitTracking-a498528c,,humanoid_gym_relative,100.0,0.05824046298861504,True,full,json,0.0451673695538193,0.025436923116790293,0.03766434080898762,0.7755324603557617,0.013073093434795735,-0.013073093434795737,-0.04422877421602607,0.24058340290543362,62.0,19.0,0.7047835643150442,0.8383778048685605
