run,wandb_id,wandb_group,state,algorithm,task,dataset,train_seed,created_at,runtime_h,gpu
AWAC-G1JoystickFlatTerrain-39ab80d3,c996ae7b-d009-406c-b292-28408e2b872d,awac-g1-joystick-direction-expert,finished,AWAC,g1-joystick-direction,expert,0,2026-08-18T16:29:28Z,17.41111111111111,NVIDIA L40S
AWAC-G1JoystickFlatTerrain-fbb04059,942c23ef-5485-4958-98bd-03680b022e16,awac-g1-joystick-direction-expert,finished,AWAC,g1-joystick-direction,expert,1,2026-09-10T23:49:30Z,24.55361111111111,NVIDIA H100 80GB HBM3
AWAC-G1JoystickFlatTerrain-3a6dd793,133c8e29-df57-4dba-bc45-4cb83be87131,awac-g1-joystick-direction-expert,finished,AWAC,g1-joystick-direction,expert,2,2026-09-12T04:33:24Z,23.26,NVIDIA H100 80GB HBM3
AWAC-G1JoystickFlatTerrain-e4d227ee,f5167f95-b6ef-49e5-8db8-03c891ac34f1,awac-g1-joystick-direction-medium,finished,AWAC,g1-joystick-direction,medium,0,2026-08-19T09:54:28Z,11.872222222222222,NVIDIA L40S
AWAC-G1JoystickFlatTerrain-169a81e8,52d5ec15-c656-4932-968b-fb8651f46351,awac-g1-joystick-direction-medium,finished,AWAC,g1-joystick-direction,medium,1,2026-09-10T23:49:31Z,19.223333333333333,NVIDIA H100 80GB HBM3
AWAC-G1JoystickFlatTerrain-eb8f6445,976d9459-d890-40c6-afd2-f0219ef909ae,awac-g1-joystick-direction-medium,finished,AWAC,g1-joystick-direction,medium,2,2026-09-12T04:34:12Z,18.300833333333333,NVIDIA H100 80GB HBM3
AWAC-G1JoystickFlatTerrain-a20f5675,517ddc24-c541-44f3-877e-d257bd4dd512,awac-g1-joystick-direction-medium-expert,finished,AWAC,g1-joystick-direction,medium-expert,0,2026-08-19T21:47:12Z,16.544444444444444,NVIDIA L40S
AWAC-G1JoystickFlatTerrain-cc3fece6,7c0853eb-b715-4a9b-9bde-36709fdc1160,awac-g1-joystick-direction-medium-expert,finished,AWAC,g1-joystick-direction,medium-expert,1,2026-09-11T00:41:42Z,20.29277777777778,NVIDIA H100 80GB HBM3
AWAC-G1JoystickFlatTerrain-9d141a95,67682d11-d191-416d-88a7-b68b0ead3339,awac-g1-joystick-direction-medium-expert,finished,AWAC,g1-joystick-direction,medium-expert,2,2026-09-12T04:34:26Z,23.61277777777778,NVIDIA H100 80GB HBM3
AWAC-G1JoystickFlatTerrain-fccca621,7a799234-fc65-4e31-b559-38a38c22b51a,awac-g1-joystick-direction-medium-replay,finished,AWAC,g1-joystick-direction,medium-replay,0,2026-08-20T14:20:11Z,7.6097222222222225,NVIDIA L40S
AWAC-G1JoystickFlatTerrain-5c2eea7b,107b250c-ecd1-46d9-94fa-1730cf024ae5,awac-g1-joystick-direction-medium-replay,finished,AWAC,g1-joystick-direction,medium-replay,1,2026-09-11T00:58:22Z,11.605277777777777,NVIDIA H100 80GB HBM3
AWAC-G1JoystickFlatTerrain-38988b75,61be839f-1cbe-4d60-b59f-cb47762c4aee,awac-g1-joystick-direction-medium-replay,finished,AWAC,g1-joystick-direction,medium-replay,2,2026-09-12T04:35:43Z,11.307222222222222,NVIDIA H100 80GB HBM3
AWAC-Go2JoystickFlatTerrain-9a15d8f1,e5b39108-6091-4a5c-879b-67b5b86e7143,awac-go2-flat-forward-expert,finished,AWAC,go2-flat-forward,expert,0,2026-08-12T19:34:20Z,21.816666666666666,NVIDIA L40S
AWAC-Go2JoystickFlatTerrain-540206e5,f7f4a7fc-1cd0-4678-bf88-62b04781ee79,awac-go2-flat-forward-expert,finished,AWAC,go2-flat-forward,expert,1,2026-09-10T14:27:50Z,15.276944444444444,NVIDIA H100 80GB HBM3
AWAC-Go2JoystickFlatTerrain-29a97075,376cec50-5251-4656-83d2-3c9ee427b6a9,awac-go2-flat-forward-expert,finished,AWAC,go2-flat-forward,expert,2,2026-09-11T17:37:48Z,15.142222222222221,NVIDIA H100 80GB HBM3
AWAC-Go2JoystickFlatTerrain-c5e0269c,06d211f1-0b06-4669-970d-5a704c6b8d57,awac-go2-flat-forward-medium,finished,AWAC,go2-flat-forward,medium,0,2026-08-13T17:23:38Z,21.323333333333334,NVIDIA L40S
AWAC-Go2JoystickFlatTerrain-2175956e,f21139b2-ec8d-4b13-bda5-bd31dcae0e30,awac-go2-flat-forward-medium,finished,AWAC,go2-flat-forward,medium,1,2026-09-10T14:40:33Z,15.74,NVIDIA H100 80GB HBM3
AWAC-Go2JoystickFlatTerrain-9ce2ddcb,99207db8-31ba-4ef7-a29d-1a07bbd5b70f,awac-go2-flat-forward-medium,finished,AWAC,go2-flat-forward,medium,2,2026-09-11T17:46:25Z,14.836388888888889,NVIDIA H100 80GB HBM3
AWAC-Go2JoystickFlatTerrain-b121d1da,d8da53f9-11d6-4f7c-bf95-04148f5a155c,awac-go2-flat-forward-medium-expert,finished,AWAC,go2-flat-forward,medium-expert,0,2026-08-14T14:43:21Z,20.059722222222224,NVIDIA L40S
AWAC-Go2JoystickFlatTerrain-0c4abe0e,edf355aa-ce44-4b0f-9390-5c62e23fd12c,awac-go2-flat-forward-medium-expert,finished,AWAC,go2-flat-forward,medium-expert,1,2026-09-10T17:55:11Z,16.19388888888889,NVIDIA H100 80GB HBM3
AWAC-Go2JoystickFlatTerrain-b16ab66d,ffede5b5-2903-436c-83b1-be4762934752,awac-go2-flat-forward-medium-expert,finished,AWAC,go2-flat-forward,medium-expert,2,2026-09-11T21:49:51Z,15.519444444444444,NVIDIA H100 80GB HBM3
AWAC-Go2JoystickFlatTerrain-d8917fa8,e5635fd5-21c7-445a-88c8-00084e44aa5e,awac-go2-flat-forward-medium-replay,finished,AWAC,go2-flat-forward,medium-replay,0,2026-08-15T10:47:14Z,19.983888888888888,NVIDIA L40S
AWAC-Go2JoystickFlatTerrain-c32b7288,ee34097c-9f75-4743-a8c3-fcb627724066,awac-go2-flat-forward-medium-replay,finished,AWAC,go2-flat-forward,medium-replay,1,2026-09-10T20:01:29Z,15.683055555555555,NVIDIA H100 80GB HBM3
AWAC-Go2JoystickFlatTerrain-bddc8ae9,f9506a05-b657-4fab-b927-6c3306d1b069,awac-go2-flat-forward-medium-replay,finished,AWAC,go2-flat-forward,medium-replay,2,2026-09-12T00:25:44Z,15.040555555555555,NVIDIA H100 80GB HBM3
AWAC-Go2Footstand-6dd6e98b,f0ed7fbb-0289-4042-9dd1-8576e9b17c29,awac-go2-footstand-expert,finished,AWAC,go2-footstand,expert,0,2026-08-06T20:23:18Z,5.262777777777778,NVIDIA L40S
AWAC-Go2Footstand-1da1d3fb,36eabd49-d5d3-41a0-80de-a34f49eec34c,awac-go2-footstand-expert,finished,AWAC,go2-footstand,expert,1,2026-09-10T06:01:57Z,5.795555555555556,NVIDIA H100 80GB HBM3
AWAC-Go2Footstand-899358ce,142774c3-cc9f-4936-b66f-3fcb67d8f2b0,awac-go2-footstand-expert,finished,AWAC,go2-footstand,expert,2,2026-09-11T07:25:37Z,5.770277777777777,NVIDIA H100 80GB HBM3
AWAC-Go2Footstand-1f5ed968,8cb46796-f06b-4f1c-a001-67304e839f48,awac-go2-footstand-medium,finished,AWAC,go2-footstand,medium,0,2026-08-07T01:39:22Z,3.137777777777778,NVIDIA L40S
AWAC-Go2Footstand-7dc309f5,9111de42-373f-488e-85c6-23461d5a87f0,awac-go2-footstand-medium,finished,AWAC,go2-footstand,medium,1,2026-09-10T06:01:56Z,3.563888888888889,NVIDIA H100 80GB HBM3
AWAC-Go2Footstand-9e6586b0,5b709452-e5f3-43bd-abcf-df254bc23ffb,awac-go2-footstand-medium,finished,AWAC,go2-footstand,medium,2,2026-09-11T07:26:10Z,3.317222222222222,NVIDIA H100 80GB HBM3
AWAC-Go2Footstand-a1323aaa,fa593e44-107c-4966-8db9-30ba6766f9f8,awac-go2-footstand-medium-expert,finished,AWAC,go2-footstand,medium-expert,0,2026-08-07T04:47:57Z,3.8925,NVIDIA L40S
AWAC-Go2Footstand-20eea8dd,6a3a0c33-41e5-47f1-a18a-b60b6edb5bd9,awac-go2-footstand-medium-expert,finished,AWAC,go2-footstand,medium-expert,1,2026-09-10T06:01:56Z,4.101388888888889,NVIDIA H100 80GB HBM3
AWAC-Go2Footstand-36714fbb,992708de-f6ae-4111-812b-171b7f9fb53d,awac-go2-footstand-medium-expert,finished,AWAC,go2-footstand,medium-expert,2,2026-09-11T07:30:19Z,3.051111111111111,NVIDIA H100 80GB HBM3
AWAC-Go2Footstand-cac96917,407e018b-536e-4297-ac98-dfc3bd15fae2,awac-go2-footstand-medium-replay,finished,AWAC,go2-footstand,medium-replay,0,2026-08-07T08:41:49Z,0.8055555555555556,NVIDIA L40S
AWAC-Go2Footstand-4c8b313d,30d45691-6e35-430e-b17a-b3a2b640ee3d,awac-go2-footstand-medium-replay,finished,AWAC,go2-footstand,medium-replay,1,2026-09-10T06:02:05Z,1.0847222222222221,NVIDIA H100 80GB HBM3
AWAC-Go2Footstand-f5d1d5ba,d249e7d6-11cd-4c2a-9f28-5cff1ed2f82f,awac-go2-footstand-medium-replay,finished,AWAC,go2-footstand,medium-replay,2,2026-09-11T07:30:25Z,1.1019444444444444,NVIDIA H100 80GB HBM3
AWAC-Go2Getup-3430e32b,30f7fd62-0cb9-49c8-b76f-78ec39ecf9d7,awac-go2-getup-expert,finished,AWAC,go2-getup,expert,0,2026-08-03T17:16:12Z,3.6475,NVIDIA L40S
AWAC-Go2Getup-a6dd7011,11fefd03-ec1e-4fac-a295-1a6a1c0ce38a,awac-go2-getup-expert,finished,AWAC,go2-getup,expert,1,2026-09-10T13:19:26Z,3.7888888888888888,NVIDIA H100 80GB HBM3
AWAC-Go2Getup-c7fbec8c,d22378cd-9aff-4ae0-b96b-f73df700390b,awac-go2-getup-expert,finished,AWAC,go2-getup,expert,2,2026-09-11T03:29:43Z,3.9269444444444446,NVIDIA H100 80GB HBM3
AWAC-Go2Getup-649d07a2,9ac1d8fd-313f-4dd6-9699-f8fc8592f5fa,awac-go2-getup-medium,finished,AWAC,go2-getup,medium,0,2026-08-03T20:55:26Z,3.643611111111111,NVIDIA L40S
AWAC-Go2Getup-b3a9a2fd,f7014ef4-8bd0-4cd8-b8a1-db1c9542666b,awac-go2-getup-medium,finished,AWAC,go2-getup,medium,1,2026-09-10T05:58:27Z,4.105277777777777,NVIDIA H100 80GB HBM3
AWAC-Go2Getup-02a9e8a5,bd8006d7-2259-4b68-8107-2177cc834f36,awac-go2-getup-medium,finished,AWAC,go2-getup,medium,2,2026-09-11T03:29:40Z,4.006111111111111,NVIDIA H100 80GB HBM3
AWAC-Go2Getup-6960898f,21269e2a-a40f-4293-9b15-e857a708e89d,awac-go2-getup-medium-expert,finished,AWAC,go2-getup,medium-expert,0,2026-08-04T00:35:30Z,3.5927777777777776,NVIDIA L40S
AWAC-Go2Getup-824fab1a,009a9cd2-40da-42bf-aeb2-8756076bd64a,awac-go2-getup-medium-expert,finished,AWAC,go2-getup,medium-expert,1,2026-09-10T05:58:27Z,4.1369444444444445,NVIDIA H100 80GB HBM3
AWAC-Go2Getup-fd6d88fe,9e16f36a-ef96-49ee-814b-9c222d2fb96e,awac-go2-getup-medium-expert,finished,AWAC,go2-getup,medium-expert,2,2026-09-11T03:29:42Z,3.9358333333333335,NVIDIA H100 80GB HBM3
AWAC-Go2Getup-742bd978,7ab631bb-39f9-40c4-8357-d4a06e0dd3a3,awac-go2-getup-medium-replay,finished,AWAC,go2-getup,medium-replay,0,2026-08-04T04:11:24Z,3.658888888888889,NVIDIA L40S
AWAC-Go2Getup-acaf9327,3f59768d-234c-421e-a72d-1f239cac3ec9,awac-go2-getup-medium-replay,finished,AWAC,go2-getup,medium-replay,1,2026-09-10T13:19:26Z,3.8091666666666666,NVIDIA H100 80GB HBM3
AWAC-Go2Getup-42c9f544,3aa94fa3-5a90-4214-b1fd-48f810c4f338,awac-go2-getup-medium-replay,finished,AWAC,go2-getup,medium-replay,2,2026-09-11T03:29:43Z,4.006944444444445,NVIDIA H100 80GB HBM3
AWAC-Go2GetupWalk-fe72b391,b665b0ae-1bbd-497b-9f04-d91d1997452f,awac-go2-getup-walk-expert,finished,AWAC,go2-getup-walk,expert,0,2026-08-04T07:51:20Z,15.175,NVIDIA L40S
AWAC-Go2GetupWalk-da6a8739,456acaa1-5aed-43ab-8217-e561a05dc1ca,awac-go2-getup-walk-expert,finished,AWAC,go2-getup-walk,expert,1,2026-09-10T13:19:26Z,13.8025,NVIDIA H100 80GB HBM3
AWAC-Go2GetupWalk-7760a23d,30fe17b8-ee02-44cf-9bd7-c56660dcae6a,awac-go2-getup-walk-expert,finished,AWAC,go2-getup-walk,expert,2,2026-09-11T03:29:40Z,12.819444444444445,NVIDIA H100 80GB HBM3
AWAC-Go2GetupWalk-f63c2866,d16748f2-5a68-4650-8785-63240604950f,awac-go2-getup-walk-medium,finished,AWAC,go2-getup-walk,medium,0,2026-08-04T23:02:13Z,15.07,NVIDIA L40S
AWAC-Go2GetupWalk-b62ddb43,27ec2c17-385c-49e0-843e-cf5e775222e8,awac-go2-getup-walk-medium,finished,AWAC,go2-getup-walk,medium,1,2026-09-10T05:58:27Z,11.940555555555555,NVIDIA H100 80GB HBM3
AWAC-Go2GetupWalk-a95f9dd4,5b1995df-1d7a-4a3d-8ed5-0cd74cadb2cd,awac-go2-getup-walk-medium,finished,AWAC,go2-getup-walk,medium,2,2026-09-11T03:29:43Z,12.670277777777779,NVIDIA H100 80GB HBM3
AWAC-Go2GetupWalk-01da55ae,22305878-96c4-46fb-a33f-1c50b109bbf4,awac-go2-getup-walk-medium-expert,finished,AWAC,go2-getup-walk,medium-expert,0,2026-08-05T14:06:46Z,15.073055555555555,NVIDIA L40S
AWAC-Go2GetupWalk-a5c471bb,b4e81679-c86c-4656-af14-0d51237533a9,awac-go2-getup-walk-medium-expert,finished,AWAC,go2-getup-walk,medium-expert,1,2026-09-10T13:19:25Z,14.165277777777778,NVIDIA H100 80GB HBM3
AWAC-Go2GetupWalk-42188d35,e80ca2f3-5e0d-4a14-80e7-9499132f2e7f,awac-go2-getup-walk-medium-expert,finished,AWAC,go2-getup-walk,medium-expert,2,2026-09-11T03:29:40Z,12.753333333333334,NVIDIA H100 80GB HBM3
AWAC-Go2GetupWalk-2897ccc2,0a33b3c9-dddc-48e6-bf32-492848d16dd4,awac-go2-getup-walk-medium-replay,finished,AWAC,go2-getup-walk,medium-replay,0,2026-08-06T05:11:37Z,15.189444444444444,NVIDIA L40S
AWAC-Go2GetupWalk-d7ef8685,cd78a913-b9ea-4c37-a3c5-0eb7c66954dd,awac-go2-getup-walk-medium-replay,finished,AWAC,go2-getup-walk,medium-replay,1,2026-09-10T13:19:23Z,14.071111111111112,NVIDIA H100 80GB HBM3
AWAC-Go2GetupWalk-a835e1fb,c7ecf1fe-830b-4414-bcfa-0d63b1c96ea0,awac-go2-getup-walk-medium-replay,finished,AWAC,go2-getup-walk,medium-replay,2,2026-09-11T03:29:40Z,12.898888888888889,NVIDIA H100 80GB HBM3
AWAC-Go2Handstand-421a7aed,fa8f77d9-f842-425b-a4f0-5e1bae6d2b90,awac-go2-handstand-expert,finished,AWAC,go2-handstand,expert,0,2026-08-07T09:30:28Z,5.071111111111111,NVIDIA L40S
AWAC-Go2Handstand-179062e5,66999b09-39b2-4eda-9ebe-73c4b6460a61,awac-go2-handstand-expert,finished,AWAC,go2-handstand,expert,1,2026-09-10T06:02:05Z,5.509722222222222,NVIDIA H100 80GB HBM3
AWAC-Go2Handstand-48320043,cd322610-9daf-4d64-acf8-0a02071fdd3a,awac-go2-handstand-expert,finished,AWAC,go2-handstand,expert,2,2026-09-11T08:36:49Z,5.445277777777778,NVIDIA H100 80GB HBM3
AWAC-Go2Handstand-0f6520f5,adda77f4-5f12-4463-a685-33448757bed4,awac-go2-handstand-medium,finished,AWAC,go2-handstand,medium,0,2026-08-07T14:35:13Z,3.953333333333333,NVIDIA L40S
AWAC-Go2Handstand-77d32bfc,569c1bcc-5353-4369-acb3-1bb6acbd84d5,awac-go2-handstand-medium,finished,AWAC,go2-handstand,medium,1,2026-09-10T07:07:28Z,4.187222222222222,NVIDIA H100 80GB HBM3
AWAC-Go2Handstand-52abbb37,dfd0a6aa-7f7f-430b-87b1-db5ddf55885e,awac-go2-handstand-medium,finished,AWAC,go2-handstand,medium,2,2026-09-11T10:33:41Z,3.636388888888889,NVIDIA H100 80GB HBM3
AWAC-Go2Handstand-2237ff97,fae0a9d2-2c70-44de-b6ee-fa328738b24b,awac-go2-handstand-medium-expert,finished,AWAC,go2-handstand,medium-expert,0,2026-08-07T18:32:47Z,3.856388888888889,NVIDIA L40S
AWAC-Go2Handstand-c52015a9,362e0246-c35b-4d78-8050-0d98fea48463,awac-go2-handstand-medium-expert,finished,AWAC,go2-handstand,medium-expert,1,2026-09-10T09:36:05Z,3.8491666666666666,NVIDIA H100 80GB HBM3
AWAC-Go2Handstand-a7d23cea,4bf175e9-b5bf-4679-bb96-b17438cec6f4,awac-go2-handstand-medium-expert,finished,AWAC,go2-handstand,medium-expert,2,2026-09-11T10:45:30Z,4.339166666666666,NVIDIA H100 80GB HBM3
AWAC-Go2Handstand-9196e96a,a244d1c4-7ae5-4ed8-8b65-9cf355abd452,awac-go2-handstand-medium-replay,finished,AWAC,go2-handstand,medium-replay,0,2026-08-07T22:24:39Z,1.16,NVIDIA L40S
AWAC-Go2Handstand-290818c0,4a2b030b-4974-483d-8ab6-c2d9166f1da6,awac-go2-handstand-medium-replay,finished,AWAC,go2-handstand,medium-replay,1,2026-09-10T10:05:02Z,1.0602777777777779,NVIDIA H100 80GB HBM3
AWAC-Go2Handstand-11a40536,d0b3d5fb-5f97-43d6-87bf-295429b63e13,awac-go2-handstand-medium-replay,finished,AWAC,go2-handstand,medium-replay,2,2026-09-11T13:12:07Z,1.1972222222222222,NVIDIA H100 80GB HBM3
AWAC-Go2JoystickFlatTerrain-f08ef75a,657c0c5e-8c34-4dd1-addf-278a09ac7d29,awac-go2-joystick-direction-expert,finished,AWAC,go2-joystick-direction,expert,0,2026-08-09T14:41:18Z,18.997222222222224,NVIDIA L40S
AWAC-Go2JoystickFlatTerrain-830e2b80,391c1e94-e0f8-400f-9e45-50cfdd2f21af,awac-go2-joystick-direction-expert,finished,AWAC,go2-joystick-direction,expert,1,2026-09-10T11:32:56Z,11.26361111111111,NVIDIA H100 80GB HBM3
AWAC-Go2JoystickFlatTerrain-b443beb2,de33387a-0d7d-4651-b95a-bbd18e9a6a26,awac-go2-joystick-direction-expert,finished,AWAC,go2-joystick-direction,expert,2,2026-09-11T17:30:57Z,11.053333333333333,NVIDIA H100 80GB HBM3
AWAC-Go2JoystickFlatTerrain-050efdf6,48b4db86-f677-4154-9b29-99537eb76d96,awac-go2-joystick-direction-medium,finished,AWAC,go2-joystick-direction,medium,0,2026-08-10T09:41:27Z,19.426388888888887,NVIDIA L40S
AWAC-Go2JoystickFlatTerrain-bedf8f1f,7b287702-1eb4-4f86-a33e-6f84a1734ae5,awac-go2-joystick-direction-medium,finished,AWAC,go2-joystick-direction,medium,1,2026-09-10T11:49:57Z,11.227222222222222,NVIDIA H100 80GB HBM3
AWAC-Go2JoystickFlatTerrain-aea4acbb,406b15a2-e60c-4279-b9c8-f72dd9ec9d79,awac-go2-joystick-direction-medium,finished,AWAC,go2-joystick-direction,medium,2,2026-09-11T17:31:24Z,11.00361111111111,NVIDIA H100 80GB HBM3
AWAC-Go2JoystickFlatTerrain-dfba3409,65c094bf-f4ac-4fb0-b26a-2078b1de2d6a,awac-go2-joystick-direction-medium-expert,finished,AWAC,go2-joystick-direction,medium-expert,0,2026-08-11T05:07:24Z,19.288611111111113,NVIDIA L40S
AWAC-Go2JoystickFlatTerrain-a0bb60a4,8f340a89-7667-460a-91aa-a2a36357931d,awac-go2-joystick-direction-medium-expert,finished,AWAC,go2-joystick-direction,medium-expert,1,2026-09-10T13:27:17Z,11.235555555555555,NVIDIA H100 80GB HBM3
AWAC-Go2JoystickFlatTerrain-a0e4eb6c,34017896-cf6d-4c4d-8c2d-b7b7b34dafc4,awac-go2-joystick-direction-medium-expert,finished,AWAC,go2-joystick-direction,medium-expert,2,2026-09-11T17:31:25Z,10.927222222222222,NVIDIA H100 80GB HBM3
AWAC-Go2JoystickFlatTerrain-260a2b8e,bf892550-be8f-4cc7-9fe4-f883e8a8e2f0,awac-go2-joystick-direction-medium-replay,finished,AWAC,go2-joystick-direction,medium-replay,0,2026-08-12T00:25:02Z,19.148611111111112,NVIDIA L40S
AWAC-Go2JoystickFlatTerrain-177a8646,a069f465-668f-4966-bd77-24d7c3dd2340,awac-go2-joystick-direction-medium-replay,finished,AWAC,go2-joystick-direction,medium-replay,1,2026-09-10T14:00:17Z,10.963055555555556,NVIDIA H100 80GB HBM3
AWAC-Go2JoystickFlatTerrain-88e8beaa,c91ea0e8-2a9c-4877-8871-125046b69322,awac-go2-joystick-direction-medium-replay,finished,AWAC,go2-joystick-direction,medium-replay,2,2026-09-11T17:31:27Z,11.06611111111111,NVIDIA H100 80GB HBM3
AWAC-Go2PushRecovery-fb404822,47e20fac-25fb-4574-9509-85dfe19ea446,awac-go2-push-recovery-expert,finished,AWAC,go2-push-recovery,expert,0,2026-08-07T23:34:37Z,19.566388888888888,NVIDIA L40S
AWAC-Go2PushRecovery-715add7a,27957b4d-bf8b-4905-83c1-f642be12d70d,awac-go2-push-recovery-expert,finished,AWAC,go2-push-recovery,expert,1,2026-09-10T10:06:57Z,9.903888888888888,NVIDIA H100 80GB HBM3
AWAC-Go2PushRecovery-8ac3f4b0,8c60ac9d-11bd-4674-9a5c-b1e8bd5ae960,awac-go2-push-recovery-expert,finished,AWAC,go2-push-recovery,expert,2,2026-09-11T14:03:49Z,10.360555555555555,NVIDIA H100 80GB HBM3
AWAC-Go2PushRecovery-d0c66ef6,63b41306-709d-41af-95bd-0f9b5a99950c,awac-go2-push-recovery-medium,finished,AWAC,go2-push-recovery,medium,0,2026-08-08T19:08:56Z,7.554722222222222,NVIDIA L40S
AWAC-Go2PushRecovery-59a48477,62476662-d3ca-456d-a6cc-65c3183260c8,awac-go2-push-recovery-medium,finished,AWAC,go2-push-recovery,medium,1,2026-09-10T10:08:18Z,4.320555555555556,NVIDIA H100 80GB HBM3
AWAC-Go2PushRecovery-b27b05ad,a6fc9017-d0c1-4357-9952-e444a9624159,awac-go2-push-recovery-medium,finished,AWAC,go2-push-recovery,medium,2,2026-09-11T14:12:08Z,3.566388888888889,NVIDIA H100 80GB HBM3
AWAC-Go2PushRecovery-2b7f37d4,fa99af49-fbe2-451d-932b-35fca3e62ace,awac-go2-push-recovery-medium-expert,finished,AWAC,go2-push-recovery,medium-expert,0,2026-08-09T02:42:31Z,7.066111111111111,NVIDIA L40S
AWAC-Go2PushRecovery-5c49f4f7,4f20bb75-65aa-465f-b9f0-ec09b3c32a68,awac-go2-push-recovery-medium-expert,finished,AWAC,go2-push-recovery,medium-expert,1,2026-09-10T11:08:56Z,3.522222222222222,NVIDIA H100 80GB HBM3
AWAC-Go2PushRecovery-4f13dce4,3d380a0d-8b5c-4f54-a38f-2ab5130c4228,awac-go2-push-recovery-medium-expert,finished,AWAC,go2-push-recovery,medium-expert,2,2026-09-11T14:24:15Z,7.421944444444445,NVIDIA H100 80GB HBM3
AWAC-Go2PushRecovery-f9059b07,bc96b285-2402-4318-8458-feb70d765117,awac-go2-push-recovery-medium-replay,finished,AWAC,go2-push-recovery,medium-replay,0,2026-08-09T09:46:52Z,4.899444444444445,NVIDIA L40S
AWAC-Go2PushRecovery-6d8b8027,6b5fcc11-4442-4520-86dc-687ba0042130,awac-go2-push-recovery-medium-replay,finished,AWAC,go2-push-recovery,medium-replay,1,2026-09-10T11:18:58Z,2.683611111111111,NVIDIA H100 80GB HBM3
AWAC-Go2PushRecovery-42f65c25,780d3da7-e97c-4104-9984-a6c98ed8295f,awac-go2-push-recovery-medium-replay,finished,AWAC,go2-push-recovery,medium-replay,2,2026-09-11T15:06:08Z,2.5230555555555556,NVIDIA H100 80GB HBM3
AWAC-Go2RoughCurriculum-dfa0d988,41c3593b-925a-444c-b87d-f2380f8969c7,awac-go2-rough-terrain-expert,finished,AWAC,go2-rough-terrain,expert,0,2026-08-16T06:46:39Z,16.484444444444446,NVIDIA L40S
AWAC-Go2RoughCurriculum-e08dea9c,023955ab-b852-486f-bf35-67726e247e69,awac-go2-rough-terrain-expert,finished,AWAC,go2-rough-terrain,expert,1,2026-09-14T14:38:41Z,16.763333333333332,NVIDIA H100 80GB HBM3
AWAC-Go2RoughCurriculum-5c45e8d7,7af846b1-dae6-49c4-91ea-d1afcf40aaa0,awac-go2-rough-terrain-expert,finished,AWAC,go2-rough-terrain,expert,2,2026-09-14T14:44:53Z,17.11138888888889,NVIDIA H100 80GB HBM3
AWAC-Go2RoughCurriculum-7d5c5d15,4032b9fb-d00d-4d77-b03a-488da9b68683,awac-go2-rough-terrain-medium,finished,AWAC,go2-rough-terrain,medium,0,2026-08-16T23:16:04Z,15.234166666666667,NVIDIA L40S
AWAC-Go2RoughCurriculum-b45f3edc,8338410e-9b15-4e94-bb00-b76ce8ddba6f,awac-go2-rough-terrain-medium,finished,AWAC,go2-rough-terrain,medium,1,2026-09-14T14:38:38Z,17.174722222222222,NVIDIA H100 80GB HBM3
AWAC-Go2RoughCurriculum-42af96f1,57a31dc2-ee9f-4738-943d-ba0af154310b,awac-go2-rough-terrain-medium,finished,AWAC,go2-rough-terrain,medium,2,2026-09-14T14:44:52Z,17.10972222222222,NVIDIA H100 80GB HBM3
AWAC-Go2RoughCurriculum-65636487,8a037957-c728-4479-8bb0-57a3b855bf3a,awac-go2-rough-terrain-medium-expert,finished,AWAC,go2-rough-terrain,medium-expert,0,2026-08-17T14:30:26Z,13.93138888888889,NVIDIA L40S
AWAC-Go2RoughCurriculum-02214574,07b386b1-8356-41b6-8007-1d97b25f710d,awac-go2-rough-terrain-medium-expert,finished,AWAC,go2-rough-terrain,medium-expert,1,2026-09-14T14:38:36Z,16.185555555555556,NVIDIA H100 80GB HBM3
AWAC-Go2RoughCurriculum-50def463,f77242f2-66b6-4fe5-9668-27bc25fd8b73,awac-go2-rough-terrain-medium-expert,finished,AWAC,go2-rough-terrain,medium-expert,2,2026-09-14T14:44:50Z,14.864444444444445,NVIDIA H100 80GB HBM3
AWAC-Go2RoughCurriculum-618c7f15,37be6938-4833-443a-a82f-de56fbda8a55,awac-go2-rough-terrain-medium-replay,finished,AWAC,go2-rough-terrain,medium-replay,0,2026-08-18T04:26:49Z,12.03888888888889,NVIDIA L40S
AWAC-Go2RoughCurriculum-75a9e10e,8fa58ae4-4510-47a7-b321-134bc2770207,awac-go2-rough-terrain-medium-replay,finished,AWAC,go2-rough-terrain,medium-replay,1,2026-09-14T14:38:36Z,14.005833333333333,NVIDIA H100 80GB HBM3
AWAC-Go2RoughCurriculum-03277f13,732f1e81-1a8e-49df-bde4-26a8fc9f9be3,awac-go2-rough-terrain-medium-replay,finished,AWAC,go2-rough-terrain,medium-replay,2,2026-09-14T14:44:51Z,13.419722222222223,NVIDIA H100 80GB HBM3
AWAC-H1JoystickGaitTracking-4c9a3d5d,ce2937a4-6373-4dc4-a728-8fb9640c2faa,awac-h1-gait-tracking-expert,finished,AWAC,h1-gait-tracking,expert,0,2026-10-01T18:44:57Z,1.8547222222222222,NVIDIA GeForce RTX 3090
AWAC-H1JoystickGaitTracking-80815913,33c160cc-cf12-4438-ace4-5fd367c5f5b1,awac-h1-gait-tracking-expert,finished,AWAC,h1-gait-tracking,expert,1,2026-09-11T05:44:44Z,17.573055555555555,NVIDIA H100 80GB HBM3
AWAC-H1JoystickGaitTracking-20b46cf5,531f1241-a0bd-47a4-aa76-1999c9ce15db,awac-h1-gait-tracking-expert,finished,AWAC,h1-gait-tracking,expert,2,2026-09-12T08:36:53Z,15.332777777777778,NVIDIA H100 80GB HBM3
AWAC-H1JoystickGaitTracking-6eaf76c0,fa486e30-0b5c-48eb-8d5f-5d3683630867,awac-h1-gait-tracking-medium,finished,AWAC,h1-gait-tracking,medium,0,2026-10-01T18:44:57Z,1.8530555555555555,NVIDIA GeForce RTX 3090
AWAC-H1JoystickGaitTracking-b6caf39b,8e611618-ade2-41e1-9c06-b87375658706,awac-h1-gait-tracking-medium,finished,AWAC,h1-gait-tracking,medium,1,2026-09-11T06:25:15Z,14.144444444444444,NVIDIA H100 80GB HBM3
AWAC-H1JoystickGaitTracking-8f5587be,1bba34df-01e4-4bb2-b0c1-37d50ea1e7c8,awac-h1-gait-tracking-medium,finished,AWAC,h1-gait-tracking,medium,2,2026-09-12T08:46:37Z,19.51222222222222,NVIDIA H100 80GB HBM3
AWAC-H1JoystickGaitTracking-cc2f2620,9e115eab-5071-4e6a-accf-1a31cff98cfb,awac-h1-gait-tracking-medium-expert,finished,AWAC,h1-gait-tracking,medium-expert,0,2026-10-01T18:44:57Z,1.8527777777777779,NVIDIA GeForce RTX 3090
AWAC-H1JoystickGaitTracking-bae17bab,8d7b597f-5dd2-4e76-a473-a1a50317b899,awac-h1-gait-tracking-medium-expert,finished,AWAC,h1-gait-tracking,medium-expert,1,2026-09-11T10:07:07Z,15.5475,NVIDIA H100 80GB HBM3
AWAC-H1JoystickGaitTracking-75bb4f15,2df6a485-1d06-4ab7-a986-cee1a72e27ff,awac-h1-gait-tracking-medium-expert,finished,AWAC,h1-gait-tracking,medium-expert,2,2026-09-12T13:21:23Z,18.31,NVIDIA H100 80GB HBM3
AWAC-H1JoystickGaitTracking-656795ff,6543e17f-0e3c-4a8a-a44e-20791722a03f,awac-h1-gait-tracking-medium-replay,finished,AWAC,h1-gait-tracking,medium-replay,0,2026-10-01T18:44:57Z,0.31805555555555554,NVIDIA GeForce RTX 3090
AWAC-H1JoystickGaitTracking-64f85527,b49521a9-258e-4749-922f-3254d4b129c4,awac-h1-gait-tracking-medium-replay,finished,AWAC,h1-gait-tracking,medium-replay,1,2026-09-11T11:42:47Z,0.9383333333333334,NVIDIA H100 80GB HBM3
AWAC-H1JoystickGaitTracking-4e00cddf,f19a6cb6-2be3-45b8-b5f5-3e24f89e4c50,awac-h1-gait-tracking-medium-replay,finished,AWAC,h1-gait-tracking,medium-replay,2,2026-09-12T15:28:27Z,0.6797222222222222,NVIDIA H100 80GB HBM3
BC-G1JoystickFlatTerrain-0060081b,92a90da6-7697-4571-9438-1fbb12fe1b3e,"[35, 33]",finished,BC,g1-joystick-direction,expert,0,2026-07-22T13:14:58Z,3.7319444444444443,NVIDIA GeForce RTX 3090
BC-G1JoystickFlatTerrain-e1bc66b5,d7888c5d-2f23-4041-9fd8-269f5840acc4,bc-g1-joystick-direction-expert,finished,BC,g1-joystick-direction,expert,1,2026-07-29T14:20:38Z,4.2380555555555555,NVIDIA GeForce RTX 3090
BC-G1JoystickFlatTerrain-2d7a4b34,96017c26-a639-4f15-a2d0-3ddd84a6295d,bc-g1-joystick-direction-expert,finished,BC,g1-joystick-direction,expert,2,2026-09-27T03:03:37Z,5.266944444444444,NVIDIA H100 80GB HBM3
BC-G1JoystickFlatTerrain-e92520bb,b0de5f02-abf2-41be-90f4-a33d4ff6c83c,bc-g1-joystick-direction-medium,finished,BC,g1-joystick-direction,medium,0,2026-07-22T22:13:34Z,2.0894444444444447,NVIDIA GeForce RTX 3090
BC-G1JoystickFlatTerrain-183326c0,40e00f63-c1a1-4769-9572-7afb7ed627aa,bc-g1-joystick-direction-medium,finished,BC,g1-joystick-direction,medium,1,2026-09-15T01:40:45Z,2.8305555555555557,NVIDIA GeForce RTX 3090
BC-G1JoystickFlatTerrain-21344791,26b6a565-5bf5-44ac-bccf-b7270ca57e7f,bc-g1-joystick-direction-medium,finished,BC,g1-joystick-direction,medium,2,2026-09-27T03:07:30Z,5.147777777777778,NVIDIA H100 80GB HBM3
BC-G1JoystickFlatTerrain-a2e9a32d,2be44d3d-4018-4c2a-96cf-0e3c6bcafdcd,bc-g1-joystick-direction-medium-expert,finished,BC,g1-joystick-direction,medium-expert,0,2026-07-23T00:19:07Z,3.1069444444444443,NVIDIA GeForce RTX 3090
BC-G1JoystickFlatTerrain-7e3aa627,e5a9a977-734d-4cbe-bedc-2c10e2f1a5d9,bc-g1-joystick-direction-medium-expert,finished,BC,g1-joystick-direction,medium-expert,1,2026-09-15T04:30:47Z,4.439444444444445,NVIDIA GeForce RTX 3090
BC-G1JoystickFlatTerrain-005a8d1d,98274e8d-c0fb-432c-b28d-a3ff1a494bd3,bc-g1-joystick-direction-medium-expert,finished,BC,g1-joystick-direction,medium-expert,2,2026-09-27T03:22:18Z,5.273055555555556,NVIDIA H100 80GB HBM3
BC-G1JoystickFlatTerrain-defc385d,06a80dd8-d303-4279-98e3-4043663f1a70,bc-g1-joystick-direction-medium-replay,finished,BC,g1-joystick-direction,medium-replay,0,2026-07-23T03:27:15Z,0.45166666666666666,NVIDIA GeForce RTX 3090
BC-G1JoystickFlatTerrain-da0a4f53,0cec75fe-e472-48b2-85a1-5cbdd8144758,bc-g1-joystick-direction-medium-replay,finished,BC,g1-joystick-direction,medium-replay,1,2026-09-15T08:57:22Z,0.6011111111111112,NVIDIA GeForce RTX 3090
BC-G1JoystickFlatTerrain-3f032e42,f91d5b46-3539-4ad0-a25a-b4626cb220c7,bc-g1-joystick-direction-medium-replay,finished,BC,g1-joystick-direction,medium-replay,2,2026-09-27T03:36:21Z,1.9122222222222223,NVIDIA H100 80GB HBM3
BC-Go2JoystickFlatTerrain-59e9c78e,f990a08d-2ac4-4671-b0d9-28158007fe70,bc-go2-flat-forward-expert,finished,BC,go2-flat-forward,expert,0,2026-07-18T13:39:58Z,5.2363888888888885,NVIDIA GeForce RTX 3090
BC-Go2JoystickFlatTerrain-85f81fb3,92420720-24a7-4afb-a111-91a0de918f6c,bc-go2-flat-forward-expert,finished,BC,go2-flat-forward,expert,1,2026-07-28T10:42:17Z,5.271111111111111,NVIDIA GeForce RTX 3090
BC-Go2JoystickFlatTerrain-6c486424,18cb1f79-ac93-4999-b574-3951d53cc539,bc-go2-flat-forward-expert,finished,BC,go2-flat-forward,expert,2,2026-09-27T01:01:35Z,2.0566666666666666,NVIDIA H100 80GB HBM3
BC-Go2JoystickFlatTerrain-f249e3a0,4f887c3e-4a52-433d-a1bd-efdeb9f26128,bc-go2-flat-forward-medium,finished,BC,go2-flat-forward,medium,0,2026-07-18T18:54:22Z,5.265833333333333,NVIDIA GeForce RTX 3090
BC-Go2JoystickFlatTerrain-546f6562,46ff3f82-a3b7-41a6-97b0-d2428c94bfe5,bc-go2-flat-forward-medium,finished,BC,go2-flat-forward,medium,1,2026-07-28T15:58:48Z,5.216666666666667,NVIDIA GeForce RTX 3090
BC-Go2JoystickFlatTerrain-f26d54a3,2d45d736-eb95-4bac-b32f-d8581d5a14bb,bc-go2-flat-forward-medium,finished,BC,go2-flat-forward,medium,2,2026-09-27T01:06:35Z,2.037777777777778,NVIDIA H100 80GB HBM3
BC-Go2JoystickFlatTerrain-f0b7893c,014d9b29-4902-4206-a5e3-115717c1c95c,bc-go2-flat-forward-medium-expert,finished,BC,go2-flat-forward,medium-expert,0,2026-07-19T00:10:31Z,5.2908333333333335,NVIDIA GeForce RTX 3090
BC-Go2JoystickFlatTerrain-1ebda6a8,d86a4feb-ebe2-4707-9ea4-1c0b18f07baa,bc-go2-flat-forward-medium-expert,finished,BC,go2-flat-forward,medium-expert,1,2026-07-28T21:12:01Z,5.273055555555556,NVIDIA GeForce RTX 3090
BC-Go2JoystickFlatTerrain-7b2bfe23,4c77ee8a-75c8-4047-8ac8-beadf96401b2,bc-go2-flat-forward-medium-expert,finished,BC,go2-flat-forward,medium-expert,2,2026-09-27T01:20:24Z,2.055,NVIDIA H100 80GB HBM3
BC-Go2JoystickFlatTerrain-d597e54e,cb1a09cf-5ce5-45f3-9e22-576738716b07,bc-go2-flat-forward-medium-replay,finished,BC,go2-flat-forward,medium-replay,0,2026-07-19T05:28:11Z,4.956388888888889,NVIDIA GeForce RTX 3090
BC-Go2JoystickFlatTerrain-313380b4,c85fe821-cdf1-48c8-a39e-7e7d85e87833,bc-go2-flat-forward-medium-replay,finished,BC,go2-flat-forward,medium-replay,1,2026-07-29T02:28:38Z,5.214166666666666,NVIDIA GeForce RTX 3090
BC-Go2JoystickFlatTerrain-7d93f64c,f08a71ed-07d5-42ab-b71c-9515568a0e55,bc-go2-flat-forward-medium-replay,finished,BC,go2-flat-forward,medium-replay,2,2026-09-27T01:36:28Z,2.0216666666666665,NVIDIA H100 80GB HBM3
BC-Go2Footstand-6430b8ff,6a658dc6-b7a2-4a17-946a-b10ee1cc4d48,"[20, 19]",finished,BC,go2-footstand,expert,0,2026-07-19T17:46:49Z,0.8002777777777778,NVIDIA GeForce RTX 3090
BC-Go2Footstand-d2c68bcb,70c0f702-ec78-45f0-99cc-24e20b1fbd71,bc-go2-footstand-expert,finished,BC,go2-footstand,expert,1,2026-07-27T20:01:09Z,0.7972222222222223,NVIDIA GeForce RTX 3090
BC-Go2Footstand-f87f4fa7,e78e4dd1-85f8-4b90-8bf6-2afe8aa3905b,bc-go2-footstand-expert,finished,BC,go2-footstand,expert,2,2026-09-26T21:21:28Z,1.2183333333333333,NVIDIA H100 80GB HBM3
BC-Go2Footstand-1b47b6d0,5f3b25e9-5eb3-42c1-80ec-f7d8feef1b58,"[20, 19]",finished,BC,go2-footstand,medium,0,2026-07-19T18:35:01Z,0.4091666666666667,NVIDIA GeForce RTX 3090
BC-Go2Footstand-dbb93db8,0a574e9e-0386-4d47-9ac8-d98abc974908,bc-go2-footstand-medium,finished,BC,go2-footstand,medium,1,2026-07-27T20:49:12Z,0.4816666666666667,NVIDIA GeForce RTX 3090
BC-Go2Footstand-4d605bba,0e9d3819-de60-4199-bd14-4a67028cf7c9,bc-go2-footstand-medium,finished,BC,go2-footstand,medium,2,2026-09-26T21:21:27Z,1.1841666666666666,NVIDIA H100 80GB HBM3
BC-Go2Footstand-1c714f23,99c5ed38-06d1-472a-ae94-b39aa7565fa6,"[20, 19]",finished,BC,go2-footstand,medium-expert,0,2026-07-19T18:59:46Z,0.8163888888888889,NVIDIA GeForce RTX 3090
BC-Go2Footstand-2366d633,40e21edc-2114-4eeb-870d-8aedc7c22a60,bc-go2-footstand-medium-expert,finished,BC,go2-footstand,medium-expert,1,2026-07-27T21:18:19Z,0.8027777777777778,NVIDIA GeForce RTX 3090
BC-Go2Footstand-1f3331a4,4849a0c9-d8fa-4c35-8532-070380d1f019,bc-go2-footstand-medium-expert,finished,BC,go2-footstand,medium-expert,2,2026-09-26T21:21:28Z,1.2427777777777778,NVIDIA H100 80GB HBM3
BC-Go2Footstand-d32f9de1,ed30b6f5-9f4b-4f17-950a-084e49cf9986,"[20, 19]",finished,BC,go2-footstand,medium-replay,0,2026-07-19T19:48:57Z,0.17083333333333334,NVIDIA GeForce RTX 3090
BC-Go2Footstand-a93eafc2,cf658227-7580-488d-bf93-fb4138a9fbff,bc-go2-footstand-medium-replay,finished,BC,go2-footstand,medium-replay,1,2026-07-27T22:06:41Z,0.13305555555555557,NVIDIA GeForce RTX 3090
BC-Go2Footstand-ae989e17,3b621852-96d7-4a13-974f-af388f3047e6,bc-go2-footstand-medium-replay,finished,BC,go2-footstand,medium-replay,2,2026-09-26T21:21:28Z,0.41888888888888887,NVIDIA H100 80GB HBM3
BC-Go2Getup-7c2df4bb,62ba99fe-4c69-4228-8ce2-1d6bb575d996,"[18, 17]",finished,BC,go2-getup,expert,0,2026-07-14T20:48:29Z,0.5536111111111112,NVIDIA GeForce RTX 3090
BC-Go2Getup-1ef43f4f,47404743-f37c-4986-b744-3cf0ad6104be,bc-go2-getup-expert,finished,BC,go2-getup,expert,1,2026-07-27T10:37:31Z,0.5763888888888888,NVIDIA GeForce RTX 3090
BC-Go2Getup-e4f6a0ea,5fc5013c-d91a-4453-95a8-207dcb51cdda,bc-go2-getup-expert,finished,BC,go2-getup,expert,2,2026-09-30T07:29:29Z,0.5955555555555555,NVIDIA H100 80GB HBM3
BC-Go2Getup-b63cfa32,128f00be-573c-4748-9e76-becc9bfd7c64,"[18, 17]",finished,BC,go2-getup,medium,0,2026-07-14T21:22:07Z,0.5647222222222222,NVIDIA GeForce RTX 3090
BC-Go2Getup-b5e37d4d,9fbb49f9-d761-4708-be9d-ad04fe9c16c2,bc-go2-getup-medium,finished,BC,go2-getup,medium,1,2026-07-27T11:12:19Z,0.5744444444444444,NVIDIA GeForce RTX 3090
BC-Go2Getup-444e6d59,5aa1d925-ed3d-47b3-8b19-a33badf118bc,bc-go2-getup-medium,finished,BC,go2-getup,medium,2,2026-09-30T07:41:45Z,0.6038888888888889,NVIDIA H100 80GB HBM3
BC-Go2Getup-2416ea3c,e27118c2-c3bf-4bf1-9ca9-048752a65e60,"[18, 17]",finished,BC,go2-getup,medium-expert,0,2026-07-14T21:56:12Z,0.5636111111111111,NVIDIA GeForce RTX 3090
BC-Go2Getup-97d81233,d73b1baa-ef95-47ed-b121-0e8fff2c9241,bc-go2-getup-medium-expert,finished,BC,go2-getup,medium-expert,1,2026-07-27T11:47:00Z,0.5705555555555556,NVIDIA GeForce RTX 3090
BC-Go2Getup-01eb9ca0,b3c60558-86a7-433f-ac3a-fd9f1281fcf2,bc-go2-getup-medium-expert,finished,BC,go2-getup,medium-expert,2,2026-09-30T08:05:32Z,0.5955555555555555,NVIDIA H100 80GB HBM3
BC-Go2Getup-eba62dbb,b91f857a-8316-4b91-bd6b-1f44aea63944,"[18, 17]",finished,BC,go2-getup,medium-replay,0,2026-07-14T22:30:20Z,0.5627777777777778,NVIDIA GeForce RTX 3090
BC-Go2Getup-0316a950,249897f2-0801-42be-9aa5-1cc397ded941,bc-go2-getup-medium-replay,finished,BC,go2-getup,medium-replay,1,2026-07-27T12:21:45Z,0.5752777777777778,NVIDIA GeForce RTX 3090
BC-Go2Getup-e96d3e22,437268b7-1cfa-4717-a224-32640eae65cd,bc-go2-getup-medium-replay,finished,BC,go2-getup,medium-replay,2,2026-09-30T08:18:16Z,0.5980555555555556,NVIDIA H100 80GB HBM3
BC-Go2GetupWalk-f2304788,94b66bdd-98a9-448d-9252-e7462e9779ef,"[98, 93]",finished,BC,go2-getup-walk,expert,0,2026-07-19T10:41:20Z,1.7638888888888888,NVIDIA GeForce RTX 3090
BC-Go2GetupWalk-4aeffbec,58d20567-c420-4142-953e-065778bfec07,bc-go2-getup-walk-expert,finished,BC,go2-getup-walk,expert,1,2026-07-27T12:56:56Z,1.7616666666666667,NVIDIA GeForce RTX 3090
BC-Go2GetupWalk-357e33b0,cd0538ec-f20f-4d56-81ca-214ce39597d9,bc-go2-getup-walk-expert,finished,BC,go2-getup-walk,expert,2,2026-09-26T21:21:26Z,2.267777777777778,NVIDIA H100 80GB HBM3
BC-Go2GetupWalk-cf8841d2,1f37cd27-37bc-4f58-98ca-1943002204be,"[98, 93]",finished,BC,go2-getup-walk,medium,0,2026-07-19T12:27:22Z,1.7661111111111112,NVIDIA GeForce RTX 3090
BC-Go2GetupWalk-7287695e,1d41bb81-ada0-4486-bc3a-804f5cc555c2,bc-go2-getup-walk-medium,finished,BC,go2-getup-walk,medium,1,2026-07-27T14:42:50Z,1.7677777777777777,NVIDIA GeForce RTX 3090
BC-Go2GetupWalk-cd10e9fc,54c9790c-4d06-4046-90ab-2e9db20f50b4,bc-go2-getup-walk-medium,finished,BC,go2-getup-walk,medium,2,2026-09-26T21:21:28Z,2.261388888888889,NVIDIA H100 80GB HBM3
BC-Go2GetupWalk-78d748db,6c62e194-bde1-40cd-9865-93eaf52c36f9,"[98, 93]",finished,BC,go2-getup-walk,medium-expert,0,2026-07-19T14:13:32Z,1.7694444444444444,NVIDIA GeForce RTX 3090
BC-Go2GetupWalk-a63264a1,856d2b23-86d1-42e1-89e9-5d9fcc07361c,bc-go2-getup-walk-medium-expert,finished,BC,go2-getup-walk,medium-expert,1,2026-07-27T16:29:06Z,1.7619444444444445,NVIDIA GeForce RTX 3090
BC-Go2GetupWalk-2d9ba2cf,7000f268-352f-47ee-9159-4960a2f0ea11,bc-go2-getup-walk-medium-expert,finished,BC,go2-getup-walk,medium-expert,2,2026-09-26T21:21:28Z,2.3319444444444444,NVIDIA H100 80GB HBM3
BC-Go2GetupWalk-eb70913a,0d13904e-a554-4dad-bf3f-d3f90c16b123,"[98, 93]",finished,BC,go2-getup-walk,medium-replay,0,2026-07-19T15:59:54Z,1.7786111111111111,NVIDIA GeForce RTX 3090
BC-Go2GetupWalk-a41d597e,ac7d3b3e-c9a7-4591-a9ed-ff42662048b5,bc-go2-getup-walk-medium-replay,finished,BC,go2-getup-walk,medium-replay,1,2026-07-27T18:15:22Z,1.755,NVIDIA GeForce RTX 3090
BC-Go2GetupWalk-a4c1237d,2691b4a2-a308-41a3-b640-d1f86300e617,bc-go2-getup-walk-medium-replay,finished,BC,go2-getup-walk,medium-replay,2,2026-09-26T21:21:26Z,2.2855555555555553,NVIDIA H100 80GB HBM3
BC-Go2Handstand-63f304ca,cf8dd937-fde6-4965-96f9-b186a2c11e4e,"[20, 19]",finished,BC,go2-handstand,expert,0,2026-07-19T19:59:25Z,0.7497222222222222,NVIDIA GeForce RTX 3090
BC-Go2Handstand-28fdac32,a1feb361-a782-402f-a4bd-41e5b9af7dd3,bc-go2-handstand-expert,finished,BC,go2-handstand,expert,1,2026-07-27T22:14:55Z,0.7433333333333333,NVIDIA GeForce RTX 3090
BC-Go2Handstand-342082d8,50ddb8a8-d80e-45e6-8060-c668a1747a67,bc-go2-handstand-expert,finished,BC,go2-handstand,expert,2,2026-09-26T21:45:42Z,1.2027777777777777,NVIDIA H100 80GB HBM3
BC-Go2Handstand-9a34d141,af2d1817-eb05-460a-b71d-4c2d2c15cc78,"[20, 19]",finished,BC,go2-handstand,medium,0,2026-07-19T20:44:36Z,0.4461111111111111,NVIDIA GeForce RTX 3090
BC-Go2Handstand-8b75e897,5742d76f-23bf-4c24-a813-f54a659e8ab8,bc-go2-handstand-medium,finished,BC,go2-handstand,medium,1,2026-07-27T22:59:43Z,0.47583333333333333,NVIDIA GeForce RTX 3090
BC-Go2Handstand-dc7761cd,a32b0ab7-67c3-4366-b8f5-1f5c1695d1d5,bc-go2-handstand-medium,finished,BC,go2-handstand,medium,2,2026-09-26T22:31:36Z,1.0877777777777777,NVIDIA H100 80GB HBM3
BC-Go2Handstand-564fbc14,72b90717-85b8-4cab-8fea-e5c6637e4e50,"[20, 19]",finished,BC,go2-handstand,medium-expert,0,2026-07-19T21:11:35Z,0.5161111111111111,NVIDIA GeForce RTX 3090
BC-Go2Handstand-f7f0a419,ddb0d78b-cc7f-4887-8493-cffd112c949f,bc-go2-handstand-medium-expert,finished,BC,go2-handstand,medium-expert,1,2026-07-27T23:28:29Z,0.4761111111111111,NVIDIA GeForce RTX 3090
BC-Go2Handstand-c35d6d7a,bd971e09-52bf-4a90-aea3-9a4ef1c7102d,bc-go2-handstand-medium-expert,finished,BC,go2-handstand,medium-expert,2,2026-09-26T22:33:17Z,1.1483333333333334,NVIDIA H100 80GB HBM3
BC-Go2Handstand-cf957cd2,dc4e5e71-967c-4e0c-884e-0b61cb2a1c43,"[20, 19]",finished,BC,go2-handstand,medium-replay,0,2026-07-19T21:42:45Z,0.19166666666666668,NVIDIA GeForce RTX 3090
BC-Go2Handstand-fdb88bfd,027b29c0-063c-415b-9404-4bd852713364,bc-go2-handstand-medium-replay,finished,BC,go2-handstand,medium-replay,1,2026-07-27T23:57:15Z,0.1775,NVIDIA GeForce RTX 3090
BC-Go2Handstand-4047fa18,81d9597f-45d2-4b65-82c0-3ae52a141894,bc-go2-handstand-medium-replay,finished,BC,go2-handstand,medium-replay,2,2026-09-26T22:34:54Z,0.6769444444444445,NVIDIA H100 80GB HBM3
BC-Go2JoystickFlatTerrain-9c6e818a,fd07cb91-093c-49a6-9abc-051f953a7595,"[31, 29]",finished,BC,go2-joystick-direction,expert,0,2026-07-20T01:35:32Z,1.6913888888888888,NVIDIA GeForce RTX 3090
BC-Go2JoystickFlatTerrain-e9bb5f28,cf6a2379-09b7-4726-bfc9-2e575bf06b96,bc-go2-joystick-direction-expert,finished,BC,go2-joystick-direction,expert,1,2026-07-28T03:52:17Z,1.701111111111111,NVIDIA GeForce RTX 3090
BC-Go2JoystickFlatTerrain-0c0d90ef,ee293f07-9e17-4dfd-a32b-ceb56042cb37,bc-go2-joystick-direction-expert,finished,BC,go2-joystick-direction,expert,2,2026-09-26T23:35:53Z,2.0308333333333333,NVIDIA H100 80GB HBM3
BC-Go2JoystickFlatTerrain-f5f73542,3f80e9ae-bec0-4af3-a52c-6282f3e2c1b3,"[31, 29]",finished,BC,go2-joystick-direction,medium,0,2026-07-20T03:17:14Z,1.7141666666666666,NVIDIA GeForce RTX 3090
BC-Go2JoystickFlatTerrain-12e7d9a6,dd7bb2ff-7cf0-4c17-9cd8-3cd3f8c8c310,bc-go2-joystick-direction-medium,finished,BC,go2-joystick-direction,medium,1,2026-07-28T05:34:34Z,1.7172222222222222,NVIDIA GeForce RTX 3090
BC-Go2JoystickFlatTerrain-eee48d71,663a7fcc-5e94-4c8f-8bac-15003896d04e,bc-go2-joystick-direction-medium,finished,BC,go2-joystick-direction,medium,2,2026-09-26T23:36:52Z,2.0316666666666667,NVIDIA H100 80GB HBM3
BC-Go2JoystickFlatTerrain-7f20c852,feadf40f-6f9e-469d-8853-adc84cc9c03b,"[31, 29]",finished,BC,go2-joystick-direction,medium-expert,0,2026-07-20T05:00:18Z,1.7061111111111111,NVIDIA GeForce RTX 3090
BC-Go2JoystickFlatTerrain-f8d5f8d2,db83c743-cfdb-43d7-9906-a0a196b6e36d,bc-go2-joystick-direction-medium-expert,finished,BC,go2-joystick-direction,medium-expert,1,2026-07-28T07:17:49Z,1.7113888888888888,NVIDIA GeForce RTX 3090
BC-Go2JoystickFlatTerrain-6c0f673d,7e8aa067-a426-4f40-b293-dafbb624804f,bc-go2-joystick-direction-medium-expert,finished,BC,go2-joystick-direction,medium-expert,2,2026-09-26T23:39:48Z,2.0305555555555554,NVIDIA H100 80GB HBM3
BC-Go2JoystickFlatTerrain-8ac64cb1,75a0b692-7f49-41e1-a6b3-9e156a38c4ca,"[31, 29]",finished,BC,go2-joystick-direction,medium-replay,0,2026-07-20T06:42:53Z,1.6583333333333334,NVIDIA GeForce RTX 3090
BC-Go2JoystickFlatTerrain-f91bf68c,8999dfc8-db6f-4286-9c0f-2c15d63298a6,bc-go2-joystick-direction-medium-replay,finished,BC,go2-joystick-direction,medium-replay,1,2026-07-28T09:00:44Z,1.688611111111111,NVIDIA GeForce RTX 3090
BC-Go2JoystickFlatTerrain-9823ada8,7737a17f-5b2d-4bc0-b59a-a76232d0795b,bc-go2-joystick-direction-medium-replay,finished,BC,go2-joystick-direction,medium-replay,2,2026-09-26T23:41:04Z,2.0294444444444446,NVIDIA H100 80GB HBM3
BC-Go2PushRecovery-ea10f111,c9d3e98f-3e2f-451f-914e-e19276dde671,bc-go2-push-recovery-expert,finished,BC,go2-push-recovery,expert,0,2026-07-22T15:06:02Z,1.7002777777777778,NVIDIA GeForce RTX 3090
BC-Go2PushRecovery-230ed69a,f77993d1-33d1-4319-b201-13f10658b82f,bc-go2-push-recovery-expert,finished,BC,go2-push-recovery,expert,1,2026-07-28T00:08:06Z,1.7008333333333334,NVIDIA GeForce RTX 3090
BC-Go2PushRecovery-0e7ded7a,69f645dd-8542-4a30-8eae-06d5fbaeb444,bc-go2-push-recovery-expert,finished,BC,go2-push-recovery,expert,2,2026-09-26T22:56:46Z,2.1855555555555557,NVIDIA H100 80GB HBM3
BC-Go2PushRecovery-444aece3,f6007ee7-ead2-4583-b5ec-4e64335f3ef1,bc-go2-push-recovery-medium,finished,BC,go2-push-recovery,medium,0,2026-07-22T16:48:56Z,0.6722222222222223,NVIDIA GeForce RTX 3090
BC-Go2PushRecovery-44172f17,79866205-9fa3-45f7-bb6a-766274039455,bc-go2-push-recovery-medium,finished,BC,go2-push-recovery,medium,1,2026-07-28T01:50:22Z,0.7019444444444445,NVIDIA GeForce RTX 3090
BC-Go2PushRecovery-627ce80a,d39e73e1-518b-4ff5-9654-3e0931cb941b,bc-go2-push-recovery-medium,finished,BC,go2-push-recovery,medium,2,2026-09-26T23:14:32Z,2.1119444444444446,NVIDIA H100 80GB HBM3
BC-Go2PushRecovery-7b925de8,25dfa4fd-8480-4937-9361-8ac3316fe39c,bc-go2-push-recovery-medium-expert,finished,BC,go2-push-recovery,medium-expert,0,2026-07-22T17:30:07Z,0.8694444444444445,NVIDIA GeForce RTX 3090
BC-Go2PushRecovery-5adca331,e3419e2d-b01f-4720-afc2-40579253a080,bc-go2-push-recovery-medium-expert,finished,BC,go2-push-recovery,medium-expert,1,2026-07-28T02:32:42Z,0.8752777777777778,NVIDIA GeForce RTX 3090
BC-Go2PushRecovery-f1548d85,ca41d56b-8dc2-4288-8cdd-c5db0d3fe66b,bc-go2-push-recovery-medium-expert,finished,BC,go2-push-recovery,medium-expert,2,2026-09-26T23:35:31Z,2.1030555555555557,NVIDIA H100 80GB HBM3
BC-Go2PushRecovery-06723141,d0a385f4-2408-4d7f-ab16-466f3c8d27f0,bc-go2-push-recovery-medium-replay,finished,BC,go2-push-recovery,medium-replay,0,2026-07-22T18:22:33Z,0.4247222222222222,NVIDIA GeForce RTX 3090
BC-Go2PushRecovery-188c6659,7c8a502b-b0e9-4fb2-b08e-2f5818d3be49,bc-go2-push-recovery-medium-replay,finished,BC,go2-push-recovery,medium-replay,1,2026-07-28T03:25:26Z,0.4438888888888889,NVIDIA GeForce RTX 3090
BC-Go2PushRecovery-e26f868e,cfd07adf-162c-421a-87d3-4cce32948bb9,bc-go2-push-recovery-medium-replay,finished,BC,go2-push-recovery,medium-replay,2,2026-09-26T23:35:40Z,1.4469444444444444,NVIDIA H100 80GB HBM3
BC-Go2RoughCurriculum-6497e81a,9c1f4fae-f4f3-4af6-a2c2-9fcaf3a9d796,bc-go2-rough-terrain-expert,finished,BC,go2-rough-terrain,expert,0,2026-07-23T13:38:48Z,1.5758333333333334,NVIDIA GeForce RTX 3090
BC-Go2RoughCurriculum-ae40150c,262192a4-5fb7-425a-9565-935d759a5655,bc-go2-rough-terrain-expert,finished,BC,go2-rough-terrain,expert,1,2026-07-29T07:41:43Z,1.9391666666666667,NVIDIA GeForce RTX 3090
BC-Go2RoughCurriculum-aa015118,5958f1e9-f533-457f-8f45-3c8a5a71bbba,bc-go2-rough-terrain-expert,finished,BC,go2-rough-terrain,expert,2,2026-09-27T01:37:27Z,2.065,NVIDIA H100 80GB HBM3
BC-Go2RoughCurriculum-ff09c5ce,69bebff7-465e-432c-a3e3-f9547747cbdd,bc-go2-rough-terrain-medium,finished,BC,go2-rough-terrain,medium,0,2026-07-23T15:15:49Z,1.4408333333333334,NVIDIA GeForce RTX 3090
BC-Go2RoughCurriculum-1fd8aa3c,0bd16054-e1b4-48e0-bc21-4f146ae7b1ff,bc-go2-rough-terrain-medium,finished,BC,go2-rough-terrain,medium,1,2026-07-29T09:38:24Z,1.7869444444444444,NVIDIA GeForce RTX 3090
BC-Go2RoughCurriculum-b4b4f60f,4c2383da-9dc8-4539-9605-207c198f032d,bc-go2-rough-terrain-medium,finished,BC,go2-rough-terrain,medium,2,2026-09-27T01:40:21Z,2.0955555555555554,NVIDIA H100 80GB HBM3
BC-Go2RoughCurriculum-a77e4ed6,a89b3d9e-8912-4f4a-a86f-dc8c1650c0f9,bc-go2-rough-terrain-medium-expert,finished,BC,go2-rough-terrain,medium-expert,0,2026-07-23T16:44:18Z,1.4055555555555554,NVIDIA GeForce RTX 3090
BC-Go2RoughCurriculum-01e0abd4,5b6298ca-0fef-49cc-9b1d-bb995501ce3c,bc-go2-rough-terrain-medium-expert,finished,BC,go2-rough-terrain,medium-expert,1,2026-07-29T11:25:52Z,1.815,NVIDIA GeForce RTX 3090
BC-Go2RoughCurriculum-5911c881,125cc61b-8c5d-4e9a-9014-a8f3c3d7ba4c,bc-go2-rough-terrain-medium-expert,finished,BC,go2-rough-terrain,medium-expert,2,2026-09-27T01:40:48Z,2.088888888888889,NVIDIA H100 80GB HBM3
BC-Go2RoughCurriculum-f118da38,1d6ea77f-0272-42ae-b448-2ab8accb8305,bc-go2-rough-terrain-medium-replay,finished,BC,go2-rough-terrain,medium-replay,0,2026-07-23T18:09:17Z,0.8227777777777778,NVIDIA GeForce RTX 3090
BC-Go2RoughCurriculum-c386ab90,c2c4c5da-49bb-4521-9bb9-6b64f6e3e48b,bc-go2-rough-terrain-medium-replay,finished,BC,go2-rough-terrain,medium-replay,1,2026-07-29T13:15:32Z,1.0811111111111111,NVIDIA GeForce RTX 3090
BC-Go2RoughCurriculum-f134ad2e,d2cb181b-02ce-4bba-88da-15bc3f90c96f,bc-go2-rough-terrain-medium-replay,finished,BC,go2-rough-terrain,medium-replay,2,2026-09-27T01:41:31Z,1.9902777777777778,NVIDIA H100 80GB HBM3
BC-H1JoystickGaitTracking-70270a85,4d730cb5-b843-405f-a878-ceec15b484f8,bc-h1-gait-tracking-expert,finished,BC,h1-gait-tracking,expert,0,2026-07-23T19:40:25Z,5.121666666666667,NVIDIA GeForce RTX 3090
BC-H1JoystickGaitTracking-9ad75407,f87106d4-52f6-44f7-ab5f-a8dcd690080b,bc-h1-gait-tracking-expert,finished,BC,h1-gait-tracking,expert,1,2026-09-27T15:49:34Z,2.8222222222222224,NVIDIA H100 80GB HBM3
BC-H1JoystickGaitTracking-1bdcbbee,ddea2aba-61f6-4a4e-8611-c035bf65e524,bc-h1-gait-tracking-expert,finished,BC,h1-gait-tracking,expert,2,2026-09-27T03:39:28Z,2.0188888888888887,NVIDIA H100 80GB HBM3
BC-H1JoystickGaitTracking-50cae4b3,d6c9f668-695e-4a04-9284-89bbe07d10fc,bc-h1-gait-tracking-medium,finished,BC,h1-gait-tracking,medium,0,2026-07-24T00:47:56Z,5.25,NVIDIA GeForce RTX 3090
BC-H1JoystickGaitTracking-5389211e,956c818a-11c4-44c8-8eab-d56b27522651,bc-h1-gait-tracking-medium,finished,BC,h1-gait-tracking,medium,1,2026-09-27T15:49:34Z,2.8369444444444443,NVIDIA H100 80GB HBM3
BC-H1JoystickGaitTracking-d72bc1b6,a84b5490-9444-427e-9d9a-0fafdd7a2343,bc-h1-gait-tracking-medium,finished,BC,h1-gait-tracking,medium,2,2026-09-27T03:39:33Z,2.2969444444444442,NVIDIA H100 80GB HBM3
BC-H1JoystickGaitTracking-cd23d29f,dc1aed4b-719f-4bdb-b4dd-de16ed990a5a,bc-h1-gait-tracking-medium-expert,finished,BC,h1-gait-tracking,medium-expert,0,2026-07-24T06:03:21Z,5.347777777777778,NVIDIA GeForce RTX 3090
BC-H1JoystickGaitTracking-514b59fe,52ad91af-17a3-4ef5-86a7-bc3ce11a64c7,bc-h1-gait-tracking-medium-expert,finished,BC,h1-gait-tracking,medium-expert,1,2026-09-27T15:49:35Z,2.602777777777778,NVIDIA H100 80GB HBM3
BC-H1JoystickGaitTracking-190cc0c5,5c3a49cd-97d0-482a-bf95-86552847d9a9,bc-h1-gait-tracking-medium-expert,finished,BC,h1-gait-tracking,medium-expert,2,2026-09-27T03:44:10Z,2.4066666666666667,NVIDIA H100 80GB HBM3
BC-H1JoystickGaitTracking-a7963199,b535448f-3cba-4039-b96c-1ccfe7b3123f,bc-h1-gait-tracking-medium-replay,finished,BC,h1-gait-tracking,medium-replay,0,2026-07-24T11:44:22Z,0.12638888888888888,NVIDIA GeForce RTX 3090
BC-H1JoystickGaitTracking-2cece436,23c692d8-3e7b-49e7-a7c4-b6bb53377c34,bc-h1-gait-tracking-medium-replay,finished,BC,h1-gait-tracking,medium-replay,1,2026-09-15T13:16:55Z,0.09472222222222222,NVIDIA GeForce RTX 3090
BC-H1JoystickGaitTracking-9032b744,bc2ced99-800e-4610-9dc0-70ee6b200f22,bc-h1-gait-tracking-medium-replay,finished,BC,h1-gait-tracking,medium-replay,2,2026-09-27T03:44:19Z,0.21833333333333332,NVIDIA H100 80GB HBM3
CQL-G1JoystickFlatTerrain-08cd4b9a,ed4e2a6f-bb32-4ed0-bd69-c94122951121,cql-g1-joystick-direction-expert,finished,CQL,g1-joystick-direction,expert,0,2026-08-13T17:37:24Z,2.6197222222222223,NVIDIA L40S
CQL-G1JoystickFlatTerrain-d36d62f2,5e78c6ed-cc6f-40f8-a661-f8d493cb9135,cql-g1-joystick-direction-expert,finished,CQL,g1-joystick-direction,expert,1,2026-09-17T06:28:35Z,3.128888888888889,NVIDIA H100 80GB HBM3
CQL-G1JoystickFlatTerrain-ccd7dedd,4320c9a2-5bfa-4d9d-8b5d-52732184ef9f,cql-g1-joystick-direction-expert,finished,CQL,g1-joystick-direction,expert,2,2026-09-17T05:53:40Z,3.1197222222222223,NVIDIA H100 80GB HBM3
CQL-G1JoystickFlatTerrain-c55c7a97,e0e6d4b1-f1ef-4c6a-80bb-c8dc69b2b6ef,cql-g1-joystick-direction-medium,finished,CQL,g1-joystick-direction,medium,0,2026-08-13T20:14:55Z,11.739444444444445,NVIDIA L40S
CQL-G1JoystickFlatTerrain-594ee536,faede4a2-dfd9-42cc-9daa-2c204f884e9e,cql-g1-joystick-direction-medium,finished,CQL,g1-joystick-direction,medium,1,2026-09-17T06:45:55Z,16.188055555555554,NVIDIA H100 80GB HBM3
CQL-G1JoystickFlatTerrain-5a766896,657be251-77b0-458f-91fe-a233205166cc,cql-g1-joystick-direction-medium,finished,CQL,g1-joystick-direction,medium,2,2026-09-17T07:21:30Z,16.15888888888889,NVIDIA H100 80GB HBM3
CQL-G1JoystickFlatTerrain-b84ad58f,881d0601-d574-40c3-b2ef-e341e64ece27,cql-g1-joystick-direction-medium-expert,finished,CQL,g1-joystick-direction,medium-expert,0,2026-08-14T07:59:35Z,2.2708333333333335,NVIDIA L40S
CQL-G1JoystickFlatTerrain-bc81bb0a,2c3184e3-fbff-49eb-bd7f-945509adf30b,cql-g1-joystick-direction-medium-expert,finished,CQL,g1-joystick-direction,medium-expert,1,2026-09-17T09:36:35Z,3.2258333333333336,NVIDIA H100 80GB HBM3
CQL-G1JoystickFlatTerrain-49cd07cb,02a32ef4-4a7c-4f4d-8bb5-dde8186cbd50,cql-g1-joystick-direction-medium-expert,finished,CQL,g1-joystick-direction,medium-expert,2,2026-09-17T09:01:10Z,3.245,NVIDIA H100 80GB HBM3
CQL-G1JoystickFlatTerrain-3bb8bb64,67235139-cab7-48d3-b6b4-8c1a767a1f7e,cql-g1-joystick-direction-medium-replay,finished,CQL,g1-joystick-direction,medium-replay,0,2026-08-14T10:16:09Z,5.527222222222222,NVIDIA L40S
CQL-G1JoystickFlatTerrain-c648ed0f,5d111d43-3c52-432c-806f-caf505789ba7,cql-g1-joystick-direction-medium-replay,finished,CQL,g1-joystick-direction,medium-replay,1,2026-09-17T09:55:45Z,8.01361111111111,NVIDIA H100 80GB HBM3
CQL-G1JoystickFlatTerrain-c9aa74be,d1c52e18-1d83-4475-9f45-eec4a7b6d3b1,cql-g1-joystick-direction-medium-replay,finished,CQL,g1-joystick-direction,medium-replay,2,2026-09-17T10:01:47Z,7.3886111111111115,NVIDIA H100 80GB HBM3
CQL-Go2JoystickFlatTerrain-8d4041f0,f6385748-dee3-441c-a5c4-ceb9535c7ca0,cql-go2-flat-forward-expert,finished,CQL,go2-flat-forward,expert,0,2026-08-10T03:37:34Z,2.839166666666667,NVIDIA L40S
CQL-Go2JoystickFlatTerrain-a42e12cb,37b283a3-b902-4b17-9b47-5471c06cc546,cql-go2-flat-forward-expert,finished,CQL,go2-flat-forward,expert,1,2026-09-17T01:36:39Z,1.9272222222222222,NVIDIA H100 80GB HBM3
CQL-Go2JoystickFlatTerrain-26af64f7,de872061-9bd2-407b-b466-508afb7ec6cf,cql-go2-flat-forward-expert,finished,CQL,go2-flat-forward,expert,2,2026-09-17T00:09:47Z,2.4608333333333334,NVIDIA H100 80GB HBM3
CQL-Go2JoystickFlatTerrain-5da69424,1ecbe517-b5c0-4312-8774-cb4da99c9b57,cql-go2-flat-forward-medium,finished,CQL,go2-flat-forward,medium,0,2026-08-10T06:28:13Z,22.344166666666666,NVIDIA L40S
CQL-Go2JoystickFlatTerrain-e9dbd3fd,31c609da-5384-45d4-ab30-7380288caf71,cql-go2-flat-forward-medium,finished,CQL,go2-flat-forward,medium,1,2026-09-17T01:41:20Z,19.334444444444443,NVIDIA H100 80GB HBM3
CQL-Go2JoystickFlatTerrain-98d95322,ef88d64b-54d6-40dd-8bd4-4f618a599cb5,cql-go2-flat-forward-medium,finished,CQL,go2-flat-forward,medium,2,2026-09-17T00:59:53Z,18.811944444444446,NVIDIA H100 80GB HBM3
CQL-Go2JoystickFlatTerrain-cbffc759,4333610d-04c7-4817-957d-30376294e487,cql-go2-flat-forward-medium-expert,finished,CQL,go2-flat-forward,medium-expert,0,2026-08-11T04:49:14Z,3.9180555555555556,NVIDIA L40S
CQL-Go2JoystickFlatTerrain-52d18f70,113c6914-8ba2-4efd-a348-f10b8d3c44fb,cql-go2-flat-forward-medium-expert,finished,CQL,go2-flat-forward,medium-expert,1,2026-09-17T01:58:30Z,3.578333333333333,NVIDIA H100 80GB HBM3
CQL-Go2JoystickFlatTerrain-76856189,e51df8a4-ba1c-4d98-a51c-83140f6df285,cql-go2-flat-forward-medium-expert,finished,CQL,go2-flat-forward,medium-expert,2,2026-09-17T01:58:09Z,3.2441666666666666,NVIDIA H100 80GB HBM3
CQL-Go2JoystickFlatTerrain-d64a6eb8,879ce4f0-9dc7-48e4-befa-8d3f52524321,cql-go2-flat-forward-medium-replay,finished,CQL,go2-flat-forward,medium-replay,0,2026-08-11T08:44:40Z,22.156666666666666,NVIDIA L40S
CQL-Go2JoystickFlatTerrain-e9bef12d,a9860b17-adb9-4113-ad1f-045d24ffda0b,cql-go2-flat-forward-medium-replay,finished,CQL,go2-flat-forward,medium-replay,1,2026-09-17T02:38:59Z,18.86888888888889,NVIDIA H100 80GB HBM3
CQL-Go2JoystickFlatTerrain-631e4c74,b96bd264-0289-4a72-ae21-81090216710d,cql-go2-flat-forward-medium-replay,finished,CQL,go2-flat-forward,medium-replay,2,2026-09-17T02:37:45Z,19.1175,NVIDIA H100 80GB HBM3
CQL-Go2Footstand-57c16b1e,71c366fb-7240-48a3-927d-e0847a3d9d7a,cql-go2-footstand-expert,finished,CQL,go2-footstand,expert,0,2026-08-06T17:09:49Z,1.6005555555555555,NVIDIA L40S
CQL-Go2Footstand-25ecbd73,1932a7a1-e9da-49df-a149-19922b63df3a,cql-go2-footstand-expert,finished,CQL,go2-footstand,expert,1,2026-09-16T13:35:51Z,1.6083333333333334,NVIDIA H100 80GB HBM3
CQL-Go2Footstand-bf605063,4d21521b-6837-4e96-853b-9c8c933e81e6,cql-go2-footstand-expert,finished,CQL,go2-footstand,expert,2,2026-09-16T12:24:14Z,1.6233333333333333,NVIDIA H100 80GB HBM3
CQL-Go2Footstand-47a89292,53a1fe26-4749-41dc-9383-d2bfcab48d27,cql-go2-footstand-medium,finished,CQL,go2-footstand,medium,0,2026-08-06T18:46:12Z,4.087777777777778,NVIDIA L40S
CQL-Go2Footstand-55f52197,e7e78178-3bf1-410b-a894-2ee4076e0928,cql-go2-footstand-medium,finished,CQL,go2-footstand,medium,1,2026-09-16T15:12:38Z,5.283611111111111,NVIDIA H100 80GB HBM3
CQL-Go2Footstand-6c0cc32b,e64038f5-7aeb-4d0b-b48c-688cff87ec6b,cql-go2-footstand-medium,finished,CQL,go2-footstand,medium,2,2026-09-16T14:01:56Z,5.2155555555555555,NVIDIA H100 80GB HBM3
CQL-Go2Footstand-f29cd9c1,36887f42-aeee-41da-8560-758ee0b1ea1c,cql-go2-footstand-medium-expert,finished,CQL,go2-footstand,medium-expert,0,2026-08-06T22:51:47Z,1.7830555555555556,NVIDIA L40S
CQL-Go2Footstand-a470a0ab,96ae1e3b-b27e-4f53-a26f-b290901a2b47,cql-go2-footstand-medium-expert,finished,CQL,go2-footstand,medium-expert,1,2026-09-16T16:55:54Z,2.248611111111111,NVIDIA H100 80GB HBM3
CQL-Go2Footstand-40990660,6b9f38fa-0f64-4b73-bf6c-0842d9ced6e2,cql-go2-footstand-medium-expert,finished,CQL,go2-footstand,medium-expert,2,2026-09-16T17:17:43Z,2.2447222222222223,NVIDIA H100 80GB HBM3
CQL-Go2Footstand-5c541d14,fa8951a4-8093-449a-a214-eba14db30a4f,cql-go2-footstand-medium-replay,finished,CQL,go2-footstand,medium-replay,0,2026-08-07T00:39:04Z,3.4325,NVIDIA L40S
CQL-Go2Footstand-4d400322,7a11bb3a-9cfb-4975-a8e8-3c6e19abcde6,cql-go2-footstand-medium-replay,finished,CQL,go2-footstand,medium-replay,1,2026-09-16T17:01:10Z,4.3469444444444445,NVIDIA H100 80GB HBM3
CQL-Go2Footstand-8a89ead4,2a564b73-50d2-4eb3-a03e-526a6df0509d,cql-go2-footstand-medium-replay,finished,CQL,go2-footstand,medium-replay,2,2026-09-16T17:43:12Z,4.370833333333334,NVIDIA H100 80GB HBM3
CQL-Go2Getup-0cf0af51,4f59887b-b1a5-4c15-8838-9309884db90e,cql-go2-getup-expert,finished,CQL,go2-getup,expert,0,2026-08-03T17:16:14Z,3.6152777777777776,NVIDIA L40S
CQL-Go2Getup-e1d5277b,5232d828-1c2c-4e1d-b409-193e74ffdb8d,cql-go2-getup-expert,finished,CQL,go2-getup,expert,1,2026-09-16T03:52:13Z,4.5472222222222225,NVIDIA H100 80GB HBM3
CQL-Go2Getup-c70a3f96,18e1481e-d520-4404-a068-ab687802f312,cql-go2-getup-expert,finished,CQL,go2-getup,expert,2,2026-09-16T04:24:25Z,4.614722222222222,NVIDIA H100 80GB HBM3
CQL-Go2Getup-f96ef9ea,0c7bdea6-c8d1-4498-9353-1a0ffbfd8df9,cql-go2-getup-medium,finished,CQL,go2-getup,medium,0,2026-08-03T20:53:31Z,3.6502777777777777,NVIDIA L40S
CQL-Go2Getup-04694393,f271374d-6f63-43c8-846a-328badaefe49,cql-go2-getup-medium,finished,CQL,go2-getup,medium,1,2026-09-16T06:25:27Z,4.370277777777778,NVIDIA H100 80GB HBM3
CQL-Go2Getup-a8a6960c,3b0af704-f649-4b49-bdf3-692583d7f444,cql-go2-getup-medium,finished,CQL,go2-getup,medium,2,2026-09-16T05:26:46Z,4.573888888888889,NVIDIA H100 80GB HBM3
CQL-Go2Getup-977be987,fd2cb6f0-d860-4907-91eb-0cab8229691f,cql-go2-getup-medium-expert,finished,CQL,go2-getup,medium-expert,0,2026-08-04T00:34:14Z,3.642777777777778,NVIDIA L40S
CQL-Go2Getup-e01a7e21,d6c52283-1421-4fef-82c1-92fe738988f3,cql-go2-getup-medium-expert,finished,CQL,go2-getup,medium-expert,1,2026-09-16T08:25:21Z,4.4302777777777775,NVIDIA H100 80GB HBM3
CQL-Go2Getup-662055b8,fea4f134-b070-44ea-bb81-c9efaffe4256,cql-go2-getup-medium-expert,finished,CQL,go2-getup,medium-expert,2,2026-09-16T06:10:54Z,4.516944444444444,NVIDIA H100 80GB HBM3
CQL-Go2Getup-bd4760b1,7ad2f3f4-dca5-40c5-bc93-894c1a8aedc8,cql-go2-getup-medium-replay,finished,CQL,go2-getup,medium-replay,0,2026-08-04T04:13:06Z,3.703888888888889,NVIDIA L40S
CQL-Go2Getup-f0a8bcf2,bd377249-e159-41df-b588-b3ea28971ab9,cql-go2-getup-medium-replay,finished,CQL,go2-getup,medium-replay,1,2026-09-16T09:08:18Z,4.454166666666667,NVIDIA H100 80GB HBM3
CQL-Go2Getup-aeb5ba05,f2b2b1ee-4071-4a65-9c86-fc3f37b17eac,cql-go2-getup-medium-replay,finished,CQL,go2-getup,medium-replay,2,2026-09-16T06:38:02Z,4.487777777777778,NVIDIA H100 80GB HBM3
CQL-Go2GetupWalk-fe8c2c8e,ee1e9971-6413-4748-817f-22f311d12f33,cql-go2-getup-walk-expert,finished,CQL,go2-getup-walk,expert,0,2026-08-04T07:55:42Z,14.479722222222222,NVIDIA L40S
CQL-Go2GetupWalk-d2e34c30,3f87abe8-d39c-4306-aecf-83ef8aab2c5d,cql-go2-getup-walk-expert,finished,CQL,go2-getup-walk,expert,1,2026-09-16T10:47:58Z,12.806111111111111,NVIDIA H100 80GB HBM3
CQL-Go2GetupWalk-51278fe9,8ca3f9d5-53d8-48ec-8d9b-d614370aa7d3,cql-go2-getup-walk-expert,finished,CQL,go2-getup-walk,expert,2,2026-09-16T09:01:35Z,12.580555555555556,NVIDIA H100 80GB HBM3
CQL-Go2GetupWalk-a8743e61,08875280-865f-4fcf-b18e-8f290ae2631d,cql-go2-getup-walk-medium,finished,CQL,go2-getup-walk,medium,0,2026-08-04T22:24:52Z,14.119722222222222,NVIDIA L40S
CQL-Go2GetupWalk-3c41ae32,235f89e8-7980-404c-b870-868574ff690e,cql-go2-getup-walk-medium,finished,CQL,go2-getup-walk,medium,1,2026-09-16T11:12:22Z,12.77,NVIDIA H100 80GB HBM3
CQL-Go2GetupWalk-5661a79f,11e675f4-868d-4d13-8b68-3c98f3c36ab8,cql-go2-getup-walk-medium,finished,CQL,go2-getup-walk,medium,2,2026-09-16T10:01:30Z,12.627222222222223,NVIDIA H100 80GB HBM3
CQL-Go2GetupWalk-dd13b2f0,18329515-54a5-46af-a6e4-cc28b6380070,cql-go2-getup-walk-medium-expert,finished,CQL,go2-getup-walk,medium-expert,0,2026-08-05T12:32:25Z,14.047777777777778,NVIDIA L40S
CQL-Go2GetupWalk-5c74b476,da394b9e-b2ed-4979-a692-a6b5f697eb82,cql-go2-getup-walk-medium-expert,finished,CQL,go2-getup-walk,medium-expert,1,2026-09-16T11:13:33Z,12.673055555555555,NVIDIA H100 80GB HBM3
CQL-Go2GetupWalk-8ed15ac6,d5277a1f-8605-4a63-86ca-89dfe273eee4,cql-go2-getup-walk-medium-expert,finished,CQL,go2-getup-walk,medium-expert,2,2026-09-16T10:42:12Z,12.664166666666667,NVIDIA H100 80GB HBM3
CQL-Go2GetupWalk-bb459978,16697fef-83e0-499c-a979-94ea0b942da2,cql-go2-getup-walk-medium-replay,finished,CQL,go2-getup-walk,medium-replay,0,2026-08-06T02:35:40Z,14.563055555555556,NVIDIA L40S
CQL-Go2GetupWalk-c256cc9c,6d034e2c-a9aa-473f-934e-f2e09fa9a84b,cql-go2-getup-walk-medium-replay,finished,CQL,go2-getup-walk,medium-replay,1,2026-09-16T12:51:27Z,12.748888888888889,NVIDIA H100 80GB HBM3
CQL-Go2GetupWalk-2f55bd71,7d9117b5-3947-46af-bf0a-b8bdae448f73,cql-go2-getup-walk-medium-replay,finished,CQL,go2-getup-walk,medium-replay,2,2026-09-16T11:07:34Z,12.668055555555556,NVIDIA H100 80GB HBM3
CQL-Go2Handstand-ad2bab39,460288e6-25db-40c5-b6a3-7a6409997a4b,cql-go2-handstand-expert,finished,CQL,go2-handstand,expert,0,2026-08-07T04:05:19Z,1.5816666666666668,NVIDIA L40S
CQL-Go2Handstand-4bcb52ce,2176d3dc-6f84-47a9-a01d-bd513848f77f,cql-go2-handstand-expert,finished,CQL,go2-handstand,expert,1,2026-09-16T19:08:16Z,2.966111111111111,NVIDIA H100 80GB HBM3
CQL-Go2Handstand-c0690cd9,8baff874-4242-4008-8741-094a14a64e29,cql-go2-handstand-expert,finished,CQL,go2-handstand,expert,2,2026-09-16T19:14:14Z,1.9719444444444445,NVIDIA H100 80GB HBM3
CQL-Go2Handstand-f0bed87c,9048bc7e-7d0d-4017-9334-efb94a6ea143,cql-go2-handstand-medium,finished,CQL,go2-handstand,medium,0,2026-08-07T05:40:32Z,3.694166666666667,NVIDIA L40S
CQL-Go2Handstand-d89b782d,fd2ea3f6-6c77-4408-bd68-5a6ef521bf25,cql-go2-handstand-medium,finished,CQL,go2-handstand,medium,1,2026-09-16T19:11:08Z,5.004722222222222,NVIDIA H100 80GB HBM3
CQL-Go2Handstand-82e0ef08,6f97fddf-f784-4284-b68a-7e46fe5a8ae9,cql-go2-handstand-medium,finished,CQL,go2-handstand,medium,2,2026-09-16T19:15:11Z,4.905277777777778,NVIDIA H100 80GB HBM3
CQL-Go2Handstand-c528f7ce,2e106ddb-9e0b-4ed1-ae66-efa6319569bd,cql-go2-handstand-medium-expert,finished,CQL,go2-handstand,medium-expert,0,2026-08-07T09:22:30Z,1.8569444444444445,NVIDIA L40S
CQL-Go2Handstand-79b185cc,339d6bb3-59aa-41b5-8b06-6c8f15834c68,cql-go2-handstand-medium-expert,finished,CQL,go2-handstand,medium-expert,1,2026-09-16T20:29:59Z,2.48,NVIDIA H100 80GB HBM3
CQL-Go2Handstand-528030d7,5d8e9acc-3c5b-4ba0-8ac1-755f66c72605,cql-go2-handstand-medium-expert,finished,CQL,go2-handstand,medium-expert,2,2026-09-16T19:32:41Z,2.066388888888889,NVIDIA H100 80GB HBM3
CQL-Go2Handstand-c14adeee,6a325b36-fd93-4273-9083-a84995455e65,cql-go2-handstand-medium-replay,finished,CQL,go2-handstand,medium-replay,0,2026-08-07T11:14:12Z,3.004722222222222,NVIDIA L40S
CQL-Go2Handstand-4fe51d80,72c2eeac-ab9c-47f1-82e4-bc3efe06720e,cql-go2-handstand-medium-replay,finished,CQL,go2-handstand,medium-replay,1,2026-09-16T21:22:17Z,1.7052777777777777,NVIDIA H100 80GB HBM3
CQL-Go2Handstand-48f1426e,2e64f58a-36c0-4004-9395-12269877be8c,cql-go2-handstand-medium-replay,finished,CQL,go2-handstand,medium-replay,2,2026-09-16T21:12:51Z,2.1663888888888887,NVIDIA H100 80GB HBM3
CQL-Go2JoystickFlatTerrain-f5638a4f,2f8abe91-ebb6-4d77-bae2-5e5960589c86,cql-go2-joystick-direction-expert,finished,CQL,go2-joystick-direction,expert,0,2026-08-08T16:18:58Z,4.09,NVIDIA L40S
CQL-Go2JoystickFlatTerrain-393f2d58,eb378d61-79e9-47b2-aeda-4e9238ae099d,cql-go2-joystick-direction-expert,finished,CQL,go2-joystick-direction,expert,1,2026-09-16T23:54:13Z,2.0669444444444443,NVIDIA H100 80GB HBM3
CQL-Go2JoystickFlatTerrain-90dbb3f1,273e8811-5b32-4286-abbd-0e9d70e2535f,cql-go2-joystick-direction-expert,finished,CQL,go2-joystick-direction,expert,2,2026-09-16T23:22:20Z,2.5922222222222224,NVIDIA H100 80GB HBM3
CQL-Go2JoystickFlatTerrain-2f760f70,3665caea-1e7d-48a8-be72-3d7d02894f5c,cql-go2-joystick-direction-medium,finished,CQL,go2-joystick-direction,medium,0,2026-08-08T20:24:41Z,9.283055555555556,NVIDIA L40S
CQL-Go2JoystickFlatTerrain-dcd621e8,f6578956-f4fa-48dc-a31b-32ff2643cc5d,cql-go2-joystick-direction-medium,finished,CQL,go2-joystick-direction,medium,1,2026-09-16T23:58:51Z,6.490555555555556,NVIDIA H100 80GB HBM3
CQL-Go2JoystickFlatTerrain-4e8171bd,3766a34d-03a7-46ff-9272-2c37d5f9fc10,cql-go2-joystick-direction-medium,finished,CQL,go2-joystick-direction,medium,2,2026-09-16T23:23:10Z,6.503611111111111,NVIDIA H100 80GB HBM3
CQL-Go2JoystickFlatTerrain-c1dea74d,06c445ff-7610-4d9e-a979-f0927cd44667,cql-go2-joystick-direction-medium-expert,finished,CQL,go2-joystick-direction,medium-expert,0,2026-08-09T05:42:02Z,7.822777777777778,NVIDIA L40S
CQL-Go2JoystickFlatTerrain-9b7536ef,8edef7fc-b3b7-4212-bfb5-ceca8aab6e95,cql-go2-joystick-direction-medium-expert,finished,CQL,go2-joystick-direction,medium-expert,1,2026-09-17T00:11:43Z,2.4491666666666667,NVIDIA H100 80GB HBM3
CQL-Go2JoystickFlatTerrain-a9832866,8eb21515-a37c-4ddb-995f-5bcc4413dfd0,cql-go2-joystick-direction-medium-expert,finished,CQL,go2-joystick-direction,medium-expert,2,2026-09-16T23:47:57Z,4.165555555555556,NVIDIA H100 80GB HBM3
CQL-Go2JoystickFlatTerrain-a9878531,d55d872b-6aca-477a-99c0-49bab9c3f76f,cql-go2-joystick-direction-medium-replay,finished,CQL,go2-joystick-direction,medium-replay,0,2026-08-09T13:31:47Z,14.091111111111111,NVIDIA L40S
CQL-Go2JoystickFlatTerrain-e9acc0f0,23081c48-09a5-4b85-908f-d9c04f00f9c9,cql-go2-joystick-direction-medium-replay,finished,CQL,go2-joystick-direction,medium-replay,1,2026-09-17T00:39:07Z,9.563055555555556,NVIDIA H100 80GB HBM3
CQL-Go2JoystickFlatTerrain-4c266784,ab481661-fb40-44b3-b9c6-1895a3e9c911,cql-go2-joystick-direction-medium-replay,finished,CQL,go2-joystick-direction,medium-replay,2,2026-09-16T23:55:47Z,10.095277777777778,NVIDIA H100 80GB HBM3
CQL-Go2PushRecovery-794951fa,bdc4af12-0f26-4fbb-9e93-eeb79f79e534,cql-go2-push-recovery-expert,finished,CQL,go2-push-recovery,expert,0,2026-08-07T14:14:52Z,2.8008333333333333,NVIDIA L40S
CQL-Go2PushRecovery-16b7dbb0,b68346f8-8032-4e86-a630-c20de7325dee,cql-go2-push-recovery-expert,finished,CQL,go2-push-recovery,expert,1,2026-09-16T22:06:31Z,2.5383333333333336,NVIDIA H100 80GB HBM3
CQL-Go2PushRecovery-7b7fca2d,8a58387e-a2c1-4e86-bf18-4a5cf5d919f0,cql-go2-push-recovery-expert,finished,CQL,go2-push-recovery,expert,2,2026-09-16T21:36:43Z,2.312777777777778,NVIDIA H100 80GB HBM3
CQL-Go2PushRecovery-74745dbe,8628c883-c4d0-4ed4-a286-685a724f1280,cql-go2-push-recovery-medium,finished,CQL,go2-push-recovery,medium,0,2026-08-07T17:03:17Z,10.448888888888888,NVIDIA L40S
CQL-Go2PushRecovery-876eacf2,169d180e-8980-454a-8271-1d53c0367dc2,cql-go2-push-recovery-medium,finished,CQL,go2-push-recovery,medium,1,2026-09-16T22:59:04Z,6.370833333333334,NVIDIA H100 80GB HBM3
CQL-Go2PushRecovery-20170997,f06720fb-e400-4226-8c95-5bc8acbdfba0,cql-go2-push-recovery-medium,finished,CQL,go2-push-recovery,medium,2,2026-09-16T21:36:57Z,6.5680555555555555,NVIDIA H100 80GB HBM3
CQL-Go2PushRecovery-9e5337e0,2b406bf1-044f-493d-89ea-7fd2a17102ba,cql-go2-push-recovery-medium-expert,finished,CQL,go2-push-recovery,medium-expert,0,2026-08-08T03:30:36Z,3.9105555555555553,NVIDIA L40S
CQL-Go2PushRecovery-cbfca24d,8dad37b8-8db8-475f-9dd0-80f2844fcdb6,cql-go2-push-recovery-medium-expert,finished,CQL,go2-push-recovery,medium-expert,1,2026-09-16T23:04:53Z,2.6025,NVIDIA H100 80GB HBM3
CQL-Go2PushRecovery-aa3d602a,9b2307a4-af92-46db-9b09-364da8e65ddf,cql-go2-push-recovery-medium-expert,finished,CQL,go2-push-recovery,medium-expert,2,2026-09-16T22:05:46Z,2.8969444444444443,NVIDIA H100 80GB HBM3
CQL-Go2PushRecovery-db13abe0,33033cd3-785a-466f-a5fd-74e54d19a24c,cql-go2-push-recovery-medium-replay,finished,CQL,go2-push-recovery,medium-replay,0,2026-08-08T07:25:37Z,8.882777777777777,NVIDIA L40S
CQL-Go2PushRecovery-ebb21b3f,5432da38-6615-4057-91d2-22a7d2d0ebab,cql-go2-push-recovery-medium-replay,finished,CQL,go2-push-recovery,medium-replay,1,2026-09-16T23:36:37Z,5.898055555555556,NVIDIA H100 80GB HBM3
CQL-Go2PushRecovery-ef7a7e6f,da529134-2e0b-46d5-aa4b-53363aff61cd,cql-go2-push-recovery-medium-replay,finished,CQL,go2-push-recovery,medium-replay,2,2026-09-16T22:39:26Z,5.681666666666667,NVIDIA H100 80GB HBM3
CQL-Go2RoughCurriculum-0a64b740,b738fef8-6b03-4ac3-8065-ecf1d3ba9189,cql-go2-rough-terrain-expert,finished,CQL,go2-rough-terrain,expert,0,2026-08-12T06:54:23Z,2.9916666666666667,NVIDIA L40S
CQL-Go2RoughCurriculum-69c321fe,7782e101-6545-41bd-9ec5-14416f05127c,cql-go2-rough-terrain-expert,finished,CQL,go2-rough-terrain,expert,1,2026-09-17T03:32:35Z,3.2169444444444446,NVIDIA H100 80GB HBM3
CQL-Go2RoughCurriculum-f853750b,cdd47def-f6e5-4ea0-9c0e-ac1bd5f54617,cql-go2-rough-terrain-expert,finished,CQL,go2-rough-terrain,expert,2,2026-09-17T03:58:11Z,3.383611111111111,NVIDIA H100 80GB HBM3
CQL-Go2RoughCurriculum-6e8e9a43,7d1779a4-fb0c-42d9-8ed2-4341d219b637,cql-go2-rough-terrain-medium,finished,CQL,go2-rough-terrain,medium,0,2026-08-12T09:54:12Z,17.878055555555555,NVIDIA L40S
CQL-Go2RoughCurriculum-ea9fd0a5,97c8d2cf-47f2-4b16-84ad-5a37cef6ddb0,cql-go2-rough-terrain-medium,finished,CQL,go2-rough-terrain,medium,1,2026-09-17T05:21:36Z,14.715555555555556,NVIDIA H100 80GB HBM3
CQL-Go2RoughCurriculum-ab707794,99e0c63e-242c-4f62-bbaf-9ee0f87f851b,cql-go2-rough-terrain-medium,finished,CQL,go2-rough-terrain,medium,2,2026-09-17T04:11:19Z,14.725833333333334,NVIDIA H100 80GB HBM3
CQL-Go2RoughCurriculum-aeb6a979,4f5a4cec-d5fb-4172-a32d-3901522edc3d,cql-go2-rough-terrain-medium-expert,finished,CQL,go2-rough-terrain,medium-expert,0,2026-08-13T03:47:15Z,7.688055555555556,NVIDIA L40S
CQL-Go2RoughCurriculum-0f40d674,bc389a2a-01ec-4a7b-a85a-9592e9d6c0ac,cql-go2-rough-terrain-medium-expert,finished,CQL,go2-rough-terrain,medium-expert,1,2026-09-17T05:30:48Z,7.511388888888889,NVIDIA H100 80GB HBM3
CQL-Go2RoughCurriculum-c013abf3,d0414856-e647-49e6-add2-9f2ba4913b56,cql-go2-rough-terrain-medium-expert,finished,CQL,go2-rough-terrain,medium-expert,2,2026-09-17T04:20:36Z,6.093055555555556,NVIDIA H100 80GB HBM3
CQL-Go2RoughCurriculum-91a45d7c,8984e020-e34c-4871-ac9d-bd458fb51c1a,cql-go2-rough-terrain-medium-replay,finished,CQL,go2-rough-terrain,medium-replay,0,2026-08-13T11:28:52Z,6.1369444444444445,NVIDIA L40S
CQL-Go2RoughCurriculum-c4972256,5b3605de-dfeb-4087-856f-5b1a05d39574,cql-go2-rough-terrain-medium-replay,finished,CQL,go2-rough-terrain,medium-replay,1,2026-09-17T05:33:30Z,4.365833333333334,NVIDIA H100 80GB HBM3
CQL-Go2RoughCurriculum-f05997c6,7e2fa18d-719a-4a52-96b1-ae4a1b5bec1d,cql-go2-rough-terrain-medium-replay,finished,CQL,go2-rough-terrain,medium-replay,2,2026-09-17T05:13:06Z,5.802777777777778,NVIDIA H100 80GB HBM3
CQL-H1JoystickGaitTracking-7df579a1,d28a6232-1351-4975-bc77-5a9863c4aeb5,cql-h1-gait-tracking-expert,finished,CQL,h1-gait-tracking,expert,0,2026-10-01T19:04:12Z,1.2383333333333333,NVIDIA GeForce RTX 3090
CQL-H1JoystickGaitTracking-af93952e,c7ead811-6e5b-4125-a5c0-25662a86ee89,cql-h1-gait-tracking-expert,finished,CQL,h1-gait-tracking,expert,1,2026-09-17T10:13:11Z,1.6852777777777779,NVIDIA H100 80GB HBM3
CQL-H1JoystickGaitTracking-70c29f6b,43c0670b-51f7-46b4-8a2b-724b0d653f47,cql-h1-gait-tracking-expert,finished,CQL,h1-gait-tracking,expert,2,2026-09-17T10:26:30Z,1.6547222222222222,NVIDIA H100 80GB HBM3
CQL-H1JoystickGaitTracking-7b906e34,6f578ddd-ef5f-42f6-bdef-dd53bd0b7696,cql-h1-gait-tracking-medium,finished,CQL,h1-gait-tracking,medium,0,2026-10-01T20:18:42Z,2.415,NVIDIA GeForce RTX 3090
CQL-H1JoystickGaitTracking-94abe4f8,3c157979-ef11-4d5d-96be-6efdb1a58ab7,cql-h1-gait-tracking-medium,finished,CQL,h1-gait-tracking,medium,1,2026-09-17T11:54:35Z,15.151111111111112,NVIDIA H100 80GB HBM3
CQL-H1JoystickGaitTracking-b424c685,6a8d8111-9edf-4f21-a2a0-2e748f15819f,cql-h1-gait-tracking-medium,finished,CQL,h1-gait-tracking,medium,2,2026-09-17T11:01:33Z,15.590555555555556,NVIDIA H100 80GB HBM3
CQL-H1JoystickGaitTracking-4e20b33e,5f4b5267-0fa8-4321-94be-8318047b7483,cql-h1-gait-tracking-medium-expert,finished,CQL,h1-gait-tracking,medium-expert,0,2026-10-01T20:36:18Z,1.4113888888888888,NVIDIA GeForce RTX 3090
CQL-H1JoystickGaitTracking-197c32f0,3d4e9a1d-59dc-4f9d-845e-428712d2705c,cql-h1-gait-tracking-medium-expert,finished,CQL,h1-gait-tracking,medium-expert,1,2026-09-17T12:52:05Z,1.573888888888889,NVIDIA H100 80GB HBM3
CQL-H1JoystickGaitTracking-31d7f96a,d1dcc206-f35a-4dfe-a63a-fd80fa5348c8,cql-h1-gait-tracking-medium-expert,finished,CQL,h1-gait-tracking,medium-expert,2,2026-09-17T12:06:04Z,1.543611111111111,NVIDIA H100 80GB HBM3
CQL-H1JoystickGaitTracking-a26fb81a,bcec299e-0588-4e88-841e-edd7bb6d8620,cql-h1-gait-tracking-medium-replay,finished,CQL,h1-gait-tracking,medium-replay,0,2026-10-01T20:36:19Z,2.1819444444444445,NVIDIA GeForce RTX 3090
CQL-H1JoystickGaitTracking-8f123306,652b43a3-cca2-484f-adb6-d1858d2e4ff1,cql-h1-gait-tracking-medium-replay,finished,CQL,h1-gait-tracking,medium-replay,1,2026-09-17T13:01:48Z,9.460555555555555,NVIDIA H100 80GB HBM3
CQL-H1JoystickGaitTracking-e3334be0,999c0731-ead2-402d-9a68-cd98f422c5f2,cql-h1-gait-tracking-medium-replay,finished,CQL,h1-gait-tracking,medium-replay,2,2026-09-17T12:16:11Z,9.453333333333333,NVIDIA H100 80GB HBM3
DT-G1JoystickFlatTerrain-77277f5f,85a196f8-c482-4167-97d0-64007bc4a19e,dt-g1-joystick-direction-expert,finished,DT,g1-joystick-direction,expert,0,2026-09-21T20:01:58Z,17.418055555555554,NVIDIA H100 80GB HBM3
DT-G1JoystickFlatTerrain-78ebc084,286f07b0-94cf-41cc-83d1-dbf0b366f783,dt-g1-joystick-direction-expert,finished,DT,g1-joystick-direction,expert,1,2026-09-30T02:48:34Z,5.030833333333334,NVIDIA H100 80GB HBM3
DT-G1JoystickFlatTerrain-02d2381c,ef5329dc-32d8-40ad-9256-28e57022334d,dt-g1-joystick-direction-expert,finished,DT,g1-joystick-direction,expert,2,2026-09-30T02:15:35Z,5.135,NVIDIA H100 80GB HBM3
DT-G1JoystickFlatTerrain-b0b0d4ab,fefe9164-cb0a-4739-a61d-5b7019628b80,dt-g1-joystick-direction-medium,finished,DT,g1-joystick-direction,medium,0,2026-09-21T21:51:02Z,12.1875,NVIDIA H100 80GB HBM3
DT-G1JoystickFlatTerrain-aba2facc,86f5540a-4fdb-4068-b7eb-a862caf27812,dt-g1-joystick-direction-medium,finished,DT,g1-joystick-direction,medium,1,2026-09-30T03:03:28Z,6.681666666666667,NVIDIA H100 80GB HBM3
DT-G1JoystickFlatTerrain-9bc05cbb,301d0140-6d52-492d-b96f-43d0dcda7f0a,dt-g1-joystick-direction-medium,finished,DT,g1-joystick-direction,medium,2,2026-09-30T03:11:58Z,7.055555555555555,NVIDIA H100 80GB HBM3
DT-G1JoystickFlatTerrain-f15c1f08,372d71d2-2dbb-4157-be0a-65efb25670d0,dt-g1-joystick-direction-medium-expert,finished,DT,g1-joystick-direction,medium-expert,0,2026-09-22T01:52:02Z,15.608055555555556,NVIDIA H100 80GB HBM3
DT-G1JoystickFlatTerrain-8052afa3,81701994-1603-47cf-8bd8-8b8a5e7ee335,dt-g1-joystick-direction-medium-expert,finished,DT,g1-joystick-direction,medium-expert,1,2026-09-30T03:47:44Z,5.854722222222223,NVIDIA H100 80GB HBM3
DT-G1JoystickFlatTerrain-11fcd40a,3ea4fbc8-c0c5-40c3-95c5-e31aad21313d,dt-g1-joystick-direction-medium-expert,finished,DT,g1-joystick-direction,medium-expert,2,2026-09-30T03:50:26Z,6.036666666666667,NVIDIA H100 80GB HBM3
DT-G1JoystickFlatTerrain-ca86ec81,658b8a1f-0240-4fbb-b981-103957d63be6,dt-g1-joystick-direction-medium-replay,finished,DT,g1-joystick-direction,medium-replay,0,2026-09-22T02:45:53Z,18.466666666666665,NVIDIA H100 80GB HBM3
DT-G1JoystickFlatTerrain-9b2834a5,463ed789-bc0f-418a-a6ce-e3c77d524777,dt-g1-joystick-direction-medium-replay,finished,DT,g1-joystick-direction,medium-replay,1,2026-10-01T16:29:36Z,17.37,NVIDIA H100 80GB HBM3
DT-G1JoystickFlatTerrain-a7a309f8,41cbff50-c3db-4b61-9383-2863819aa1c8,dt-g1-joystick-direction-medium-replay,finished,DT,g1-joystick-direction,medium-replay,2,2026-10-02T11:08:27Z,6.950277777777778,NVIDIA GeForce RTX 3090
DT-Go2JoystickFlatTerrain-66229552,424637fa-a8cd-402c-81df-799818a015f6,dt-go2-flat-forward-expert,finished,DT,go2-flat-forward,expert,0,2026-09-21T02:35:30Z,17.435277777777777,NVIDIA H100 80GB HBM3
DT-Go2JoystickFlatTerrain-d761ce81,7fd52962-189e-4736-97d8-f1134c8ea894,dt-go2-flat-forward-expert,finished,DT,go2-flat-forward,expert,1,2026-09-29T20:45:28Z,3.5780555555555558,NVIDIA H100 80GB HBM3
DT-Go2JoystickFlatTerrain-5327e9e3,02cf2c0a-41fb-403a-a0db-f4034bbb2cb2,dt-go2-flat-forward-expert,finished,DT,go2-flat-forward,expert,2,2026-09-29T20:26:09Z,3.577777777777778,NVIDIA H100 80GB HBM3
DT-Go2JoystickFlatTerrain-d936e3bd,2c9c0da6-4c34-4a88-acb8-c7a00b254afc,dt-go2-flat-forward-medium,finished,DT,go2-flat-forward,medium,0,2026-09-21T04:11:49Z,17.645833333333332,NVIDIA H100 80GB HBM3
DT-Go2JoystickFlatTerrain-46cbae06,a4c27c00-3d6a-4a96-9cf6-080afa6ad7e4,dt-go2-flat-forward-medium,finished,DT,go2-flat-forward,medium,1,2026-09-29T20:45:52Z,3.6486111111111112,NVIDIA H100 80GB HBM3
DT-Go2JoystickFlatTerrain-40fdf2e4,b8fe392e-5a75-48eb-ad5c-261bce4d3d0a,dt-go2-flat-forward-medium,finished,DT,go2-flat-forward,medium,2,2026-09-29T20:51:51Z,3.5794444444444444,NVIDIA H100 80GB HBM3
DT-Go2JoystickFlatTerrain-85a9b735,3262d770-08be-4217-9fec-fdae7debaa17,dt-go2-flat-forward-medium-expert,finished,DT,go2-flat-forward,medium-expert,0,2026-09-21T08:23:21Z,17.855,NVIDIA H100 80GB HBM3
DT-Go2JoystickFlatTerrain-81004c11,c440f48b-d981-41ef-ba17-70ab0e37718c,dt-go2-flat-forward-medium-expert,finished,DT,go2-flat-forward,medium-expert,1,2026-09-29T20:47:02Z,3.4541666666666666,NVIDIA H100 80GB HBM3
DT-Go2JoystickFlatTerrain-719c6966,8e90a5c2-7ca8-4f7a-8fc1-78b2fb772d8d,dt-go2-flat-forward-medium-expert,finished,DT,go2-flat-forward,medium-expert,2,2026-09-29T20:54:51Z,3.5275,NVIDIA H100 80GB HBM3
DT-Go2JoystickFlatTerrain-99223559,c4936348-939c-46aa-b8de-71046ff8af2f,dt-go2-flat-forward-medium-replay,finished,DT,go2-flat-forward,medium-replay,0,2026-09-21T10:16:47Z,20.324444444444445,NVIDIA H100 80GB HBM3
DT-Go2JoystickFlatTerrain-7faabe11,3ecf6261-3c77-4f3f-85a1-46798fcc3408,dt-go2-flat-forward-medium-replay,finished,DT,go2-flat-forward,medium-replay,1,2026-09-29T22:30:36Z,5.948333333333333,NVIDIA H100 80GB HBM3
DT-Go2JoystickFlatTerrain-d621faf1,d7bc6a6c-c115-45f8-9930-d2052c8c3934,dt-go2-flat-forward-medium-replay,finished,DT,go2-flat-forward,medium-replay,2,2026-09-29T22:58:39Z,6.100555555555555,NVIDIA H100 80GB HBM3
DT-Go2Footstand-674a5871,4bdb7508-8b5f-4fde-9ea6-029989696662,dt-go2-footstand-expert,finished,DT,go2-footstand,expert,0,2026-09-20T01:45:24Z,9.0525,NVIDIA H100 80GB HBM3
DT-Go2Footstand-59ff0d62,7ff34a08-2ce1-499b-8b23-d8af52ae1a9f,dt-go2-footstand-expert,finished,DT,go2-footstand,expert,1,2026-09-29T13:00:08Z,2.0947222222222224,NVIDIA H100 80GB HBM3
DT-Go2Footstand-9c480354,6b8b6c84-af27-49d4-8244-85f7685651f7,dt-go2-footstand-expert,finished,DT,go2-footstand,expert,2,2026-09-29T13:02:37Z,2.305277777777778,NVIDIA H100 80GB HBM3
DT-Go2Footstand-b6f4202f,4a34bfac-65b0-4ae9-b400-51b3c68caab3,dt-go2-footstand-medium,finished,DT,go2-footstand,medium,0,2026-09-20T01:52:28Z,5.6930555555555555,NVIDIA H100 80GB HBM3
DT-Go2Footstand-37a65d4b,e7ac337c-e0cc-407b-91ef-9b9cc4d02332,dt-go2-footstand-medium,finished,DT,go2-footstand,medium,1,2026-09-29T13:04:38Z,2.485,NVIDIA H100 80GB HBM3
DT-Go2Footstand-19999c7a,27c6bd44-9ded-4900-9deb-3fdcffd11de1,dt-go2-footstand-medium,finished,DT,go2-footstand,medium,2,2026-09-29T13:02:38Z,2.5283333333333333,NVIDIA H100 80GB HBM3
DT-Go2Footstand-9a5dc5ca,b7d0ed90-0de2-41e8-bc56-484a32e5c073,dt-go2-footstand-medium-expert,finished,DT,go2-footstand,medium-expert,0,2026-09-20T02:58:53Z,9.0675,NVIDIA H100 80GB HBM3
DT-Go2Footstand-b16e8682,7bdf57e5-d540-4ff3-a428-e58268da72db,dt-go2-footstand-medium-expert,finished,DT,go2-footstand,medium-expert,1,2026-09-29T13:08:20Z,2.4363888888888887,NVIDIA H100 80GB HBM3
DT-Go2Footstand-42b3c1ed,f6f0378a-d79a-4f27-8095-d56dd2516c54,dt-go2-footstand-medium-expert,finished,DT,go2-footstand,medium-expert,2,2026-09-29T13:10:43Z,2.209722222222222,NVIDIA H100 80GB HBM3
DT-Go2Footstand-82d871d3,77ab0447-7969-4bfd-baa7-fda483442219,dt-go2-footstand-medium-replay,finished,DT,go2-footstand,medium-replay,0,2026-09-20T03:51:42Z,18.679166666666667,NVIDIA H100 80GB HBM3
DT-Go2Footstand-0ba44d48,9c4cb7a7-4ab6-494b-9e33-5c2bf872cde4,dt-go2-footstand-medium-replay,finished,DT,go2-footstand,medium-replay,1,2026-09-29T13:12:28Z,20.498055555555556,NVIDIA H100 80GB HBM3
DT-Go2Footstand-8a7a9fe0,0f9c481b-ea1e-41c1-9f0b-2d0a77145093,dt-go2-footstand-medium-replay,finished,DT,go2-footstand,medium-replay,2,2026-09-29T13:17:35Z,21.20916666666667,NVIDIA H100 80GB HBM3
DT-Go2Getup-4757e4c0,b8b860e1-a5cb-4b73-bbf6-175124d2dceb,dt-go2-getup-expert,finished,DT,go2-getup,expert,0,2026-09-19T15:41:16Z,6.256388888888889,NVIDIA H100 80GB HBM3
DT-Go2Getup-ffc425e9,6059fac2-ccdb-412f-95b9-a783e2c9ddac,dt-go2-getup-expert,finished,DT,go2-getup,expert,1,2026-09-29T11:10:45Z,1.8913888888888888,NVIDIA H100 80GB HBM3
DT-Go2Getup-04f583ef,4dc8af88-c649-4abd-abe8-81a1eca59d7e,dt-go2-getup-expert,finished,DT,go2-getup,expert,2,2026-09-29T11:10:49Z,1.8547222222222222,NVIDIA H100 80GB HBM3
DT-Go2Getup-788c1bd4,1498b64b-81df-4aec-8e0a-d3aabaa508a9,dt-go2-getup-medium,finished,DT,go2-getup,medium,0,2026-09-19T19:17:56Z,5.9475,NVIDIA H100 80GB HBM3
DT-Go2Getup-18c7ec24,40959283-564e-4ed3-8f77-bb9bc30227cc,dt-go2-getup-medium,finished,DT,go2-getup,medium,1,2026-09-29T11:10:40Z,1.9538888888888888,NVIDIA H100 80GB HBM3
DT-Go2Getup-7e07f43f,b1b4050c-405f-4771-896e-542c7f31488b,dt-go2-getup-medium,finished,DT,go2-getup,medium,2,2026-09-29T11:10:47Z,1.991111111111111,NVIDIA H100 80GB HBM3
DT-Go2Getup-38ce287e,3f2466f8-b164-479f-b43c-7aace36287df,dt-go2-getup-medium-expert,finished,DT,go2-getup,medium-expert,0,2026-09-19T21:04:12Z,5.905555555555556,NVIDIA H100 80GB HBM3
DT-Go2Getup-bea5d05a,d3eadd5d-77de-415f-8638-893db8d81da4,dt-go2-getup-medium-expert,finished,DT,go2-getup,medium-expert,1,2026-09-29T11:10:40Z,2.0225,NVIDIA H100 80GB HBM3
DT-Go2Getup-22681851,456abfb3-5850-4dae-9071-98ad913970c2,dt-go2-getup-medium-expert,finished,DT,go2-getup,medium-expert,2,2026-09-29T11:10:47Z,2.1066666666666665,NVIDIA H100 80GB HBM3
DT-Go2Getup-238c38ce,350e5fc4-b771-402b-a23e-eaa315069dd5,dt-go2-getup-medium-replay,finished,DT,go2-getup,medium-replay,0,2026-09-19T21:56:58Z,5.907222222222222,NVIDIA H100 80GB HBM3
DT-Go2Getup-e41585eb,08b8d828-1ca7-4557-94ca-25a558eb84b6,dt-go2-getup-medium-replay,finished,DT,go2-getup,medium-replay,1,2026-09-29T11:10:47Z,1.8155555555555556,NVIDIA H100 80GB HBM3
DT-Go2Getup-c4e859ab,2836b1ab-3314-44f0-aaa9-acab9956f4bc,dt-go2-getup-medium-replay,finished,DT,go2-getup,medium-replay,2,2026-09-29T11:10:47Z,1.8577777777777778,NVIDIA H100 80GB HBM3
DT-Go2GetupWalk-e5cc3be1,034a0a99-3a7c-49cb-99c8-d3a12d80832e,dt-go2-getup-walk-expert,finished,DT,go2-getup-walk,expert,0,2026-09-19T22:07:33Z,17.920555555555556,NVIDIA H100 80GB HBM3
DT-Go2GetupWalk-a7d540d4,c31590d0-235b-4ffc-a50d-335f749888fd,dt-go2-getup-walk-expert,finished,DT,go2-getup-walk,expert,1,2026-09-29T11:10:41Z,3.5766666666666667,NVIDIA H100 80GB HBM3
DT-Go2GetupWalk-e0303372,1392f82a-7562-47bb-854e-b236ecb1b5a1,dt-go2-getup-walk-expert,finished,DT,go2-getup-walk,expert,2,2026-09-29T11:10:50Z,3.31,NVIDIA H100 80GB HBM3
DT-Go2GetupWalk-38917a05,b47a31fa-fb42-49d8-af51-3df64e56652f,dt-go2-getup-walk-medium,finished,DT,go2-getup-walk,medium,0,2026-09-19T23:56:55Z,17.774444444444445,NVIDIA H100 80GB HBM3
DT-Go2GetupWalk-3274033a,16b365f3-034a-462f-b18c-85ecc30dc3d7,dt-go2-getup-walk-medium,finished,DT,go2-getup-walk,medium,1,2026-09-29T11:10:40Z,3.289722222222222,NVIDIA H100 80GB HBM3
DT-Go2GetupWalk-3a18ba11,443d3779-ad13-44d1-adec-16c710cdbf7b,dt-go2-getup-walk-medium,finished,DT,go2-getup-walk,medium,2,2026-09-29T11:10:49Z,3.5869444444444443,NVIDIA H100 80GB HBM3
DT-Go2GetupWalk-9d3fa97f,25cc7cc8-f3be-4227-b55b-aefa54836c79,dt-go2-getup-walk-medium-expert,finished,DT,go2-getup-walk,medium-expert,0,2026-09-20T00:15:23Z,17.74361111111111,NVIDIA H100 80GB HBM3
DT-Go2GetupWalk-15229edf,405ea18d-d5c1-42ae-bfa4-24366b5bf2af,dt-go2-getup-walk-medium-expert,finished,DT,go2-getup-walk,medium-expert,1,2026-09-29T11:10:45Z,3.2816666666666667,NVIDIA H100 80GB HBM3
DT-Go2GetupWalk-a16e26ba,37fcc545-c1b8-4c87-b47d-208ec84af8e8,dt-go2-getup-walk-medium-expert,finished,DT,go2-getup-walk,medium-expert,2,2026-09-29T11:10:49Z,3.3666666666666667,NVIDIA H100 80GB HBM3
DT-Go2GetupWalk-9de34940,9402df10-1f67-432a-b6f2-89b6880cf858,dt-go2-getup-walk-medium-replay,finished,DT,go2-getup-walk,medium-replay,0,2026-09-20T01:15:04Z,17.991944444444446,NVIDIA H100 80GB HBM3
DT-Go2GetupWalk-3e98efe6,ed2567fd-96bc-4ba8-bdeb-a5ecce0b7e1a,dt-go2-getup-walk-medium-replay,finished,DT,go2-getup-walk,medium-replay,1,2026-09-29T11:10:42Z,3.5836111111111113,NVIDIA H100 80GB HBM3
DT-Go2GetupWalk-f60d8397,57d0b299-b729-46f8-bf21-845cdc859047,dt-go2-getup-walk-medium-replay,finished,DT,go2-getup-walk,medium-replay,2,2026-09-29T11:10:48Z,3.5877777777777777,NVIDIA H100 80GB HBM3
DT-Go2Handstand-f621e6fd,1250e443-5e87-469d-b18c-acf071ea6747,dt-go2-handstand-expert,finished,DT,go2-handstand,expert,0,2026-09-20T07:57:11Z,8.841111111111111,NVIDIA H100 80GB HBM3
DT-Go2Handstand-907f3a38,95c1f4c8-82a4-4963-a9c1-da913cf47de7,dt-go2-handstand-expert,finished,DT,go2-handstand,expert,1,2026-09-29T14:28:01Z,2.3780555555555556,NVIDIA H100 80GB HBM3
DT-Go2Handstand-bc472541,adf4eabb-a899-42cc-b787-b25886886104,dt-go2-handstand-expert,finished,DT,go2-handstand,expert,2,2026-09-29T14:29:50Z,2.113888888888889,NVIDIA H100 80GB HBM3
DT-Go2Handstand-a29f81a3,df112361-da98-4d6a-be8b-ba7fe4073175,dt-go2-handstand-medium,finished,DT,go2-handstand,medium,0,2026-09-20T10:48:51Z,6.358333333333333,NVIDIA H100 80GB HBM3
DT-Go2Handstand-a198095d,f785c6be-4ca8-4ec2-92bf-f85359ac6029,dt-go2-handstand-medium,finished,DT,go2-handstand,medium,1,2026-09-29T14:28:28Z,2.7269444444444444,NVIDIA H100 80GB HBM3
DT-Go2Handstand-f871d7c6,07a72e4a-b696-498c-9c36-b0dce21e74fb,dt-go2-handstand-medium,finished,DT,go2-handstand,medium,2,2026-09-29T14:33:15Z,2.4625,NVIDIA H100 80GB HBM3
DT-Go2Handstand-88d0d0f8,575c1645-6f65-4ee0-b38b-e12279acfbaa,dt-go2-handstand-medium-expert,finished,DT,go2-handstand,medium-expert,0,2026-09-20T12:03:16Z,6.578888888888889,NVIDIA H100 80GB HBM3
DT-Go2Handstand-e7858a0a,1a1293ae-3b48-4108-8165-ea161179a13d,dt-go2-handstand-medium-expert,finished,DT,go2-handstand,medium-expert,1,2026-09-29T14:45:45Z,2.5330555555555554,NVIDIA H100 80GB HBM3
DT-Go2Handstand-9eacfed6,8acb3ee3-885b-4165-96a0-4e3b4e06c3fb,dt-go2-handstand-medium-expert,finished,DT,go2-handstand,medium-expert,2,2026-09-29T14:46:29Z,2.556388888888889,NVIDIA H100 80GB HBM3
DT-Go2Handstand-94fe2db5,3a52425e-3302-4fb6-a712-83dddf2f721d,dt-go2-handstand-medium-replay,finished,DT,go2-handstand,medium-replay,0,2026-09-20T16:03:08Z,12.139722222222222,NVIDIA H100 80GB HBM3
DT-Go2Handstand-8c12fcac,74e42f10-b37d-455a-b05b-f015fbbaad9b,dt-go2-handstand-medium-replay,finished,DT,go2-handstand,medium-replay,1,2026-09-29T14:46:08Z,12.031944444444445,NVIDIA H100 80GB HBM3
DT-Go2Handstand-f74722df,8f081bcc-d4ef-4076-9c1b-9ea2d484ec7d,dt-go2-handstand-medium-replay,finished,DT,go2-handstand,medium-replay,2,2026-09-29T14:46:31Z,13.057222222222222,NVIDIA H100 80GB HBM3
DT-Go2JoystickFlatTerrain-491c1130,3955db1c-70ff-4d9b-af5a-da5f0eda2b58,dt-go2-joystick-direction-expert,finished,DT,go2-joystick-direction,expert,0,2026-09-20T18:38:19Z,17.148888888888887,NVIDIA H100 80GB HBM3
DT-Go2JoystickFlatTerrain-645bbd42,8acf4cdc-600a-4f46-9ff6-9e89d740dd75,dt-go2-joystick-direction-expert,finished,DT,go2-joystick-direction,expert,1,2026-09-29T17:12:37Z,3.566388888888889,NVIDIA H100 80GB HBM3
DT-Go2JoystickFlatTerrain-278d8f0e,b47f66ea-62c6-4a1e-ab09-30f223a2c886,dt-go2-joystick-direction-expert,finished,DT,go2-joystick-direction,expert,2,2026-09-29T17:01:24Z,3.405,NVIDIA H100 80GB HBM3
DT-Go2JoystickFlatTerrain-3004cb43,7510fa30-bad0-426a-868c-7447d0a173f9,dt-go2-joystick-direction-medium,finished,DT,go2-joystick-direction,medium,0,2026-09-20T19:14:53Z,17.39388888888889,NVIDIA H100 80GB HBM3
DT-Go2JoystickFlatTerrain-2b9595ac,af4496e2-90b3-42e1-b6a3-ff35c50f186d,dt-go2-joystick-direction-medium,finished,DT,go2-joystick-direction,medium,1,2026-09-29T17:18:17Z,3.4530555555555558,NVIDIA H100 80GB HBM3
DT-Go2JoystickFlatTerrain-969fd017,7f828d42-d3ad-4283-bfe5-073751f274de,dt-go2-joystick-direction-medium,finished,DT,go2-joystick-direction,medium,2,2026-09-29T17:20:19Z,3.568611111111111,NVIDIA H100 80GB HBM3
DT-Go2JoystickFlatTerrain-0eb9a08d,187ca01c-97c1-4b54-9e7f-f1eacde99bec,dt-go2-joystick-direction-medium-expert,finished,DT,go2-joystick-direction,medium-expert,0,2026-09-20T22:32:46Z,17.623055555555556,NVIDIA H100 80GB HBM3
DT-Go2JoystickFlatTerrain-fb52bee0,4436f369-6da6-4b2b-965a-d5910ec5d22e,dt-go2-joystick-direction-medium-expert,finished,DT,go2-joystick-direction,medium-expert,1,2026-09-29T19:04:49Z,3.423611111111111,NVIDIA H100 80GB HBM3
DT-Go2JoystickFlatTerrain-2f97b056,1dd0d33d-50ef-491f-9e7f-c45a9e4707f8,dt-go2-joystick-direction-medium-expert,finished,DT,go2-joystick-direction,medium-expert,2,2026-09-29T19:25:45Z,3.540277777777778,NVIDIA H100 80GB HBM3
DT-Go2JoystickFlatTerrain-2d3550b4,511c6645-14b5-49bc-9a70-9d920a89b50b,dt-go2-joystick-direction-medium-replay,finished,DT,go2-joystick-direction,medium-replay,0,2026-09-21T01:40:24Z,16.983055555555556,NVIDIA H100 80GB HBM3
DT-Go2JoystickFlatTerrain-131647ae,a0267400-a830-4815-a92a-83c2f705005b,dt-go2-joystick-direction-medium-replay,finished,DT,go2-joystick-direction,medium-replay,1,2026-09-29T20:32:07Z,6.515,NVIDIA H100 80GB HBM3
DT-Go2JoystickFlatTerrain-94fda674,f23beb28-2bfc-4e37-b0e4-032929aca8ee,dt-go2-joystick-direction-medium-replay,finished,DT,go2-joystick-direction,medium-replay,2,2026-09-29T20:09:20Z,6.097222222222222,NVIDIA H100 80GB HBM3
DT-Go2PushRecovery-1ee7f29c,8514c132-bdc5-476a-b13c-cdb10a75dbee,dt-go2-push-recovery-expert,finished,DT,go2-push-recovery,expert,0,2026-09-20T16:47:59Z,17.474166666666665,NVIDIA H100 80GB HBM3
DT-Go2PushRecovery-9774e389,efd360ef-847f-4b8b-8d9e-853919c57be5,dt-go2-push-recovery-expert,finished,DT,go2-push-recovery,expert,1,2026-09-29T15:06:12Z,3.968888888888889,NVIDIA H100 80GB HBM3
DT-Go2PushRecovery-71001b3c,ab2a0928-5cbe-4fbe-874a-243d00eb3aa7,dt-go2-push-recovery-expert,finished,DT,go2-push-recovery,expert,2,2026-09-29T15:21:25Z,4.065277777777778,NVIDIA H100 80GB HBM3
DT-Go2PushRecovery-81b81bd5,5eee54be-99f0-4cad-9ae2-65ab29904509,dt-go2-push-recovery-medium,finished,DT,go2-push-recovery,medium,0,2026-09-20T17:07:26Z,8.543888888888889,NVIDIA H100 80GB HBM3
DT-Go2PushRecovery-bd7b417c,ebfbe7f5-10ad-4438-b8ea-03d0c2ad31e2,dt-go2-push-recovery-medium,finished,DT,go2-push-recovery,medium,1,2026-09-29T15:34:09Z,5.181111111111111,NVIDIA H100 80GB HBM3
DT-Go2PushRecovery-78c8e608,6c2e3dcc-68b0-411c-bfbc-2bc7d60a89c2,dt-go2-push-recovery-medium,finished,DT,go2-push-recovery,medium,2,2026-09-29T15:23:42Z,5.460277777777778,NVIDIA H100 80GB HBM3
DT-Go2PushRecovery-a53c936a,00c02b62-680c-4eb8-b51b-88359aa9a829,dt-go2-push-recovery-medium-expert,finished,DT,go2-push-recovery,medium-expert,0,2026-09-20T17:43:44Z,14.655555555555555,NVIDIA H100 80GB HBM3
DT-Go2PushRecovery-bd46d75e,f559aa42-54cb-4d0b-91d3-cd2905526204,dt-go2-push-recovery-medium-expert,finished,DT,go2-push-recovery,medium-expert,1,2026-09-29T15:34:55Z,4.945555555555556,NVIDIA H100 80GB HBM3
DT-Go2PushRecovery-4638fae0,62dec58b-49ef-4e3d-80c2-1eee77a38e17,dt-go2-push-recovery-medium-expert,finished,DT,go2-push-recovery,medium-expert,2,2026-09-29T15:34:48Z,4.567777777777778,NVIDIA H100 80GB HBM3
DT-Go2PushRecovery-d86520e7,2322f10e-dfd4-4361-8dd8-19ad62cb917b,dt-go2-push-recovery-medium-replay,finished,DT,go2-push-recovery,medium-replay,0,2026-09-20T18:00:24Z,8.103333333333333,NVIDIA H100 80GB HBM3
DT-Go2PushRecovery-ddf9cf45,f40aa6d2-a4fd-4255-84c3-5c6c6f6e7cad,dt-go2-push-recovery-medium-replay,finished,DT,go2-push-recovery,medium-replay,1,2026-09-29T16:51:08Z,6.998888888888889,NVIDIA H100 80GB HBM3
DT-Go2PushRecovery-4ad3990d,990ea0f1-86cb-4c2f-903f-d4b38f8aae51,dt-go2-push-recovery-medium-replay,finished,DT,go2-push-recovery,medium-replay,2,2026-09-29T16:37:10Z,6.684166666666667,NVIDIA H100 80GB HBM3
DT-Go2RoughCurriculum-10488c9b,50ab7b50-b99f-43dd-b65a-3f07676f4e3b,dt-go2-rough-terrain-expert,finished,DT,go2-rough-terrain,expert,0,2026-09-21T11:47:33Z,17.07611111111111,NVIDIA H100 80GB HBM3
DT-Go2RoughCurriculum-8f4d8d5c,f0851983-79c7-4049-9d1a-83d9887c9252,dt-go2-rough-terrain-expert,finished,DT,go2-rough-terrain,expert,1,2026-09-29T23:51:36Z,3.9283333333333332,NVIDIA H100 80GB HBM3
DT-Go2RoughCurriculum-2658cebb,ab5cc15b-5b18-43eb-b779-2b5d6f4134d3,dt-go2-rough-terrain-expert,finished,DT,go2-rough-terrain,expert,2,2026-09-29T23:18:42Z,3.881388888888889,NVIDIA H100 80GB HBM3
DT-Go2RoughCurriculum-56f8b525,af82e7a6-3233-4de3-ae9c-52ebcdded682,dt-go2-rough-terrain-medium,finished,DT,go2-rough-terrain,medium,0,2026-09-21T12:38:50Z,14.111944444444445,NVIDIA H100 80GB HBM3
DT-Go2RoughCurriculum-bff3b624,7fc02657-63f4-4fdf-83f7-38343cac16db,dt-go2-rough-terrain-medium,finished,DT,go2-rough-terrain,medium,1,2026-09-30T00:14:40Z,4.358611111111111,NVIDIA H100 80GB HBM3
DT-Go2RoughCurriculum-141709a4,8774f014-754a-41ab-a2d0-ece9f3312deb,dt-go2-rough-terrain-medium,finished,DT,go2-rough-terrain,medium,2,2026-09-30T00:01:11Z,4.361111111111111,NVIDIA H100 80GB HBM3
DT-Go2RoughCurriculum-9ee7a560,855713e9-1463-4dbc-9b9c-4ff7233b91af,dt-go2-rough-terrain-medium-expert,finished,DT,go2-rough-terrain,medium-expert,0,2026-09-21T16:10:28Z,16.21,NVIDIA H100 80GB HBM3
DT-Go2RoughCurriculum-e6020149,d2a62680-b29f-4b1e-bbf9-99108851f752,dt-go2-rough-terrain-medium-expert,finished,DT,go2-rough-terrain,medium-expert,1,2026-09-30T00:20:34Z,3.970833333333333,NVIDIA H100 80GB HBM3
DT-Go2RoughCurriculum-99d26741,4c33daa9-58d0-46ed-954d-63fb4be181ca,dt-go2-rough-terrain-medium-expert,finished,DT,go2-rough-terrain,medium-expert,2,2026-09-30T00:26:53Z,3.963888888888889,NVIDIA H100 80GB HBM3
DT-Go2RoughCurriculum-93eab48d,d9273554-8618-4f15-a59b-cc2bfd088ec0,dt-go2-rough-terrain-medium-replay,finished,DT,go2-rough-terrain,medium-replay,0,2026-09-21T19:11:51Z,9.384444444444444,NVIDIA H100 80GB HBM3
DT-Go2RoughCurriculum-bc2ebb4d,852e983b-ad6f-4c51-ae63-5823e74503a0,dt-go2-rough-terrain-medium-replay,finished,DT,go2-rough-terrain,medium-replay,1,2026-09-30T00:25:11Z,6.4688888888888885,NVIDIA H100 80GB HBM3
DT-Go2RoughCurriculum-4c9eed3a,77fdc73c-d803-4728-bbfa-8079c3db2acd,dt-go2-rough-terrain-medium-replay,finished,DT,go2-rough-terrain,medium-replay,2,2026-09-30T00:27:00Z,7.2380555555555555,NVIDIA H100 80GB HBM3
DT-H1JoystickGaitTracking-94a6a790,0a215060-35f0-4a44-b050-309b8276d1d2,dt-h1-gait-tracking-expert,finished,DT,h1-gait-tracking,expert,0,2026-09-22T04:35:17Z,8.97638888888889,NVIDIA H100 80GB HBM3
DT-H1JoystickGaitTracking-5c8ef8f1,fe129c76-87f1-4b3b-b75b-7535a86f51fb,dt-h1-gait-tracking-expert,finished,DT,h1-gait-tracking,expert,1,2026-09-30T04:26:10Z,4.818611111111111,NVIDIA H100 80GB HBM3
DT-H1JoystickGaitTracking-8f4ba2bd,3ceb91ee-a12c-4abc-9d2b-d296f14cf05a,dt-h1-gait-tracking-expert,finished,DT,h1-gait-tracking,expert,2,2026-09-30T04:25:08Z,4.666111111111111,NVIDIA H100 80GB HBM3
DT-H1JoystickGaitTracking-009cb5fc,ce5f155a-703c-48b8-9545-5bf0eaba20ec,dt-h1-gait-tracking-medium,finished,DT,h1-gait-tracking,medium,0,2026-09-22T04:52:28Z,22.94388888888889,NVIDIA H100 80GB HBM3
DT-H1JoystickGaitTracking-5daa024d,d68c3a99-7941-4a35-a6a8-cfbb3e660760,dt-h1-gait-tracking-medium,finished,DT,h1-gait-tracking,medium,1,2026-09-30T04:27:53Z,6.361944444444444,NVIDIA H100 80GB HBM3
DT-H1JoystickGaitTracking-776e08ec,8e333321-ce74-4098-b049-cfac22f0fb8c,dt-h1-gait-tracking-medium,finished,DT,h1-gait-tracking,medium,2,2026-09-30T04:29:33Z,6.013888888888889,NVIDIA H100 80GB HBM3
DT-H1JoystickGaitTracking-ba1fc842,607a7260-f626-42f3-97ab-b20474b3abcb,dt-h1-gait-tracking-medium-expert,finished,DT,h1-gait-tracking,medium-expert,0,2026-09-22T06:36:33Z,22.291666666666668,NVIDIA H100 80GB HBM3
DT-H1JoystickGaitTracking-48a5ea49,078b873e-7f7c-4b2d-9e78-c4334310e489,dt-h1-gait-tracking-medium-expert,finished,DT,h1-gait-tracking,medium-expert,1,2026-09-30T04:36:41Z,5.092777777777778,NVIDIA H100 80GB HBM3
DT-H1JoystickGaitTracking-7967f825,2d9ece68-2457-48ef-8715-f7ca032668ba,dt-h1-gait-tracking-medium-expert,finished,DT,h1-gait-tracking,medium-expert,2,2026-09-30T05:05:08Z,5.378055555555555,NVIDIA H100 80GB HBM3
DT-H1JoystickGaitTracking-01991ecd,2b9fe23f-f200-4896-89d5-cbc4f3065861,dt-h1-gait-tracking-medium-replay,finished,DT,h1-gait-tracking,medium-replay,0,2026-09-26T22:33:36Z,21.482222222222223,
DT-H1JoystickGaitTracking-d3aa9d94,a03a41eb-6d7e-4334-afaa-b4afec3165cb,dt-h1-gait-tracking-medium-replay,finished,DT,h1-gait-tracking,medium-replay,1,2026-10-04T16:13:58Z,9.825,NVIDIA GeForce RTX 3090
DT-H1JoystickGaitTracking-a498528c,b309cd69-9cc4-4835-8797-afdd6273a76f,dt-h1-gait-tracking-medium-replay,finished,DT,h1-gait-tracking,medium-replay,2,2026-10-05T02:03:42Z,9.824444444444444,NVIDIA GeForce RTX 3090
IQL-G1JoystickFlatTerrain-2c11723d,23ad9d83-dc41-4278-ae7b-8fa3fc85b8c4,iql-g1-joystick-direction-expert,finished,IQL,g1-joystick-direction,expert,0,2026-07-26T07:25:58Z,3.4897222222222224,NVIDIA GeForce RTX 3090
IQL-G1JoystickFlatTerrain-ddc86f99,7e06808f-7deb-44e5-afcf-2cdb11a7fc5f,iql-g1-joystick-direction-expert,finished,IQL,g1-joystick-direction,expert,1,2026-09-19T03:17:42Z,20.649166666666666,NVIDIA H100 80GB HBM3
IQL-G1JoystickFlatTerrain-7d221510,3a9cf232-89a5-44e6-bbdc-fbc19e36a8af,iql-g1-joystick-direction-expert,finished,IQL,g1-joystick-direction,expert,2,2026-09-19T02:34:26Z,19.523888888888887,NVIDIA H100 80GB HBM3
IQL-G1JoystickFlatTerrain-61340479,50c3eda9-64e0-42d0-ba10-a83692d7425d,iql-g1-joystick-direction-medium,finished,IQL,g1-joystick-direction,medium,0,2026-07-26T10:55:35Z,2.7327777777777778,NVIDIA GeForce RTX 3090
IQL-G1JoystickFlatTerrain-1732401e,825ad1f4-2286-4e61-adb7-156980704473,iql-g1-joystick-direction-medium,finished,IQL,g1-joystick-direction,medium,1,2026-09-19T03:24:42Z,17.94333333333333,NVIDIA H100 80GB HBM3
IQL-G1JoystickFlatTerrain-a889dd4f,9f17f1cf-eef2-4f7f-bedd-645ae2545dd0,iql-g1-joystick-direction-medium,finished,IQL,g1-joystick-direction,medium,2,2026-09-19T03:03:51Z,16.230555555555554,NVIDIA H100 80GB HBM3
IQL-G1JoystickFlatTerrain-490a66d9,a23f20ec-0750-4323-948f-bc6bd2ce0a4f,iql-g1-joystick-direction-medium-expert,finished,IQL,g1-joystick-direction,medium-expert,0,2026-07-26T13:39:46Z,3.781388888888889,NVIDIA GeForce RTX 3090
IQL-G1JoystickFlatTerrain-d305d385,7b80e702-a0b6-4556-94d2-ce398ad91608,iql-g1-joystick-direction-medium-expert,finished,IQL,g1-joystick-direction,medium-expert,1,2026-09-19T03:27:51Z,20.788055555555555,NVIDIA H100 80GB HBM3
IQL-G1JoystickFlatTerrain-5c8aeafc,8f0faa7f-3a7a-4111-892a-4526ad08ad8c,iql-g1-joystick-direction-medium-expert,finished,IQL,g1-joystick-direction,medium-expert,2,2026-09-19T03:28:23Z,20.2625,NVIDIA H100 80GB HBM3
IQL-G1JoystickFlatTerrain-947d0c29,b224e87f-1455-46fe-8158-deba67376904,iql-g1-joystick-direction-medium-replay,finished,IQL,g1-joystick-direction,medium-replay,0,2026-07-26T17:26:52Z,1.6733333333333333,NVIDIA GeForce RTX 3090
IQL-G1JoystickFlatTerrain-14b726f8,420b04b2-af9d-486d-a8a5-4f58f2ac0d0c,iql-g1-joystick-direction-medium-replay,finished,IQL,g1-joystick-direction,medium-replay,1,2026-09-19T04:09:10Z,9.710555555555555,NVIDIA H100 80GB HBM3
IQL-G1JoystickFlatTerrain-d5b90806,01091601-d0ed-421d-acaa-7fc9777338c4,iql-g1-joystick-direction-medium-replay,finished,IQL,g1-joystick-direction,medium-replay,2,2026-09-19T04:52:07Z,10.815,NVIDIA H100 80GB HBM3
IQL-Go2JoystickFlatTerrain-cb7f324d,a7945cae-f807-46b0-a0cc-4ba5a2277d19,iql-go2-flat-forward-expert,finished,IQL,go2-flat-forward,expert,0,2026-07-25T10:25:33Z,3.7511111111111113,NVIDIA GeForce RTX 3090
IQL-Go2JoystickFlatTerrain-1f174b54,2f27e0d0-6f57-456d-9459-895f23ed0ca3,iql-go2-flat-forward-expert,finished,IQL,go2-flat-forward,expert,1,2026-09-18T12:13:26Z,15.06611111111111,NVIDIA H100 80GB HBM3
IQL-Go2JoystickFlatTerrain-106a1963,e3b31d1a-86d1-47f1-ab87-9f4709f1acd5,iql-go2-flat-forward-expert,finished,IQL,go2-flat-forward,expert,2,2026-09-18T11:35:18Z,14.980833333333333,NVIDIA H100 80GB HBM3
IQL-Go2JoystickFlatTerrain-675034e6,08cfe264-0594-4cc0-afb3-7c4f2df3b5fc,iql-go2-flat-forward-medium,finished,IQL,go2-flat-forward,medium,0,2026-07-25T14:10:50Z,3.757222222222222,NVIDIA GeForce RTX 3090
IQL-Go2JoystickFlatTerrain-492e9d41,4f02f22e-1496-4893-b019-37701f88bd10,iql-go2-flat-forward-medium,finished,IQL,go2-flat-forward,medium,1,2026-09-18T12:25:41Z,14.97888888888889,NVIDIA H100 80GB HBM3
IQL-Go2JoystickFlatTerrain-64af79c1,c63b683c-3f28-4139-bd43-a47621235e25,iql-go2-flat-forward-medium,finished,IQL,go2-flat-forward,medium,2,2026-09-18T12:19:54Z,15.136666666666667,NVIDIA H100 80GB HBM3
IQL-Go2JoystickFlatTerrain-bc489e9a,4b235271-2655-447b-a166-1c85324267da,iql-go2-flat-forward-medium-expert,finished,IQL,go2-flat-forward,medium-expert,0,2026-07-25T17:56:29Z,3.742777777777778,NVIDIA GeForce RTX 3090
IQL-Go2JoystickFlatTerrain-363f56c2,9d547f62-6b4c-400d-b0ca-98fb990db920,iql-go2-flat-forward-medium-expert,finished,IQL,go2-flat-forward,medium-expert,1,2026-09-18T13:06:09Z,15.045277777777779,NVIDIA H100 80GB HBM3
IQL-Go2JoystickFlatTerrain-08adb66a,7590ca24-d2e4-4379-8918-37b9fbb7139e,iql-go2-flat-forward-medium-expert,finished,IQL,go2-flat-forward,medium-expert,2,2026-09-18T13:28:23Z,15.390555555555556,NVIDIA H100 80GB HBM3
IQL-Go2JoystickFlatTerrain-94ef5c4c,84262e8c-ba49-4f69-9c1b-03d02df07403,iql-go2-flat-forward-medium-replay,finished,IQL,go2-flat-forward,medium-replay,0,2026-07-25T21:53:36Z,3.678888888888889,NVIDIA GeForce RTX 3090
IQL-Go2JoystickFlatTerrain-d152794e,0354e249-6e4d-4804-9320-4513aa8181c6,iql-go2-flat-forward-medium-replay,finished,IQL,go2-flat-forward,medium-replay,1,2026-09-18T18:12:38Z,15.785555555555556,NVIDIA H100 80GB HBM3
IQL-Go2JoystickFlatTerrain-f1461271,485163af-1aff-48b8-826b-fbc2de23aef2,iql-go2-flat-forward-medium-replay,finished,IQL,go2-flat-forward,medium-replay,2,2026-09-18T17:25:44Z,15.636111111111111,NVIDIA H100 80GB HBM3
IQL-Go2Footstand-843a5589,a1c83c03-b1a4-4eb3-badd-3cb8a0d48afe,iql-go2-footstand-expert,finished,IQL,go2-footstand,expert,0,2026-07-24T18:53:48Z,0.9016666666666666,NVIDIA GeForce RTX 3090
IQL-Go2Footstand-6af072f1,4caf4e08-b676-42d6-b0dd-a3dcc08cb83f,iql-go2-footstand-expert,finished,IQL,go2-footstand,expert,1,2026-09-17T22:30:10Z,5.521388888888889,NVIDIA H100 80GB HBM3
IQL-Go2Footstand-9a842624,0ffe2df2-6471-4677-b1bd-bc95010593c3,iql-go2-footstand-expert,finished,IQL,go2-footstand,expert,2,2026-09-17T21:45:06Z,5.619722222222222,NVIDIA H100 80GB HBM3
IQL-Go2Footstand-52d8b3f9,4ca5eab8-d14f-4483-9b02-5e5f7021e782,iql-go2-footstand-medium,finished,IQL,go2-footstand,medium,0,2026-07-24T19:48:08Z,0.6744444444444444,NVIDIA GeForce RTX 3090
IQL-Go2Footstand-cad42771,b9a4cdf5-0dd1-45ca-9bad-965938c521b1,iql-go2-footstand-medium,finished,IQL,go2-footstand,medium,1,2026-09-17T22:57:31Z,3.4791666666666665,NVIDIA H100 80GB HBM3
IQL-Go2Footstand-5cb71368,3f49aaed-5073-41fe-ac8e-fc17860dbc24,iql-go2-footstand-medium,finished,IQL,go2-footstand,medium,2,2026-09-17T22:49:44Z,3.6491666666666664,NVIDIA H100 80GB HBM3
IQL-Go2Footstand-03e6ce92,d076121b-2533-4d1d-8986-119b7ee3472f,iql-go2-footstand-medium-expert,finished,IQL,go2-footstand,medium-expert,0,2026-07-24T20:28:49Z,0.9213888888888889,NVIDIA GeForce RTX 3090
IQL-Go2Footstand-ed3768a4,8b38b5a1-0998-45ea-aeb9-927ed04f76ab,iql-go2-footstand-medium-expert,finished,IQL,go2-footstand,medium-expert,1,2026-09-17T23:54:25Z,5.583611111111111,NVIDIA H100 80GB HBM3
IQL-Go2Footstand-faf231cf,b6012361-d856-4cf6-bf89-22bc7f6106e4,iql-go2-footstand-medium-expert,finished,IQL,go2-footstand,medium-expert,2,2026-09-17T23:31:20Z,5.542222222222223,NVIDIA H100 80GB HBM3
IQL-Go2Footstand-be8d323f,ecc0d057-0e82-43e0-a1d7-e7178918fdfc,iql-go2-footstand-medium-replay,finished,IQL,go2-footstand,medium-replay,0,2026-07-24T21:24:17Z,0.5544444444444444,NVIDIA GeForce RTX 3090
IQL-Go2Footstand-bb72a483,ebb7c138-63d1-472c-97d1-2753e08f310f,iql-go2-footstand-medium-replay,finished,IQL,go2-footstand,medium-replay,1,2026-09-18T02:26:34Z,3.115,NVIDIA H100 80GB HBM3
IQL-Go2Footstand-0d168a13,51b133c0-6c47-4f88-ad63-e83176f932c7,iql-go2-footstand-medium-replay,finished,IQL,go2-footstand,medium-replay,2,2026-09-18T02:28:58Z,3.3808333333333334,NVIDIA H100 80GB HBM3
IQL-Go2Getup-992ede38,5335952b-f2cd-4282-a50f-14b786bbb96c,iql-go2-getup-expert,finished,IQL,go2-getup,expert,0,2026-07-22T18:00:59Z,3.8208333333333333,NVIDIA L40S
IQL-Go2Getup-aaa78b0f,84928516-fa8a-4d8a-908d-ba97eb8cc8f9,iql-go2-getup-expert,finished,IQL,go2-getup,expert,1,2026-09-17T14:26:49Z,4.159722222222222,NVIDIA H100 80GB HBM3
IQL-Go2Getup-323f8ad3,1ec1ea53-46ef-44f1-a23f-3308ec45886f,iql-go2-getup-expert,finished,IQL,go2-getup,expert,2,2026-09-17T13:38:59Z,4.148611111111111,NVIDIA H100 80GB HBM3
IQL-Go2Getup-1e9acec9,6a8d2d95-6c75-46b4-a176-00bd0f03bbcc,iql-go2-getup-medium,finished,IQL,go2-getup,medium,0,2026-07-22T21:52:20Z,3.6880555555555556,NVIDIA L40S
IQL-Go2Getup-d917bacc,97aefc5c-d535-4907-ac47-0aeb5e980dbe,iql-go2-getup-medium,finished,IQL,go2-getup,medium,1,2026-09-17T17:56:52Z,3.8069444444444445,NVIDIA H100 80GB HBM3
IQL-Go2Getup-15f4faab,0561741f-a482-4f9a-ac09-fb489ae0f3a2,iql-go2-getup-medium,finished,IQL,go2-getup,medium,2,2026-09-17T17:25:24Z,3.8405555555555555,NVIDIA H100 80GB HBM3
IQL-Go2Getup-56bdb5da,83d1c113-b90e-4737-a55f-00c45e719ed2,iql-go2-getup-medium-expert,finished,IQL,go2-getup,medium-expert,0,2026-07-23T01:33:59Z,3.7,NVIDIA L40S
IQL-Go2Getup-2411aaa8,42ef9250-f37b-4cad-9443-f17903e0fc69,iql-go2-getup-medium-expert,finished,IQL,go2-getup,medium-expert,1,2026-09-17T18:36:45Z,3.811111111111111,NVIDIA H100 80GB HBM3
IQL-Go2Getup-7be30619,8a4ed8fe-481e-4939-8faa-62c765559e2d,iql-go2-getup-medium-expert,finished,IQL,go2-getup,medium-expert,2,2026-09-17T17:48:12Z,3.8216666666666668,NVIDIA H100 80GB HBM3
IQL-Go2Getup-4a80c3b9,ca85a911-2309-43c7-9dda-874826745607,iql-go2-getup-medium-replay,finished,IQL,go2-getup,medium-replay,0,2026-07-23T05:16:54Z,3.6644444444444444,NVIDIA L40S
IQL-Go2Getup-938d703c,a048bf0e-8512-4520-8de4-9a11df0e9ed4,iql-go2-getup-medium-replay,finished,IQL,go2-getup,medium-replay,1,2026-09-17T20:04:52Z,3.821111111111111,NVIDIA H100 80GB HBM3
IQL-Go2Getup-f39fc1b4,5972c768-1310-4e2e-84d9-222d4157535d,iql-go2-getup-medium-replay,finished,IQL,go2-getup,medium-replay,2,2026-09-17T18:55:11Z,3.903611111111111,NVIDIA H100 80GB HBM3
IQL-Go2GetupWalk-e24e1f05,72aab584-800f-4a25-b894-afc45de9b244,iql-go2-getup-walk-expert,finished,IQL,go2-getup-walk,expert,0,2026-07-24T11:41:55Z,1.791388888888889,NVIDIA GeForce RTX 3090
IQL-Go2GetupWalk-2b5ac8a2,f0fbd2f4-a0d8-4469-8481-c542830788c9,iql-go2-getup-walk-expert,finished,IQL,go2-getup-walk,expert,1,2026-09-17T21:01:42Z,12.251944444444444,NVIDIA H100 80GB HBM3
IQL-Go2GetupWalk-037fe512,3a797f35-9fa0-404d-b0f8-5ca0421937f2,iql-go2-getup-walk-expert,finished,IQL,go2-getup-walk,expert,2,2026-09-17T19:48:55Z,12.705,NVIDIA H100 80GB HBM3
IQL-Go2GetupWalk-a6d5400d,be2f52b8-962b-4e64-95d3-af7dc3d531a4,iql-go2-getup-walk-medium,finished,IQL,go2-getup-walk,medium,0,2026-07-24T13:31:10Z,1.7897222222222222,NVIDIA GeForce RTX 3090
IQL-Go2GetupWalk-c34c2495,99be110e-720c-49f5-9200-7e9b356fe4b8,iql-go2-getup-walk-medium,finished,IQL,go2-getup-walk,medium,1,2026-09-17T21:31:26Z,12.461944444444445,NVIDIA H100 80GB HBM3
IQL-Go2GetupWalk-1e1b913e,b4c0fd81-d90e-4202-9f27-62cd4a5c6f57,iql-go2-getup-walk-medium,finished,IQL,go2-getup-walk,medium,2,2026-09-17T21:16:07Z,12.220833333333333,NVIDIA H100 80GB HBM3
IQL-Go2GetupWalk-041607aa,aae1cbff-ea5b-470e-a332-7273551af3da,iql-go2-getup-walk-medium-expert,finished,IQL,go2-getup-walk,medium-expert,0,2026-07-24T15:18:46Z,1.7794444444444444,NVIDIA GeForce RTX 3090
IQL-Go2GetupWalk-f877a91d,b4ca2046-28be-4f28-b133-b00ab18b8de7,iql-go2-getup-walk-medium-expert,finished,IQL,go2-getup-walk,medium-expert,1,2026-09-17T21:45:35Z,12.078611111111112,NVIDIA H100 80GB HBM3
IQL-Go2GetupWalk-3001d171,52094d75-b627-4238-a86f-1d5848a1b7e1,iql-go2-getup-walk-medium-expert,finished,IQL,go2-getup-walk,medium-expert,2,2026-09-17T21:37:47Z,12.219444444444445,NVIDIA H100 80GB HBM3
IQL-Go2GetupWalk-785e249a,90c18026-576f-4c51-afb7-d9577ab1a466,iql-go2-getup-walk-medium-replay,finished,IQL,go2-getup-walk,medium-replay,0,2026-07-24T17:07:23Z,1.7702777777777778,NVIDIA GeForce RTX 3090
IQL-Go2GetupWalk-952a9cec,229160ce-b884-430b-a396-135936d106f5,iql-go2-getup-walk-medium-replay,finished,IQL,go2-getup-walk,medium-replay,1,2026-09-17T22:25:43Z,11.955833333333333,NVIDIA H100 80GB HBM3
IQL-Go2GetupWalk-67840f27,466f2a7a-f006-4050-9fb3-b2145884e143,iql-go2-getup-walk-medium-replay,finished,IQL,go2-getup-walk,medium-replay,2,2026-09-17T21:43:40Z,12.103055555555555,NVIDIA H100 80GB HBM3
IQL-Go2Handstand-17b7188c,e9526000-90c7-49ad-9b79-dde9b434b394,iql-go2-handstand-expert,finished,IQL,go2-handstand,expert,0,2026-07-24T21:57:46Z,0.8530555555555556,NVIDIA GeForce RTX 3090
IQL-Go2Handstand-7824aadb,38c21f5f-ea46-4e11-942a-899930976f91,iql-go2-handstand-expert,finished,IQL,go2-handstand,expert,1,2026-09-18T03:03:58Z,5.383333333333334,NVIDIA H100 80GB HBM3
IQL-Go2Handstand-eba54c47,a3e4c82b-ece5-4634-ac32-6d6de9eb11ac,iql-go2-handstand-expert,finished,IQL,go2-handstand,expert,2,2026-09-18T02:37:17Z,5.235277777777778,NVIDIA H100 80GB HBM3
IQL-Go2Handstand-111d6af9,fb7f948c-b927-4665-9256-06349a34e572,iql-go2-handstand-medium,finished,IQL,go2-handstand,medium,0,2026-07-24T22:49:08Z,0.6125,NVIDIA GeForce RTX 3090
IQL-Go2Handstand-fef79af6,52713405-9485-4e98-97a2-f886dfc3253a,iql-go2-handstand-medium,finished,IQL,go2-handstand,medium,1,2026-09-18T04:01:54Z,3.7641666666666667,NVIDIA H100 80GB HBM3
IQL-Go2Handstand-1957be2f,695838a5-6871-430c-8599-fe463ea14dd7,iql-go2-handstand-medium,finished,IQL,go2-handstand,medium,2,2026-09-18T03:22:35Z,3.8044444444444445,NVIDIA H100 80GB HBM3
IQL-Go2Handstand-68426493,c208d12f-9356-4779-97c3-7fa267c1a8c6,iql-go2-handstand-medium-expert,finished,IQL,go2-handstand,medium-expert,0,2026-07-24T23:26:05Z,0.6680555555555555,NVIDIA GeForce RTX 3090
IQL-Go2Handstand-e7759754,9a2b8e5d-ed34-4ab5-afd4-96768aa1ce6b,iql-go2-handstand-medium-expert,finished,IQL,go2-handstand,medium-expert,1,2026-09-18T05:29:43Z,4.419444444444444,NVIDIA H100 80GB HBM3
IQL-Go2Handstand-fb679f25,a7b9af75-9dd7-492d-8a38-4dc30f9d6cbe,iql-go2-handstand-medium-expert,finished,IQL,go2-handstand,medium-expert,2,2026-09-18T05:04:10Z,4.539166666666667,NVIDIA H100 80GB HBM3
IQL-Go2Handstand-104fffe3,04617445-5fd7-47c7-9df2-1db526313772,iql-go2-handstand-medium-replay,finished,IQL,go2-handstand,medium-replay,0,2026-07-25T00:06:23Z,0.43472222222222223,NVIDIA GeForce RTX 3090
IQL-Go2Handstand-2d35f413,717d0a7d-845c-4254-a735-5f8af3db54f7,iql-go2-handstand-medium-replay,finished,IQL,go2-handstand,medium-replay,1,2026-09-18T05:33:46Z,2.3783333333333334,NVIDIA H100 80GB HBM3
IQL-Go2Handstand-1b9634c0,b5b0cec2-a090-443e-a506-1adbf29c3aa9,iql-go2-handstand-medium-replay,finished,IQL,go2-handstand,medium-replay,2,2026-09-18T05:52:06Z,2.5530555555555554,NVIDIA H100 80GB HBM3
IQL-Go2JoystickFlatTerrain-36dc2120,bdfc8dd6-81ab-4a57-bc1a-ad4f5688e9f3,iql-go2-joystick-direction-expert,finished,IQL,go2-joystick-direction,expert,0,2026-07-25T03:57:40Z,1.6072222222222223,NVIDIA GeForce RTX 3090
IQL-Go2JoystickFlatTerrain-5724f71c,2cfee45f-7a46-4303-ab4d-2603b85152a9,iql-go2-joystick-direction-expert,finished,IQL,go2-joystick-direction,expert,1,2026-09-18T09:50:37Z,11.144166666666667,NVIDIA H100 80GB HBM3
IQL-Go2JoystickFlatTerrain-e3f48b0e,83025f9e-f1f0-4e33-9d83-49fa8c3bf707,iql-go2-joystick-direction-expert,finished,IQL,go2-joystick-direction,expert,2,2026-09-18T09:29:41Z,11.3225,NVIDIA H100 80GB HBM3
IQL-Go2JoystickFlatTerrain-d5b27f97,d0638da3-935d-4e00-9aa6-f805c14d5d05,iql-go2-joystick-direction-medium,finished,IQL,go2-joystick-direction,medium,0,2026-07-25T05:34:18Z,1.6166666666666667,NVIDIA GeForce RTX 3090
IQL-Go2JoystickFlatTerrain-79fe8a94,94bd80c3-0cf8-4c76-a081-02228b3d3838,iql-go2-joystick-direction-medium,finished,IQL,go2-joystick-direction,medium,1,2026-09-18T09:55:10Z,11.153888888888888,NVIDIA H100 80GB HBM3
IQL-Go2JoystickFlatTerrain-fd6b894a,4353287b-a013-4586-810b-62ea5b8f1500,iql-go2-joystick-direction-medium,finished,IQL,go2-joystick-direction,medium,2,2026-09-18T09:36:49Z,11.30861111111111,NVIDIA H100 80GB HBM3
IQL-Go2JoystickFlatTerrain-6920e9b5,eb1075f5-88c5-423f-a110-d9932b1d171b,iql-go2-joystick-direction-medium-expert,finished,IQL,go2-joystick-direction,medium-expert,0,2026-07-25T07:11:32Z,1.633888888888889,NVIDIA GeForce RTX 3090
IQL-Go2JoystickFlatTerrain-1ff29ba2,368a7914-b075-4503-86b5-4945d38a5bfa,iql-go2-joystick-direction-medium-expert,finished,IQL,go2-joystick-direction,medium-expert,1,2026-09-18T09:59:26Z,11.125277777777777,NVIDIA H100 80GB HBM3
IQL-Go2JoystickFlatTerrain-91eecfcc,1111a883-dc21-47d0-81e3-13944d14f64c,iql-go2-joystick-direction-medium-expert,finished,IQL,go2-joystick-direction,medium-expert,2,2026-09-18T09:50:10Z,11.232777777777779,NVIDIA H100 80GB HBM3
IQL-Go2JoystickFlatTerrain-5abac3a9,f36c1a6d-e184-46af-b378-e697e98b351c,iql-go2-joystick-direction-medium-replay,finished,IQL,go2-joystick-direction,medium-replay,0,2026-07-25T08:49:48Z,1.5922222222222222,NVIDIA GeForce RTX 3090
IQL-Go2JoystickFlatTerrain-bb0a8ba6,859a528d-25e6-44f7-8367-0e1d6420bc61,iql-go2-joystick-direction-medium-replay,finished,IQL,go2-joystick-direction,medium-replay,1,2026-09-18T10:23:21Z,10.834166666666667,NVIDIA H100 80GB HBM3
IQL-Go2JoystickFlatTerrain-d5685e01,eae362d7-2a4a-47c3-b3a5-dbd9f8bd0af5,iql-go2-joystick-direction-medium-replay,finished,IQL,go2-joystick-direction,medium-replay,2,2026-09-18T09:51:16Z,11.186944444444444,NVIDIA H100 80GB HBM3
IQL-Go2PushRecovery-0da664c3,af9f3e6d-27ad-464e-8e03-cbca931d697a,iql-go2-push-recovery-expert,finished,IQL,go2-push-recovery,expert,0,2026-07-25T00:32:40Z,1.47,NVIDIA GeForce RTX 3090
IQL-Go2PushRecovery-e43c3873,cc3baea0-f58f-4838-8f74-563ca173d9a0,iql-go2-push-recovery-expert,finished,IQL,go2-push-recovery,expert,1,2026-09-18T07:48:03Z,10.404722222222222,NVIDIA H100 80GB HBM3
IQL-Go2PushRecovery-b8c6f953,5c6afb0d-65a1-4274-b437-db53fb1fd010,iql-go2-push-recovery-expert,finished,IQL,go2-push-recovery,expert,2,2026-09-18T07:11:09Z,10.238055555555556,NVIDIA H100 80GB HBM3
IQL-Go2PushRecovery-78d95485,4bd957e0-dd42-40b2-870c-16edd5f90d0c,iql-go2-push-recovery-medium,finished,IQL,go2-push-recovery,medium,0,2026-07-25T02:01:05Z,0.6922222222222222,NVIDIA GeForce RTX 3090
IQL-Go2PushRecovery-1b18cdf5,069d7074-2176-40a3-8f90-deacef13ee77,iql-go2-push-recovery-medium,finished,IQL,go2-push-recovery,medium,1,2026-09-18T07:56:46Z,4.477222222222222,NVIDIA H100 80GB HBM3
IQL-Go2PushRecovery-66ff057a,e8de6748-eb93-431f-b625-dd616c4b6b7e,iql-go2-push-recovery-medium,finished,IQL,go2-push-recovery,medium,2,2026-09-18T07:51:42Z,4.465277777777778,NVIDIA H100 80GB HBM3
IQL-Go2PushRecovery-777b565f,b3e09aff-4bf8-4334-8da3-ca35e9f6d9ad,iql-go2-push-recovery-medium-expert,finished,IQL,go2-push-recovery,medium-expert,0,2026-07-25T02:42:50Z,0.7861111111111111,NVIDIA GeForce RTX 3090
IQL-Go2PushRecovery-dea75e73,b33df27b-400d-4b97-beee-efc02a24324b,iql-go2-push-recovery-medium-expert,finished,IQL,go2-push-recovery,medium-expert,1,2026-09-18T08:27:14Z,4.6433333333333335,NVIDIA H100 80GB HBM3
IQL-Go2PushRecovery-df3cc89c,35b7c797-7125-4dc2-a177-db82158894cc,iql-go2-push-recovery-medium-expert,finished,IQL,go2-push-recovery,medium-expert,2,2026-09-18T08:25:34Z,5.041944444444445,NVIDIA H100 80GB HBM3
IQL-Go2PushRecovery-0372813f,8321e861-f264-4369-afdf-f568a978eb0e,iql-go2-push-recovery-medium-replay,finished,IQL,go2-push-recovery,medium-replay,0,2026-07-25T03:30:12Z,0.4538888888888889,NVIDIA GeForce RTX 3090
IQL-Go2PushRecovery-77bf34f4,c8934930-6561-4873-b086-f77650bf0653,iql-go2-push-recovery-medium-replay,finished,IQL,go2-push-recovery,medium-replay,1,2026-09-18T09:17:08Z,2.933333333333333,NVIDIA H100 80GB HBM3
IQL-Go2PushRecovery-a0d601f6,f669262c-e053-476c-8261-66dafaa44a41,iql-go2-push-recovery-medium-replay,finished,IQL,go2-push-recovery,medium-replay,2,2026-09-18T08:31:31Z,3.0580555555555557,NVIDIA H100 80GB HBM3
IQL-Go2RoughCurriculum-c3bab948,536324a9-e16e-475f-8091-942e4702f672,iql-go2-rough-terrain-expert,finished,IQL,go2-rough-terrain,expert,0,2026-07-26T01:34:32Z,1.6791666666666667,NVIDIA GeForce RTX 3090
IQL-Go2RoughCurriculum-af04999a,45332056-b787-4468-9e33-342ce5cb2670,iql-go2-rough-terrain-expert,finished,IQL,go2-rough-terrain,expert,1,2026-09-18T20:59:33Z,11.926666666666666,NVIDIA H100 80GB HBM3
IQL-Go2RoughCurriculum-45c03089,8362a09a-3ba5-48fb-8476-bb89fd93cfee,iql-go2-rough-terrain-expert,finished,IQL,go2-rough-terrain,expert,2,2026-09-18T20:49:21Z,12.465,NVIDIA H100 80GB HBM3
IQL-Go2RoughCurriculum-caac6091,a4aa09a4-7c6a-4157-a0e7-1439f250263e,iql-go2-rough-terrain-medium,finished,IQL,go2-rough-terrain,medium,0,2026-07-26T03:15:31Z,1.4361111111111111,NVIDIA GeForce RTX 3090
IQL-Go2RoughCurriculum-52be6a74,15ca2bd2-aac8-4f43-b6eb-89bf1c4da1ef,iql-go2-rough-terrain-medium,finished,IQL,go2-rough-terrain,medium,1,2026-09-18T21:04:41Z,10.898333333333333,NVIDIA H100 80GB HBM3
IQL-Go2RoughCurriculum-e24930c3,09f77521-b29a-498e-a732-4c5db30ec1ce,iql-go2-rough-terrain-medium,finished,IQL,go2-rough-terrain,medium,2,2026-09-18T20:55:38Z,11.260277777777778,NVIDIA H100 80GB HBM3
IQL-Go2RoughCurriculum-9997123b,3b30b62f-21b2-469c-bf85-ecdc552036d2,iql-go2-rough-terrain-medium-expert,finished,IQL,go2-rough-terrain,medium-expert,0,2026-07-26T04:41:55Z,1.5708333333333333,NVIDIA GeForce RTX 3090
IQL-Go2RoughCurriculum-1febf357,8c295d4f-5ed5-4ebc-b22d-666bbc67c2fc,iql-go2-rough-terrain-medium-expert,finished,IQL,go2-rough-terrain,medium-expert,1,2026-09-18T21:07:16Z,11.002222222222223,NVIDIA H100 80GB HBM3
IQL-Go2RoughCurriculum-379a841a,ed188533-b9a2-41c9-a001-4d717c734fb5,iql-go2-rough-terrain-medium-expert,finished,IQL,go2-rough-terrain,medium-expert,2,2026-09-18T21:02:49Z,11.346111111111112,NVIDIA H100 80GB HBM3
IQL-Go2RoughCurriculum-1c55b821,bf1eb3a0-96c0-4aa8-9f19-75560e75beb8,iql-go2-rough-terrain-medium-replay,finished,IQL,go2-rough-terrain,medium-replay,0,2026-07-26T06:16:23Z,1.156111111111111,NVIDIA GeForce RTX 3090
IQL-Go2RoughCurriculum-5fb91021,d800bee6-7f7c-490d-ac91-c3c437680f19,iql-go2-rough-terrain-medium-replay,finished,IQL,go2-rough-terrain,medium-replay,1,2026-09-18T21:13:43Z,6.23,NVIDIA H100 80GB HBM3
IQL-Go2RoughCurriculum-d3c94fed,953f0331-1b7c-4253-a94d-191c3c9cf8e0,iql-go2-rough-terrain-medium-replay,finished,IQL,go2-rough-terrain,medium-replay,2,2026-09-18T21:04:27Z,5.985,NVIDIA H100 80GB HBM3
IQL-H1JoystickGaitTracking-4fc624f0,f0ca8d3d-a002-46c4-a394-210d34c8eca1,iql-h1-gait-tracking-expert,finished,IQL,h1-gait-tracking,expert,0,2026-08-03T17:23:46Z,3.0036111111111112,NVIDIA GeForce RTX 3090
IQL-H1JoystickGaitTracking-c8b9389e,52b8f561-4097-4413-8d82-fd6db478f3cc,iql-h1-gait-tracking-expert,finished,IQL,h1-gait-tracking,expert,1,2026-09-19T07:58:52Z,14.14,NVIDIA H100 80GB HBM3
IQL-H1JoystickGaitTracking-b142c07e,2f4c62e9-9463-45ff-a600-5b64bd74a7c3,iql-h1-gait-tracking-expert,finished,IQL,h1-gait-tracking,expert,2,2026-09-19T08:11:39Z,14.768055555555556,NVIDIA H100 80GB HBM3
IQL-H1JoystickGaitTracking-07d068ae,7bab3ec2-110f-42d9-b0f6-3e46ef6161b1,iql-h1-gait-tracking-medium,finished,IQL,h1-gait-tracking,medium,0,2026-08-03T20:24:17Z,3.973888888888889,NVIDIA GeForce RTX 3090
IQL-H1JoystickGaitTracking-d3d8c443,f6677c28-4754-44f5-8fe8-bb9d0f1fa7c9,iql-h1-gait-tracking-medium,finished,IQL,h1-gait-tracking,medium,1,2026-09-19T08:07:42Z,17.296944444444446,NVIDIA H100 80GB HBM3
IQL-H1JoystickGaitTracking-5e3dbb47,f5df5230-0146-4af3-872c-75e30889fbb4,iql-h1-gait-tracking-medium,finished,IQL,h1-gait-tracking,medium,2,2026-09-19T08:23:54Z,17.425555555555555,NVIDIA H100 80GB HBM3
IQL-H1JoystickGaitTracking-5b36b80b,8d760c09-7147-4094-8328-ab68669d68ee,iql-h1-gait-tracking-medium-expert,finished,IQL,h1-gait-tracking,medium-expert,0,2026-08-04T00:22:57Z,3.928611111111111,NVIDIA GeForce RTX 3090
IQL-H1JoystickGaitTracking-946a3820,587d5f3e-5998-4957-887e-82b4dd1d4104,iql-h1-gait-tracking-medium-expert,finished,IQL,h1-gait-tracking,medium-expert,1,2026-09-19T08:55:28Z,16.94527777777778,NVIDIA H100 80GB HBM3
IQL-H1JoystickGaitTracking-0f5af558,79cba91e-099c-44e3-8903-86f61aa9ea6f,iql-h1-gait-tracking-medium-expert,finished,IQL,h1-gait-tracking,medium-expert,2,2026-09-19T09:04:12Z,16.68166666666667,NVIDIA H100 80GB HBM3
IQL-H1JoystickGaitTracking-c002d04a,10e89160-319c-480b-a0e3-7fe6f74c5473,iql-h1-gait-tracking-medium-replay,finished,IQL,h1-gait-tracking,medium-replay,0,2026-08-04T04:18:56Z,2.6661111111111113,NVIDIA GeForce RTX 3090
IQL-H1JoystickGaitTracking-ff007dd9,fdb5e444-ec1b-426b-bffd-774f78643b61,iql-h1-gait-tracking-medium-replay,finished,IQL,h1-gait-tracking,medium-replay,1,2026-09-19T10:00:05Z,8.4825,NVIDIA H100 80GB HBM3
IQL-H1JoystickGaitTracking-1cc8ac37,29ad9dc7-77cc-4d75-8229-d1167a8c15ee,iql-h1-gait-tracking-medium-replay,finished,IQL,h1-gait-tracking,medium-replay,2,2026-09-19T09:17:34Z,11.773055555555555,NVIDIA H100 80GB HBM3
TD3-BC-G1JoystickFlatTerrain-4fc9f7d3,8eb5b1b7-7e3f-4287-8a1d-8fed17b89948,td3_bc-g1-joystick-direction-expert,finished,TD3-BC,g1-joystick-direction,expert,0,2026-07-29T01:49:33Z,3.3255555555555554,NVIDIA GeForce RTX 3090
TD3-BC-G1JoystickFlatTerrain-36b3d7fc,7a0604ee-9fa4-40bd-877f-68a177c41443,td3_bc-g1-joystick-direction-expert,finished,TD3-BC,g1-joystick-direction,expert,1,2026-09-15T23:42:15Z,19.42888888888889,NVIDIA H100 80GB HBM3
TD3-BC-G1JoystickFlatTerrain-d982405c,717a0ca2-0e38-4d17-805f-45ceb0c26771,td3_bc-g1-joystick-direction-expert,finished,TD3-BC,g1-joystick-direction,expert,2,2026-09-15T23:51:13Z,19.379166666666666,NVIDIA H100 80GB HBM3
TD3-BC-G1JoystickFlatTerrain-a2b56963,3bd968f4-1079-4698-a126-ef6b8f7179a5,td3_bc-g1-joystick-direction-medium,finished,TD3-BC,g1-joystick-direction,medium,0,2026-07-29T05:09:18Z,0.9402777777777778,NVIDIA GeForce RTX 3090
TD3-BC-G1JoystickFlatTerrain-714be5c1,366be479-7695-4977-bcb0-c51fb33ded3a,td3_bc-g1-joystick-direction-medium,finished,TD3-BC,g1-joystick-direction,medium,1,2026-09-15T23:52:49Z,6.539166666666667,NVIDIA H100 80GB HBM3
TD3-BC-G1JoystickFlatTerrain-10fd4b8e,cdbf2f8f-8ec1-4907-8858-b962ec83a40d,td3_bc-g1-joystick-direction-medium,finished,TD3-BC,g1-joystick-direction,medium,2,2026-09-15T23:53:47Z,6.733055555555556,NVIDIA H100 80GB HBM3
TD3-BC-G1JoystickFlatTerrain-eba156a5,d394f147-6ae8-4691-bae8-1d90595a5c8d,td3_bc-g1-joystick-direction-medium-expert,finished,TD3-BC,g1-joystick-direction,medium-expert,0,2026-07-29T06:05:55Z,1.371388888888889,NVIDIA GeForce RTX 3090
TD3-BC-G1JoystickFlatTerrain-bbba7353,e57c78d8-bbea-4830-a779-a6493408a308,td3_bc-g1-joystick-direction-medium-expert,finished,TD3-BC,g1-joystick-direction,medium-expert,1,2026-09-16T00:20:01Z,8.8,NVIDIA H100 80GB HBM3
TD3-BC-G1JoystickFlatTerrain-2825ac37,26c27333-4695-41af-bf5d-98965331af0a,td3_bc-g1-joystick-direction-medium-expert,finished,TD3-BC,g1-joystick-direction,medium-expert,2,2026-09-15T23:54:15Z,6.273055555555556,NVIDIA H100 80GB HBM3
TD3-BC-G1JoystickFlatTerrain-6df9e4c9,010a85e6-d8bd-48c2-adf3-ee5b88276953,td3_bc-g1-joystick-direction-medium-replay,finished,TD3-BC,g1-joystick-direction,medium-replay,0,2026-07-29T07:28:23Z,0.7380555555555556,NVIDIA GeForce RTX 3090
TD3-BC-G1JoystickFlatTerrain-594e6f62,9ad7fe39-e8f3-42aa-a99a-810d1a5a3bc0,td3_bc-g1-joystick-direction-medium-replay,finished,TD3-BC,g1-joystick-direction,medium-replay,1,2026-09-16T00:21:57Z,3.5,NVIDIA H100 80GB HBM3
TD3-BC-G1JoystickFlatTerrain-db961232,c533b328-29ba-4489-95a3-dfe4c227ab63,td3_bc-g1-joystick-direction-medium-replay,finished,TD3-BC,g1-joystick-direction,medium-replay,2,2026-09-16T00:37:53Z,3.7708333333333335,NVIDIA H100 80GB HBM3
TD3-BC-Go2JoystickFlatTerrain-5f3d7031,562db946-5340-49a9-bda3-07a5721184e9,td3_bc-go2-flat-forward-expert,finished,TD3-BC,go2-flat-forward,expert,0,2026-07-28T06:49:51Z,3.2263888888888888,NVIDIA GeForce RTX 3090
TD3-BC-Go2JoystickFlatTerrain-93ecbba3,4a591a10-a46f-4414-aa81-b25872467571,td3_bc-go2-flat-forward-expert,finished,TD3-BC,go2-flat-forward,expert,1,2026-09-15T09:50:48Z,14.72861111111111,NVIDIA H100 80GB HBM3
TD3-BC-Go2JoystickFlatTerrain-3b3b3bcf,50b2f1dc-7e7e-46a7-80d5-576855e66d1f,td3_bc-go2-flat-forward-expert,finished,TD3-BC,go2-flat-forward,expert,2,2026-09-15T10:19:19Z,13.5775,NVIDIA H100 80GB HBM3
TD3-BC-Go2JoystickFlatTerrain-49d17c30,d6c9279d-7e3d-432d-9a6d-31ef4adc0e62,td3_bc-go2-flat-forward-medium,finished,TD3-BC,go2-flat-forward,medium,0,2026-07-28T10:03:38Z,3.2936111111111113,NVIDIA GeForce RTX 3090
TD3-BC-Go2JoystickFlatTerrain-e87f3b2d,98bd5658-f033-412d-9b41-1d26be427d05,td3_bc-go2-flat-forward-medium,finished,TD3-BC,go2-flat-forward,medium,1,2026-09-15T10:29:58Z,14.436944444444444,NVIDIA H100 80GB HBM3
TD3-BC-Go2JoystickFlatTerrain-86a06085,ea8c4343-c99a-4c42-beff-e92b87bfd498,td3_bc-go2-flat-forward-medium,finished,TD3-BC,go2-flat-forward,medium,2,2026-09-15T10:46:37Z,14.634722222222223,NVIDIA H100 80GB HBM3
TD3-BC-Go2JoystickFlatTerrain-b3a5eb1d,68735da0-c21f-409d-a1da-36963483cccc,td3_bc-go2-flat-forward-medium-expert,finished,TD3-BC,go2-flat-forward,medium-expert,0,2026-07-28T13:21:28Z,3.213611111111111,NVIDIA GeForce RTX 3090
TD3-BC-Go2JoystickFlatTerrain-ee07ae31,e5fed819-fb7f-4cb2-b6cf-a16988816ee1,td3_bc-go2-flat-forward-medium-expert,finished,TD3-BC,go2-flat-forward,medium-expert,1,2026-09-15T10:54:50Z,14.457222222222223,NVIDIA H100 80GB HBM3
TD3-BC-Go2JoystickFlatTerrain-0a82b536,614e0285-b092-4130-99ef-5e659e76f937,td3_bc-go2-flat-forward-medium-expert,finished,TD3-BC,go2-flat-forward,medium-expert,2,2026-09-15T11:14:08Z,14.493333333333334,NVIDIA H100 80GB HBM3
TD3-BC-Go2JoystickFlatTerrain-19bdb52d,306f5af7-0446-4e12-9323-8820ee2c54ff,td3_bc-go2-flat-forward-medium-replay,finished,TD3-BC,go2-flat-forward,medium-replay,0,2026-07-28T16:34:28Z,3.2325,NVIDIA GeForce RTX 3090
TD3-BC-Go2JoystickFlatTerrain-034369cb,05853db7-e534-4c5a-b09e-b4d0945f4f72,td3_bc-go2-flat-forward-medium-replay,finished,TD3-BC,go2-flat-forward,medium-replay,1,2026-09-15T12:39:07Z,14.711944444444445,NVIDIA H100 80GB HBM3
TD3-BC-Go2JoystickFlatTerrain-d60fa6d5,e30cfce5-9cfb-4025-aae5-a7ba36efc889,td3_bc-go2-flat-forward-medium-replay,finished,TD3-BC,go2-flat-forward,medium-replay,2,2026-09-15T13:09:41Z,15.193888888888889,NVIDIA H100 80GB HBM3
TD3-BC-Go2Footstand-e7e59f31,140db3bb-ad87-465e-9887-e898b2939bed,td3_bc-go2-footstand-expert,finished,TD3-BC,go2-footstand,expert,0,2026-07-27T17:57:14Z,0.7755555555555556,NVIDIA GeForce RTX 3090
TD3-BC-Go2Footstand-4ae21454,1950258a-5ca2-4b7b-ac4e-3a427b866c88,td3_bc-go2-footstand-expert,finished,TD3-BC,go2-footstand,expert,1,2026-09-14T22:39:40Z,3.653888888888889,NVIDIA H100 80GB HBM3
TD3-BC-Go2Footstand-ac4189d8,37bb7dc4-1a0e-4774-adf6-d2d75e5b98b5,td3_bc-go2-footstand-expert,finished,TD3-BC,go2-footstand,expert,2,2026-09-15T01:25:53Z,3.658333333333333,NVIDIA H100 80GB HBM3
TD3-BC-Go2Footstand-1b67a518,b46065d6-6297-4f67-a87f-30d995baa1f5,td3_bc-go2-footstand-medium,finished,TD3-BC,go2-footstand,medium,0,2026-07-27T18:43:57Z,0.4041666666666667,NVIDIA GeForce RTX 3090
TD3-BC-Go2Footstand-530e4ed4,1e323f0c-2d7f-4625-be4d-69417bc77872,td3_bc-go2-footstand-medium,finished,TD3-BC,go2-footstand,medium,1,2026-09-15T01:17:07Z,1.7233333333333334,NVIDIA H100 80GB HBM3
TD3-BC-Go2Footstand-6987be63,c8a37f40-79d4-4157-a308-305a8c697945,td3_bc-go2-footstand-medium,finished,TD3-BC,go2-footstand,medium,2,2026-09-15T01:32:04Z,1.7566666666666666,NVIDIA H100 80GB HBM3
TD3-BC-Go2Footstand-4392fb80,8b9edfb3-3a4a-4c2f-8128-0daf8341577e,td3_bc-go2-footstand-medium-expert,finished,TD3-BC,go2-footstand,medium-expert,0,2026-07-27T19:08:24Z,0.7786111111111111,NVIDIA GeForce RTX 3090
TD3-BC-Go2Footstand-1b9daf2f,25769f52-c3c1-44ba-aaab-d36860c3c93d,td3_bc-go2-footstand-medium-expert,finished,TD3-BC,go2-footstand,medium-expert,1,2026-09-15T01:26:04Z,3.504722222222222,NVIDIA H100 80GB HBM3
TD3-BC-Go2Footstand-e36f2818,44898c55-bf34-4410-8a67-7743db0bfe30,td3_bc-go2-footstand-medium-expert,finished,TD3-BC,go2-footstand,medium-expert,2,2026-09-15T01:37:24Z,2.6605555555555553,NVIDIA H100 80GB HBM3
TD3-BC-Go2Footstand-e1f10f2d,0165d0b8-e058-4931-9902-a634ef9f5ce9,td3_bc-go2-footstand-medium-replay,finished,TD3-BC,go2-footstand,medium-replay,0,2026-07-27T19:55:19Z,0.2916666666666667,NVIDIA GeForce RTX 3090
TD3-BC-Go2Footstand-1177abd0,45bcf804-7248-40e7-b68b-9e60ad659583,td3_bc-go2-footstand-medium-replay,finished,TD3-BC,go2-footstand,medium-replay,1,2026-09-15T01:26:09Z,1.5375,NVIDIA H100 80GB HBM3
TD3-BC-Go2Footstand-0da9332a,d8a6984f-0a1f-4d03-b0b6-1fded4e9d5cb,td3_bc-go2-footstand-medium-replay,finished,TD3-BC,go2-footstand,medium-replay,2,2026-09-12T16:08:54Z,1.5297222222222222,NVIDIA H100 80GB HBM3
TD3-BC-Go2Getup-1d1ff327,e1adc880-b067-436e-9215-e962a89adf84,td3_bc-go2-getup-expert,finished,TD3-BC,go2-getup,expert,0,2026-07-22T18:00:47Z,2.318611111111111,NVIDIA L40S
TD3-BC-Go2Getup-43cf713b,5462ac00-4c6d-4b04-99d5-fbfde38cd4c4,td3_bc-go2-getup-expert,finished,TD3-BC,go2-getup,expert,1,2026-09-14T14:38:35Z,2.6705555555555556,NVIDIA H100 80GB HBM3
TD3-BC-Go2Getup-0bb9fe95,d5a1de81-e340-46de-92b9-39aea7c21ef8,td3_bc-go2-getup-expert,finished,TD3-BC,go2-getup,expert,2,2026-09-14T14:44:51Z,2.6525,NVIDIA H100 80GB HBM3
TD3-BC-Go2Getup-e0068e31,a66578d3-a02e-4273-b0e6-50904dbc55fb,td3_bc-go2-getup-medium,finished,TD3-BC,go2-getup,medium,0,2026-07-22T20:20:15Z,2.363611111111111,NVIDIA L40S
TD3-BC-Go2Getup-82db12c0,6ba12782-9cee-4496-8411-49796689a5d5,td3_bc-go2-getup-medium,finished,TD3-BC,go2-getup,medium,1,2026-09-14T14:38:35Z,2.673888888888889,NVIDIA H100 80GB HBM3
TD3-BC-Go2Getup-e62aa402,add54a64-585d-4f60-8cf7-41e69141c878,td3_bc-go2-getup-medium,finished,TD3-BC,go2-getup,medium,2,2026-09-14T14:44:51Z,2.648888888888889,NVIDIA H100 80GB HBM3
TD3-BC-Go2Getup-a992e2f0,90b270e4-10f7-49bc-861a-faa0526364b6,td3_bc-go2-getup-medium-expert,finished,TD3-BC,go2-getup,medium-expert,0,2026-07-22T22:43:08Z,2.3216666666666668,NVIDIA L40S
TD3-BC-Go2Getup-e3c0c22a,e9777ef7-8989-4f68-acbc-8a3e1eb77343,td3_bc-go2-getup-medium-expert,finished,TD3-BC,go2-getup,medium-expert,1,2026-09-11T12:38:02Z,2.8069444444444445,NVIDIA H100 80GB HBM3
TD3-BC-Go2Getup-389786b0,ed953e81-bd70-4df4-bf9b-48b4bd941f77,td3_bc-go2-getup-medium-expert,finished,TD3-BC,go2-getup,medium-expert,2,2026-09-14T14:44:51Z,2.671666666666667,NVIDIA H100 80GB HBM3
TD3-BC-Go2Getup-ccdea30e,c41a459e-5ea6-45e9-bbd1-b6ecd06e8046,td3_bc-go2-getup-medium-replay,finished,TD3-BC,go2-getup,medium-replay,0,2026-07-23T01:03:54Z,2.3266666666666667,NVIDIA L40S
TD3-BC-Go2Getup-9f887b46,2463310e-41ae-41e6-bdd2-c3696afebdc0,td3_bc-go2-getup-medium-replay,finished,TD3-BC,go2-getup,medium-replay,1,2026-09-14T14:38:35Z,2.6616666666666666,NVIDIA H100 80GB HBM3
TD3-BC-Go2Getup-56364a13,468073be-1367-4957-819e-d6f867271988,td3_bc-go2-getup-medium-replay,finished,TD3-BC,go2-getup,medium-replay,2,2026-09-14T14:44:51Z,2.674722222222222,NVIDIA H100 80GB HBM3
TD3-BC-Go2GetupWalk-b55d30bd,7da26495-f2cb-4453-a1ad-0c397d5e5c66,td3_bc-go2-getup-walk-expert,finished,TD3-BC,go2-getup-walk,expert,0,2026-07-27T10:33:08Z,1.6116666666666666,NVIDIA GeForce RTX 3090
TD3-BC-Go2GetupWalk-3f1c22de,5a3d7cd0-7bc0-4131-968e-e0965acc8e14,td3_bc-go2-getup-walk-expert,finished,TD3-BC,go2-getup-walk,expert,1,2026-09-14T14:38:35Z,8.014166666666666,NVIDIA H100 80GB HBM3
TD3-BC-Go2GetupWalk-bdbf7063,3c1ffdc7-1429-4361-b424-11e27cc21254,td3_bc-go2-getup-walk-expert,finished,TD3-BC,go2-getup-walk,expert,2,2026-09-14T17:24:01Z,8.243611111111111,NVIDIA H100 80GB HBM3
TD3-BC-Go2GetupWalk-a07cad99,a422f688-d35a-47e1-88aa-87df769f8cc0,td3_bc-go2-getup-walk-medium,finished,TD3-BC,go2-getup-walk,medium,0,2026-07-27T12:10:35Z,1.6147222222222222,NVIDIA GeForce RTX 3090
TD3-BC-Go2GetupWalk-0b334e13,7d6b965e-f982-430e-817d-be43dbeb1165,td3_bc-go2-getup-walk-medium,finished,TD3-BC,go2-getup-walk,medium,1,2026-09-14T17:18:31Z,7.973055555555556,NVIDIA H100 80GB HBM3
TD3-BC-Go2GetupWalk-af711692,a7117286-6956-4492-a8a6-9baa0b6de9b8,td3_bc-go2-getup-walk-medium,finished,TD3-BC,go2-getup-walk,medium,2,2026-09-14T17:24:14Z,8.02361111111111,NVIDIA H100 80GB HBM3
TD3-BC-Go2GetupWalk-ac884622,94f34757-f21c-4d20-a853-3dbb22eab722,td3_bc-go2-getup-walk-medium-expert,finished,TD3-BC,go2-getup-walk,medium-expert,0,2026-07-27T14:46:50Z,1.5866666666666667,NVIDIA GeForce RTX 3090
TD3-BC-Go2GetupWalk-32c2349b,3ac198b7-3a94-437a-b412-5fb86278b6a1,td3_bc-go2-getup-walk-medium-expert,finished,TD3-BC,go2-getup-walk,medium-expert,1,2026-09-14T17:19:03Z,8.113055555555556,NVIDIA H100 80GB HBM3
TD3-BC-Go2GetupWalk-2470506d,d1b40a32-4bdf-45fe-8d9a-7578ed9d3b38,td3_bc-go2-getup-walk-medium-expert,finished,TD3-BC,go2-getup-walk,medium-expert,2,2026-09-14T17:25:24Z,8.107222222222223,NVIDIA H100 80GB HBM3
TD3-BC-Go2GetupWalk-ed92249b,8029bd71-28ac-4b5d-b67e-61d3e6d0c878,td3_bc-go2-getup-walk-medium-replay,finished,TD3-BC,go2-getup-walk,medium-replay,0,2026-07-27T16:22:14Z,1.58,NVIDIA GeForce RTX 3090
TD3-BC-Go2GetupWalk-1f68af1c,103e303e-4e56-4fcc-a807-fa4ce8e29f51,td3_bc-go2-getup-walk-medium-replay,finished,TD3-BC,go2-getup-walk,medium-replay,1,2026-09-14T17:19:15Z,8.111666666666666,NVIDIA H100 80GB HBM3
TD3-BC-Go2GetupWalk-29e4c5c9,bf0d7c1d-00c0-4b40-84a3-f59890e00afd,td3_bc-go2-getup-walk-medium-replay,finished,TD3-BC,go2-getup-walk,medium-replay,2,2026-09-14T17:25:34Z,8.193055555555556,NVIDIA H100 80GB HBM3
TD3-BC-Go2Handstand-fc4a6b3e,7e824ac1-2095-4c73-8a0f-1e16d9220907,td3_bc-go2-handstand-expert,finished,TD3-BC,go2-handstand,expert,0,2026-07-27T20:12:59Z,0.35194444444444445,NVIDIA GeForce RTX 3090
TD3-BC-Go2Handstand-63e7c888,4f5d747f-cf82-482b-9de6-8826ca19eb1e,td3_bc-go2-handstand-expert,finished,TD3-BC,go2-handstand,expert,1,2026-09-15T02:19:08Z,1.5666666666666667,NVIDIA H100 80GB HBM3
TD3-BC-Go2Handstand-bd077214,8bf2a5d8-ed28-40b6-b986-508c482cc70b,td3_bc-go2-handstand-expert,finished,TD3-BC,go2-handstand,expert,2,2026-09-15T01:38:52Z,3.506666666666667,NVIDIA H100 80GB HBM3
TD3-BC-Go2Handstand-9f7541fa,40873644-a493-493a-b55e-7dd68a7e086b,td3_bc-go2-handstand-medium,finished,TD3-BC,go2-handstand,medium,0,2026-07-27T20:34:17Z,0.45694444444444443,NVIDIA GeForce RTX 3090
TD3-BC-Go2Handstand-5ea3d7ec,53fabcd5-4704-4985-86bb-c19614725f99,td3_bc-go2-handstand-medium,finished,TD3-BC,go2-handstand,medium,1,2026-09-15T02:58:39Z,2.1275,NVIDIA H100 80GB HBM3
TD3-BC-Go2Handstand-0ea2e203,0f392209-6d8a-46cc-96b5-8faf35f2c865,td3_bc-go2-handstand-medium,finished,TD3-BC,go2-handstand,medium,2,2026-09-15T03:17:42Z,2.243333333333333,NVIDIA H100 80GB HBM3
TD3-BC-Go2Handstand-1d9d15a6,a3b74a4a-2b81-48c0-a899-23bec1315744,td3_bc-go2-handstand-medium-expert,finished,TD3-BC,go2-handstand,medium-expert,0,2026-07-27T21:01:54Z,0.4752777777777778,NVIDIA GeForce RTX 3090
TD3-BC-Go2Handstand-f6c5790d,0950bf9f-ffad-47be-a2db-9cf1f9ad62ab,td3_bc-go2-handstand-medium-expert,finished,TD3-BC,go2-handstand,medium-expert,1,2026-09-15T03:00:45Z,2.2716666666666665,NVIDIA H100 80GB HBM3
TD3-BC-Go2Handstand-2cca282d,fc7ef21e-1802-4b87-bf9a-c057b6662bd5,td3_bc-go2-handstand-medium-expert,finished,TD3-BC,go2-handstand,medium-expert,2,2026-09-15T04:10:18Z,2.495833333333333,NVIDIA H100 80GB HBM3
TD3-BC-Go2Handstand-bcf0dd1a,a5b48e88-d0ae-4c78-95c0-53be2b04c6bf,td3_bc-go2-handstand-medium-replay,finished,TD3-BC,go2-handstand,medium-replay,0,2026-07-27T21:30:36Z,0.23305555555555554,NVIDIA GeForce RTX 3090
TD3-BC-Go2Handstand-6a8de901,5f53b6bd-b22d-4752-96c5-3ff4bb690587,td3_bc-go2-handstand-medium-replay,finished,TD3-BC,go2-handstand,medium-replay,1,2026-09-15T03:53:23Z,1.5444444444444445,NVIDIA H100 80GB HBM3
TD3-BC-Go2Handstand-6c83ffdd,64bd20c3-a66e-4848-a962-959c56c7235e,td3_bc-go2-handstand-medium-replay,finished,TD3-BC,go2-handstand,medium-replay,2,2026-09-15T04:17:16Z,1.095,NVIDIA H100 80GB HBM3
TD3-BC-Go2JoystickFlatTerrain-005175dc,05b7a9a4-8bee-4816-acba-553abdbff8bf,td3_bc-go2-joystick-direction-expert,finished,TD3-BC,go2-joystick-direction,expert,0,2026-07-28T01:37:05Z,1.371388888888889,NVIDIA GeForce RTX 3090
TD3-BC-Go2JoystickFlatTerrain-57ce21e1,4dd224ac-8e35-4948-a027-2703d1bca3ce,td3_bc-go2-joystick-direction-expert,finished,TD3-BC,go2-joystick-direction,expert,1,2026-09-15T05:26:17Z,8.2325,NVIDIA H100 80GB HBM3
TD3-BC-Go2JoystickFlatTerrain-79a3913a,08b73543-5437-4105-bd01-713a94e372c3,td3_bc-go2-joystick-direction-expert,finished,TD3-BC,go2-joystick-direction,expert,2,2026-09-15T05:36:58Z,8.24388888888889,NVIDIA H100 80GB HBM3
TD3-BC-Go2JoystickFlatTerrain-97cf9be8,299e469d-23c9-4565-8f0c-78b0afde8936,td3_bc-go2-joystick-direction-medium,finished,TD3-BC,go2-joystick-direction,medium,0,2026-07-28T02:59:33Z,1.3144444444444445,NVIDIA GeForce RTX 3090
TD3-BC-Go2JoystickFlatTerrain-13e7dff6,e913a4d6-c762-48ae-86bb-e53e6f28e2aa,td3_bc-go2-joystick-direction-medium,finished,TD3-BC,go2-joystick-direction,medium,1,2026-09-15T06:50:00Z,8.052777777777777,NVIDIA H100 80GB HBM3
TD3-BC-Go2JoystickFlatTerrain-9fb3a12c,8d03d94f-64db-437c-a355-41007f8e210b,td3_bc-go2-joystick-direction-medium,finished,TD3-BC,go2-joystick-direction,medium,2,2026-09-15T06:40:18Z,8.090277777777779,NVIDIA H100 80GB HBM3
TD3-BC-Go2JoystickFlatTerrain-d87bec62,4b516c7c-dfb4-4857-abae-1ceeb3383f07,td3_bc-go2-joystick-direction-medium-expert,finished,TD3-BC,go2-joystick-direction,medium-expert,0,2026-07-28T04:18:37Z,1.1833333333333333,NVIDIA GeForce RTX 3090
TD3-BC-Go2JoystickFlatTerrain-f33a4081,79afe717-344c-46db-b0f2-8d3b5322cd2c,td3_bc-go2-joystick-direction-medium-expert,finished,TD3-BC,go2-joystick-direction,medium-expert,1,2026-09-15T07:24:43Z,6.053333333333334,NVIDIA H100 80GB HBM3
TD3-BC-Go2JoystickFlatTerrain-0b781bf1,b75563d0-f324-4ccc-bcf4-0e533a7dca5b,td3_bc-go2-joystick-direction-medium-expert,finished,TD3-BC,go2-joystick-direction,medium-expert,2,2026-09-15T07:51:42Z,6.6594444444444445,NVIDIA H100 80GB HBM3
TD3-BC-Go2JoystickFlatTerrain-6a3e7abe,56b7481f-e547-4a01-a127-9dcafcd7086f,td3_bc-go2-joystick-direction-medium-replay,finished,TD3-BC,go2-joystick-direction,medium-replay,0,2026-07-28T05:29:49Z,1.3305555555555555,NVIDIA GeForce RTX 3090
TD3-BC-Go2JoystickFlatTerrain-b92a9272,0e6c83b0-da75-4fbe-87a2-272066404b88,td3_bc-go2-joystick-direction-medium-replay,finished,TD3-BC,go2-joystick-direction,medium-replay,1,2026-09-15T07:49:23Z,7.715,NVIDIA H100 80GB HBM3
TD3-BC-Go2JoystickFlatTerrain-434f5cb0,d75aebaa-cf14-44e9-8048-a69c0df5f2bb,td3_bc-go2-joystick-direction-medium-replay,finished,TD3-BC,go2-joystick-direction,medium-replay,2,2026-09-15T07:51:51Z,7.7811111111111115,NVIDIA H100 80GB HBM3
TD3-BC-Go2PushRecovery-5d33529d,67cc42e4-e459-4018-82ef-3d5304097fa3,td3_bc-go2-push-recovery-expert,finished,TD3-BC,go2-push-recovery,expert,0,2026-07-27T21:44:53Z,1.301388888888889,NVIDIA GeForce RTX 3090
TD3-BC-Go2PushRecovery-8ffd55f9,a2d01842-0e92-4065-9e4c-86eef0ec5da6,td3_bc-go2-push-recovery-expert,finished,TD3-BC,go2-push-recovery,expert,1,2026-09-15T04:39:13Z,7.994166666666667,NVIDIA H100 80GB HBM3
TD3-BC-Go2PushRecovery-a91d08bf,27ada127-3df5-4691-980f-fb82d4cb4f23,td3_bc-go2-push-recovery-expert,finished,TD3-BC,go2-push-recovery,expert,2,2026-09-15T05:05:37Z,8.063333333333333,NVIDIA H100 80GB HBM3
TD3-BC-Go2PushRecovery-70e0f4e8,1114135c-eaae-4622-bbfb-de4b067baea7,td3_bc-go2-push-recovery-medium,finished,TD3-BC,go2-push-recovery,medium,0,2026-07-27T23:03:09Z,0.9227777777777778,NVIDIA GeForce RTX 3090
TD3-BC-Go2PushRecovery-88ae02e3,07975246-4345-4fea-84b3-e102a78592e0,td3_bc-go2-push-recovery-medium,finished,TD3-BC,go2-push-recovery,medium,1,2026-09-15T04:56:35Z,5.552222222222222,NVIDIA H100 80GB HBM3
TD3-BC-Go2PushRecovery-8c7d1c2e,25fa0955-9b83-421c-a1d9-5775223725e2,td3_bc-go2-push-recovery-medium,finished,TD3-BC,go2-push-recovery,medium,2,2026-09-15T05:09:31Z,5.614166666666667,NVIDIA H100 80GB HBM3
TD3-BC-Go2PushRecovery-9bff9ba1,316d28d9-ba90-4b44-bcf9-1ba7cf4a5375,td3_bc-go2-push-recovery-medium-expert,finished,TD3-BC,go2-push-recovery,medium-expert,0,2026-07-27T23:58:44Z,0.9927777777777778,NVIDIA GeForce RTX 3090
TD3-BC-Go2PushRecovery-941a6926,424b20a6-7bba-472a-b27a-4d1c5b409479,td3_bc-go2-push-recovery-medium-expert,finished,TD3-BC,go2-push-recovery,medium-expert,1,2026-09-15T05:06:32Z,5.800833333333333,NVIDIA H100 80GB HBM3
TD3-BC-Go2PushRecovery-455d98e2,7891dbbb-86cc-45c6-9893-00febf300832,td3_bc-go2-push-recovery-medium-expert,finished,TD3-BC,go2-push-recovery,medium-expert,2,2026-09-15T05:23:12Z,5.844444444444444,NVIDIA H100 80GB HBM3
TD3-BC-Go2PushRecovery-7f3b0c93,1116720e-0e4a-48d5-98f8-30b5f77bdf07,td3_bc-go2-push-recovery-medium-replay,finished,TD3-BC,go2-push-recovery,medium-replay,0,2026-07-28T00:58:30Z,0.6397222222222222,NVIDIA GeForce RTX 3090
TD3-BC-Go2PushRecovery-922d64d0,3265c206-a5e5-4e41-918d-bc1df507bcec,td3_bc-go2-push-recovery-medium-replay,finished,TD3-BC,go2-push-recovery,medium-replay,1,2026-09-15T05:17:17Z,4.554444444444444,NVIDIA H100 80GB HBM3
TD3-BC-Go2PushRecovery-8a6035ab,a005bfbd-2a8d-4f8e-b463-e52a98ee7195,td3_bc-go2-push-recovery-medium-replay,finished,TD3-BC,go2-push-recovery,medium-replay,2,2026-09-15T05:32:32Z,4.775277777777778,NVIDIA H100 80GB HBM3
TD3-BC-Go2RoughCurriculum-bd8c34e5,9c92dd3b-ecd7-477f-b92d-6a477530160c,td3_bc-go2-rough-terrain-expert,finished,TD3-BC,go2-rough-terrain,expert,0,2026-07-28T19:48:46Z,1.5733333333333333,NVIDIA GeForce RTX 3090
TD3-BC-Go2RoughCurriculum-dd85804d,88f4d26a-b8db-4d8a-b980-efe238592e97,td3_bc-go2-rough-terrain-expert,finished,TD3-BC,go2-rough-terrain,expert,1,2026-09-15T13:28:10Z,10.230277777777777,NVIDIA H100 80GB HBM3
TD3-BC-Go2RoughCurriculum-7a29d6a4,abeb943e-6ceb-499a-9bc5-25b97c2672a0,td3_bc-go2-rough-terrain-expert,finished,TD3-BC,go2-rough-terrain,expert,2,2026-09-15T13:51:51Z,10.028055555555556,NVIDIA H100 80GB HBM3
TD3-BC-Go2RoughCurriculum-a1bc7972,9c494045-ba91-47eb-b69e-6868ade8268e,td3_bc-go2-rough-terrain-medium,finished,TD3-BC,go2-rough-terrain,medium,0,2026-07-28T21:24:35Z,1.6083333333333334,NVIDIA GeForce RTX 3090
TD3-BC-Go2RoughCurriculum-6cf3cb80,91fee7ac-2e06-4a98-a202-2f0f71338a1f,td3_bc-go2-rough-terrain-medium,finished,TD3-BC,go2-rough-terrain,medium,1,2026-09-15T13:40:29Z,10.654166666666667,NVIDIA H100 80GB HBM3
TD3-BC-Go2RoughCurriculum-67948cd1,1bf01fc1-0fae-4ad1-b1fe-5c1a08774f71,td3_bc-go2-rough-terrain-medium,finished,TD3-BC,go2-rough-terrain,medium,2,2026-09-15T14:31:32Z,10.332222222222223,NVIDIA H100 80GB HBM3
TD3-BC-Go2RoughCurriculum-db22f4cf,754e5354-0819-4dd1-ae17-2ba7ed0d9523,td3_bc-go2-rough-terrain-medium-expert,finished,TD3-BC,go2-rough-terrain,medium-expert,0,2026-07-28T23:01:22Z,1.2977777777777777,NVIDIA GeForce RTX 3090
TD3-BC-Go2RoughCurriculum-daedf78b,f377ed65-cb86-4e4c-b663-86c54003d043,td3_bc-go2-rough-terrain-medium-expert,finished,TD3-BC,go2-rough-terrain,medium-expert,1,2026-09-15T14:53:25Z,8.984444444444444,NVIDIA H100 80GB HBM3
TD3-BC-Go2RoughCurriculum-c2141932,fe7cf825-3f3c-45b3-af52-1b2b80a2644a,td3_bc-go2-rough-terrain-medium-expert,finished,TD3-BC,go2-rough-terrain,medium-expert,2,2026-09-15T14:45:58Z,9.0825,NVIDIA H100 80GB HBM3
TD3-BC-Go2RoughCurriculum-2f198241,19f1919f-8300-4934-8874-d9ecee6bc2e1,td3_bc-go2-rough-terrain-medium-replay,finished,TD3-BC,go2-rough-terrain,medium-replay,0,2026-07-29T00:19:25Z,1.498888888888889,NVIDIA GeForce RTX 3090
TD3-BC-Go2RoughCurriculum-aefc0896,15d29977-5348-4b19-9f48-da8bffb445c6,td3_bc-go2-rough-terrain-medium-replay,finished,TD3-BC,go2-rough-terrain,medium-replay,1,2026-09-15T15:32:32Z,8.819166666666666,NVIDIA H100 80GB HBM3
TD3-BC-Go2RoughCurriculum-341f0c17,a72e426d-4ea8-4816-9415-9eac741d934f,td3_bc-go2-rough-terrain-medium-replay,finished,TD3-BC,go2-rough-terrain,medium-replay,2,2026-09-15T15:38:58Z,8.977222222222222,NVIDIA H100 80GB HBM3
TD3-BC-H1JoystickGaitTracking-cf4477b7,81b68225-8a75-48ab-b218-8e50cd51230c,td3_bc-h1-gait-tracking-expert,finished,TD3-BC,h1-gait-tracking,expert,0,2026-08-04T06:59:12Z,1.5538888888888889,NVIDIA GeForce RTX 3090
TD3-BC-H1JoystickGaitTracking-d2f7cfae,7094bfa5-5bcc-4c56-98ad-ec20aa5caac4,td3_bc-h1-gait-tracking-expert,finished,TD3-BC,h1-gait-tracking,expert,1,2026-09-16T00:34:45Z,10.642222222222221,NVIDIA H100 80GB HBM3
TD3-BC-H1JoystickGaitTracking-8a8d86bb,ab29bec6-0216-4796-b92c-b7422ae92c11,td3_bc-h1-gait-tracking-expert,finished,TD3-BC,h1-gait-tracking,expert,2,2026-09-16T00:51:43Z,4.579722222222222,NVIDIA H100 80GB HBM3
TD3-BC-H1JoystickGaitTracking-28dfbe71,32d03901-65fd-43b6-8060-cd0c3b838c22,td3_bc-h1-gait-tracking-medium,finished,TD3-BC,h1-gait-tracking,medium,0,2026-08-04T08:32:38Z,2.910277777777778,NVIDIA GeForce RTX 3090
TD3-BC-H1JoystickGaitTracking-c335801f,0f49c047-cfda-4a81-a047-842063651720,td3_bc-h1-gait-tracking-medium,finished,TD3-BC,h1-gait-tracking,medium,1,2026-09-16T00:56:25Z,16.075,NVIDIA H100 80GB HBM3
TD3-BC-H1JoystickGaitTracking-d74a9487,04535d69-4cec-41b6-84c9-7d46d6e5eac7,td3_bc-h1-gait-tracking-medium,finished,TD3-BC,h1-gait-tracking,medium,2,2026-09-16T01:24:57Z,16.299444444444443,NVIDIA H100 80GB HBM3
TD3-BC-H1JoystickGaitTracking-df4d040e,1b8f4791-c042-4726-847b-1a43b0f1f0b3,td3_bc-h1-gait-tracking-medium-expert,finished,TD3-BC,h1-gait-tracking,medium-expert,0,2026-08-04T11:27:28Z,2.8044444444444445,NVIDIA GeForce RTX 3090
TD3-BC-H1JoystickGaitTracking-0e82c9e6,28cf7e75-c54a-4cf5-8df4-28d7fd527674,td3_bc-h1-gait-tracking-medium-expert,finished,TD3-BC,h1-gait-tracking,medium-expert,1,2026-09-16T01:22:31Z,15.552222222222222,NVIDIA H100 80GB HBM3
TD3-BC-H1JoystickGaitTracking-5154f89d,d554db39-14d0-4a71-b663-c6aa64562d87,td3_bc-h1-gait-tracking-medium-expert,finished,TD3-BC,h1-gait-tracking,medium-expert,2,2026-09-16T01:43:59Z,15.557777777777778,NVIDIA H100 80GB HBM3
TD3-BC-H1JoystickGaitTracking-e48c24c6,8a2483c0-d77e-4efb-ac9d-a9b5a3f478e0,td3_bc-h1-gait-tracking-medium-replay,finished,TD3-BC,h1-gait-tracking,medium-replay,0,2026-08-04T14:15:55Z,1.4641666666666666,NVIDIA GeForce RTX 3090
TD3-BC-H1JoystickGaitTracking-d9f9fea2,7e4d2be6-d8a0-446a-9218-527bece55c07,td3_bc-h1-gait-tracking-medium-replay,finished,TD3-BC,h1-gait-tracking,medium-replay,1,2026-09-16T03:22:06Z,7.833333333333333,NVIDIA H100 80GB HBM3
TD3-BC-H1JoystickGaitTracking-232b0294,9c631615-ecb2-4c99-8aff-2f51489e3b0a,td3_bc-h1-gait-tracking-medium-replay,finished,TD3-BC,h1-gait-tracking,medium-replay,2,2026-09-16T04:21:34Z,8.039722222222222,NVIDIA H100 80GB HBM3
